Workbook

Sheet Acoustic_parameters3_1
A1: Subject | B1: RR_TSK2 | C1: IPAmean_TSK2 | D1: MPT_TSK6 | E1: HNR_TSK3 | F1: HNR_TSK4 | G1: HNR_TSK5 | H1: HNR_TSK6 | I1: HRF_TSK3 | J1: HRF_TSK4 | K1: HRF_TSK5 | L1: HRF_TSK6 | M1: Jitter_TSK3 | N1: Jitter_TSK4 | O1: Jitter_TSK5 | P1: Jitter_TSK6 | Q1: Shimmer_TSK3 | R1: Shimmer_TSK4 | S1: Shimmer_TSK5 | T1: Shimmer_TSK6 | U1: PPQ_TSK3 | V1: PPQ_TSK4 | W1: PPQ_TSK5 | X1: PPQ_TSK6 | Y1: APQ_TSK3 | Z1: APQ_TSK4 | AA1: APQ_TSK5 | AB1: APQ_TSK6 | AC1: DF0_TSK3 | AD1: DF0_TSK4 | AE1: DF0_TSK5 | AF1: DF0_TSK6 | AG1: DDF0_TSK3 | AH1: DDF0_TSK4 | AI1: DDF0_TSK5 | AJ1: DDF0_TSK6 | AK1: DUV_TSK3 | AL1: DUV_TSK4 | AM1: DUV_TSK5 | AN1: DUV_TSK6 | AO1: RelF1SD_TSK1 | AP1: RelF1SD_TSK2 | AQ1: RelF1SD_TSK3 | AR1: RelF1SD_TSK4 | AS1: RelF1SD_TSK5 | AT1: RelF1SD_TSK6 | AU1: RelF2SD_TSK1 | AV1: RelF2SD_TSK2 | AW1: RelF2SD_TSK3 | AX1: RelF2SD_TSK4 | AY1: RelF2SD_TSK5 | AZ1: RelF2SD_TSK6 | BA1: VAI_TSK1 | BB1: VSHA_TSK1 | BC1: AAVS_TSK1 | BD1: VAI_TSK2 | BE1: VSHA_TSK2 | BF1: AAVS_TSK2 | BG1: PR_TSK7 | BH1: COV_TSK7 | BI1: PA_TSK7 | BJ1: RI_TSK7 | BK1: RA_TSK7 | BL1: RelF0SD_TSK1 | BM1: RelF0SD_TSK2 | BN1: RelSE0SD_TSK1 | BO1: RelSE0SD_TSK2 | BP1: DurMED_TSK1 | BQ1: DurMAD_TSK1 | BR1: SPIR_TSK1 | BS1: pause_n_TSK1 | BT1: pause_ratio_TSK1 | BU1: DurMED_TSK2 | BV1: DurMAD_TSK2 | BW1: SPIR_TSK2 | BX1: pause_n_TSK2 | BY1: pause_ratio_TSK2
A2: COBEN_CZCOBEN000 | B2: 25.073686 | C2: 0.57241379 | D2: 6.191 | E2: 20.707322 | F2: 26.453432 | G2: 15.707774 | H2: 17.783313 | I2: 0.11183252 | J2: 0.0025160773 | K2: 0.0048214806 | L2: 0.28617144 | M2: 0.56947139 | N2: 0.4985867 | O2: 0.80357554 | P2: 0.974236 | Q2: 2.9755428 | R2: 1.4656941 | S2: 5.4686503 | T2: 1.6988423 | U2: 0.0023426134 | V2: 0.0016967899 | W2: 0.0031494808 | X2: 0.0036659139 | Y2: 0.020466571 | Z2: 0.016685846 | AA2: 0.13685297 | AB2: 0.026908778 | AC2: -1.3652802 | AD2: 0.026550293 | AE2: -1.5717621 | AF2: -1.409317 | AG2: -1.7141266 | AH2: 1.7331696 | AI2: -3.7300873 | AJ2: -1.1151276 | AK2: 0 | AL2: 0 | AM2: 0 | AN2: 7.143 | AO2: 0.62327467 | AP2: 0.65569872 | AQ2: 0.49102094 | AR2: 0.017407059 | AS2: 0.16290869 | AT2: 0.39673081 | AU2: 0.28308772 | AV2: 0.31028616 | AW2: 0.37894718 | AX2: 0.10378411 | AY2: 0.41293575 | AZ2: 0.29728417 | BA2: 1.1152687 | BB2: 270745.6 | BC2: 45484.518 | BD2: 1.1224973 | BE2: 248250.18 | BF2: 47784.091 | BG2: =MEDIAN!BG3 -> 5.2301357 | BH2: =MEDIAN!BH3 -> 6.1937647 | BI2: =MEDIAN!BI3 -> 3.6700337 | BJ2: 0.037020316 | BK2: -0.0096 | BL2: 0.1534223 | BM2: 0.17929899 | BN2: 0.14311987 | BO2: 0.20133271 | BP2: 0.604 | BQ2: 0.152 | BR2: 2.2195319 | BS2: 30 | BT2: 23.719128 | BU2: 0.608 | BV2: 0.176 | BW2: 2.579698 | BX2: 33 | BY2: 22.401692
A3: COBEN_CZCOBEN002 | B3: 21.391963 | C3: 0.4555 | D3: 26.810063 | E3: 23.034499 | F3: 26.096321 | G3: 26.217874 | H3: 21.19677 | I3: 2.0165309 | J3: =MEDIAN!J3 -> 0.012911715 | K3: =MEDIAN!K3 -> 0.019033999 | L3: 1.4057066 | M3: 0.46469014 | N3: =MEDIAN!N3 -> 0.45980973 | O3: =MEDIAN!O3 -> 0.47728057 | P3: 0.60663404 | Q3: 2.1164417 | R3: =MEDIAN!R3 -> 2.1672251 | S3: =MEDIAN!S3 -> 3.0238903 | T3: 2.722125 | U3: 0.0016615001 | V3: =MEDIAN!V3 -> 0.0017585262 | W3: =MEDIAN!W3 -> 0.0017543883 | X3: 0.00244914 | Y3: 0.019930908 | Z3: =MEDIAN!Z3 -> 0.019569346 | AA3: =MEDIAN!AA3 -> 0.035706798 | AB3: 0.035974154 | AC3: -1.2923431 | AD3: =MEDIAN!AD3 -> 0.029075623 | AE3: =MEDIAN!AE3 -> -0.058403015 | AF3: -1.3835449 | AG3: -1.3348541 | AH3: =MEDIAN!AH3 -> -0.014801025 | AI3: =MEDIAN!AI3 -> -0.0080337524 | AJ3: 1.4519196 | AK3: 0 | AL3: =MEDIAN!AL3 -> 0 | AM3: =MEDIAN!AM3 -> 0 | AN3: 0 | AO3: 0.72691313 | AP3: 0.67810856 | AQ3: 0.15137319 | AR3: =MEDIAN!AR3 -> 0.022645571 | AS3: =MEDIAN!AS3 -> 0.047530605 | AT3: 0.20577629 | AU3: 0.27993821 | AV3: 0.27507601 | AW3: 0.38474079 | AX3: =MEDIAN!AX3 -> 0.015675058 | AY3: =MEDIAN!AY3 -> 0.083154555 | AZ3: 0.51389231 | BA3: 0.95376728 | BB3: 121167.37 | BC3: 25089.263 | BD3: 0.98849579 | BE3: 230485.69 | BF3: 40506.545 | BG3: 4.7348485 | BH3: 19.233126 | BI3: 18.518519 | BJ3: 0.085914086 | BK3: 0.0077575758 | BL3: 0.10927424 | BM3: 0.25684005 | BN3: 0.11886093 | BO3: 0.17347781 | BP3: 0.492 | BQ3: 0.084 | BR3: 2.4245264 | BS3: 20 | BT3: 8.6886824 | BU3: 0.52 | BV3: 0.1 | BW3: 2.6829017 | BX3: 24 | BY3: 15.167496
A4: COBEN_CZCOBEN004 | B4: 9.2871979 | C4: 0.57714286 | D4: 12.245062 | E4: 16.075013 | F4: 19.695853 | G4: 20.192355 | H4: 15.407464 | I4: 0.94251893 | J4: 0.025410034 | K4: 0.10571888 | L4: 1.8712088 | M4: 0.53413503 | N4: 0.44248264 | O4: 0.53925959 | P4: 0.90773795 | Q4: 3.7226203 | R4: 4.3935139 | S4: 3.8040734 | T4: 2.3543986 | U4: 0.0030773228 | V4: 0.0030763996 | W4: 0.0031118374 | X4: 0.0036713284 | Y4: 0.048847221 | Z4: 0.057393856 | AA4: 0.061639515 | AB4: 0.07025976 | AC4: 0.34939575 | AD4: -0.1519165 | AE4: -1.6257477 | AF4: -1.34758 | AG4: -0.25411987 | AH4: 2.1128845 | AI4: -1.1300354 | AJ4: -0.29048157 | AK4: 0 | AL4: 0 | AM4: 0 | AN4: 0.082 | AO4: 0.51808586 | AP4: 0.57368626 | AQ4: 0.085000931 | AR4: 0.012327162 | AS4: 0.1852474 | AT4: 0.1522803 | AU4: 0.25056338 | AV4: 0.26135759 | AW4: 0.038792504 | AX4: 0.0090541417 | AY4: 0.36690703 | AZ4: 0.051593127 | BA4: 0.92187028 | BB4: 508457.24 | BC4: 74275.982 | BD4: 1.0523235 | BE4: 474567.64 | BF4: 74671.05 | BG4: 4.5955882 | BH4: 4.5946829 | BI4: 3.3333333 | BJ4: 0.033538332 | BK4: -0.0064904348 | BL4: 0.13298555 | BM4: 0.15989037 | BN4: 0.10336562 | BO4: 0.15090139 | BP4: 0.664 | BQ4: 0.128 | BR4: 2.1281979 | BS4: 11 | BT4: 4.5395808 | BU4: 0.584 | BV4: 0.088 | BW4: 2.1378323 | BX4: 10 | BY4: 7.491673
A5: COBEN_CZCOBEN005 | B5: 2.5461467 | C5: 0.41 | D5: 9.2325625 | E5: 15.173455 | F5: 29.891774 | G5: 34.464193 | H5: 15.513153 | I5: 1.1451854 | J5: 0.013722188 | K5: 0.11550986 | L5: 1.4245916 | M5: 0.44082806 | N5: 0.19150222 | O5: 0.17899461 | P5: 0.63702868 | Q5: 4.597187 | R5: 3.123156 | S5: 1.8567317 | T5: 2.6574884 | U5: 0.0024586157 | V5: 0.00068428981 | W5: 0.00093049112 | X5: 0.0025065009 | Y5: 0.034350466 | Z5: 0.016551201 | AA5: 0.010460184 | AB5: 0.039480249 | AC5: 0.87791443 | AD5: 0.80990601 | AE5: -0.48245239 | AF5: -0.83755493 | AG5: 2.151535 | AH5: 0.99868774 | AI5: 0.71682739 | AJ5: -1.7651672 | AK5: 0 | AL5: 0 | AM5: 0 | AN5: 0.217 | AO5: 0.55490904 | AP5: 0.57230408 | AQ5: 0.065361676 | AR5: 0.020006283 | AS5: 0.084898639 | AT5: 0.058721968 | AU5: 0.2240953 | AV5: 0.23909457 | AW5: 0.03139136 | AX5: 0.24042261 | AY5: 0.15685429 | AZ5: 0.087049503 | BA5: 1.0135864 | BB5: 793189.81 | BC5: 99862.285 | BD5: 0.97247303 | BE5: 597780.99 | BF5: 57145.512 | BG5: =MEDIAN!BG3 -> 5.2301357 | BH5: =MEDIAN!BH3 -> 6.1937647 | BI5: =MEDIAN!BI3 -> 3.6700337 | BJ5: 0.022106361 | BK5: 0.018285714 | BL5: 0.22881592 | BM5: 0.1996958 | BN5: 0.072849307 | BO5: 0.11565532 | BP5: 0.488 | BQ5: 0.184 | BR5: 2.0829172 | BS5: 2 | BT5: 0.79799882 | BU5: 0.664 | BV5: 0.144 | BW5: 2.6945062 | BX5: 3 | BY5: 1.5559785
A6: COBEN_CZCOBEN007 | B6: 13.848802 | C6: 0.63384615 | D6: 13.640063 | E6: 21.599776 | F6: 29.834193 | G6: 11.284619 | H6: 22.666911 | I6: 0.10519124 | J6: 0.0022400806 | K6: 0.0022567335 | L6: 0.11637594 | M6: 0.80200954 | N6: 0.70331369 | O6: 1.3144844 | P6: 0.7937388 | Q6: 3.4741094 | R6: 2.2651529 | S6: 8.1812718 | T6: 2.9404664 | U6: 0.0045444883 | V6: 0.0015523263 | W6: 0.0059685347 | X6: 0.0040946906 | Y6: 0.044403848 | Z6: 0.021231361 | AA6: 0.21040138 | AB6: 0.048717386 | AC6: -0.8698349 | AD6: 1.3788452 | AE6: -2.3986969 | AF6: 1.5680313 | AG6: 0.29632568 | AH6: -0.027801514 | AI6: -5.4428711 | AJ6: -1.6452789 | AK6: 0 | AL6: 0 | AM6: 0 | AN6: 0 | AO6: 0.72351933 | AP6: 0.7032938 | AQ6: 0.1989091 | AR6: 0.014067812 | AS6: 0.61636963 | AT6: 0.31469315 | AU6: 0.30345732 | AV6: 0.31548607 | AW6: 0.13888897 | AX6: 0.016479331 | AY6: 0.18486205 | AZ6: 0.29917678 | BA6: 0.9990876 | BB6: 167390.25 | BC6: 26968.052 | BD6: 1.0602227 | BE6: 204661.41 | BF6: 36274.63 | BG6: 5.1089918 | BH6: 46.905715 | BI6: 9.4594595 | BJ6: 0.14504689 | BK6: -0.015983488 | BL6: 0.13737743 | BM6: 0.16400777 | BN6: 0.10261243 | BO6: 0.16639159 | BP6: 0.564 | BQ6: 0.108 | BR6: 1.5729873 | BS6: 31 | BT6: 15.207639 | BU6: 0.6 | BV6: 0.136 | BW6: 1.1882725 | BX6: 13 | BY6: 14.630016
A7: COBEN_CZCOBEN008 | B7: 18.654102 | C7: 0.433125 | D7: 19.742562 | E7: 26.202009 | F7: 25.633564 | G7: 29.605758 | H7: 24.731596 | I7: 1.2649911 | J7: 0.007382745 | K7: 0.0029365523 | L7: 1.7437169 | M7: 0.36564134 | N7: 0.45677757 | O7: 0.32747418 | P7: 0.52593032 | Q7: 2.8442391 | R7: 2.8984346 | S7: 2.5175117 | T7: 1.4826261 | U7: 0.0012459262 | V7: 0.0021740124 | W7: 0.0020805531 | X7: 0.0019890897 | Y7: 0.021272895 | Z7: 0.025870778 | AA7: 0.017883496 | AB7: 0.024379803 | AC7: -1.0361023 | AD7: 1.5920868 | AE7: 0.82556152 | AF7: -0.22369385 | AG7: -0.75505066 | AH7: 1.1490173 | AI7: -0.71220398 | AJ7: -0.72845459 | AK7: 0 | AL7: 0 | AM7: 0 | AN7: 0.101 | AO7: 0.65866384 | AP7: 0.64058619 | AQ7: 0.044469704 | AR7: 0.023635697 | AS7: 0.081110838 | AT7: 0.062363426 | AU7: 0.2588285 | AV7: 0.27262082 | AW7: 0.013661026 | AX7: 0.013605426 | AY7: 0.1711718 | AZ7: 0.023957623 | BA7: 0.96457941 | BB7: 234729.99 | BC7: 38551.445 | BD7: 0.99638489 | BE7: 308135.98 | BF7: 52349.787 | BG7: 6.7204301 | BH7: 5.6261423 | BI7: 4.0816327 | BJ7: 0.046790651 | BK7: -0.0005374861 | BL7: 0.12956923 | BM7: 0.21268421 | BN7: 0.16591968 | BO7: 0.17903286 | BP7: 0.48 | BQ7: 0.128 | BR7: 1.7887323 | BS7: 26 | BT7: 12.582326 | BU7: 0.536 | BV7: 0.128 | BW7: 2.1822502 | BX7: 19 | BY7: 12.681517
A8: COBEN_CZCOBEN009 | B8: 20.327703 | C8: 0.5336 | D8: 20.787562 | E8: 20.363663 | F8: 27.896578 | G8: 34.866696 | H8: 26.7639 | I8: 0.71080246 | J8: 0.14057288 | K8: 0.34428077 | L8: 1.1620895 | M8: 1.4793441 | N8: 0.22069173 | O8: 0.22265527 | P8: 0.6927759 | Q8: 3.3412257 | R8: 2.517614 | S8: 1.867766 | T8: 1.4152247 | U8: 0.0020643628 | V8: 0.00070231017 | W8: 0.001309032 | X8: 0.0013289469 | Y8: 0.029475086 | Z8: 0.013768522 | AA8: 0.0089771464 | AB8: 0.019591371 | AC8: 1.3616333 | AD8: 0.75086975 | AE8: -1.1304932 | AF8: -0.21696472 | AG8: 1.61586 | AH8: 0.062286377 | AI8: -1.1053162 | AJ8: -2.2592163 | AK8: 0 | AL8: 0 | AM8: 0 | AN8: 0.096 | AO8: 0.59809267 | AP8: 0.58642949 | AQ8: 0.064720355 | AR8: 0.01312346 | AS8: 0.020709126 | AT8: 0.096488839 | AU8: 0.31503637 | AV8: 0.32859653 | AW8: 0.039458903 | AX8: 0.011968164 | AY8: 0.018474287 | AZ8: 0.06611338 | BA8: 1.2003559 | BB8: 503145.51 | BC8: 91826.081 | BD8: 1.1662848 | BE8: 510473.49 | BF8: 93099.441 | BG8: 5.6818182 | BH8: 9.19254 | BI8: -10.638298 | BJ8: 0.057593169 | BK8: 0.00047863248 | BL8: 0.14803891 | BM8: 0.18482861 | BN8: 0.071039262 | BO8: 0.086898185 | BP8: 0.576 | BQ8: 0.216 | BR8: 2.5289021 | BS8: 19 | BT8: 10.222227 | BU8: 0.728 | BV8: 0.176 | BW8: 2.3461346 | BX8: 26 | BY8: 17.708556
A9: COBEN_CZCOBEN010 | B9: 23.607501 | C9: 0.66208333 | D9: 9.2200625 | E9: 23.956093 | F9: 25.505452 | G9: 18.267055 | H9: 23.371574 | I9: 0.58844518 | J9: 0.062598539 | K9: 0.012570393 | L9: 0.79372137 | M9: 0.43398116 | N9: 0.49952187 | O9: 0.5366634 | P9: 0.59048947 | Q9: 1.4648847 | R9: 1.5740484 | S9: 5.33139 | T9: 1.4138249 | U9: 0.00164948 | V9: 0.0013964613 | W9: 0.0013406951 | X9: 0.0018019475 | Y9: 0.016114849 | Z9: 0.011044542 | AA9: 0.12708115 | AB9: 0.016747709 | AC9: 1.3145142 | AD9: -1.7164307 | AE9: -1.0370331 | AF9: -1.666275 | AG9: 1.6677551 | AH9: -0.99838257 | AI9: 1.8466797 | AJ9: -0.78024292 | AK9: 0 | AL9: 0 | AM9: 0 | AN9: 0 | AO9: 0.62122296 | AP9: 0.60507163 | AQ9: 0.040681871 | AR9: 0.063780174 | AS9: 0.036587076 | AT9: 0.056830873 | AU9: 0.26279092 | AV9: 0.26343384 | AW9: 0.033395061 | AX9: 0.085266173 | AY9: 0.023884657 | AZ9: 0.04289632 | BA9: 0.94548078 | BB9: 136663.7 | BC9: 28136.226 | BD9: 0.99643889 | BE9: 182845.05 | BF9: 30583.172 | BG9: 4.8828125 | BH9: 8.3625339 | BI9: -2.8571429 | BJ9: 0.069144919 | BK9: -0.009372549 | BL9: 0.19557517 | BM9: 0.21079422 | BN9: 0.13821362 | BO9: 0.16916503 | BP9: 0.628 | BQ9: 0.2 | BR9: 2.4021624 | BS9: 29 | BT9: 19.234711 | BU9: 0.668 | BV9: 0.196 | BW9: 2.6809235 | BX9: 24 | BY9: 26.050221
A10: COBEN_CZCOBEN011 | B10: 14.883398 | C10: 0.58583333 | D10: 7.9150625 | E10: 18.728939 | F10: 24.17288 | G10: 32.521721 | H10: 18.21033 | I10: 7.7269588 | J10: 0.013951362 | K10: 0.019087007 | L10: 8.1029633 | M10: 0.48358781 | N10: 0.63565904 | O10: 0.47400611 | P10: 0.53870612 | Q10: 1.8778943 | R10: 2.6144109 | S10: 2.8968633 | T10: 1.4486861 | U10: 0.0031231329 | V10: 0.0023659658 | W10: 0.0014235422 | X10: 0.0030015726 | Y10: 0.023386643 | Z10: 0.02333274 | AA10: 0.013481288 | AB10: 0.025670666 | AC10: 0.48040771 | AD10: -0.80728149 | AE10: 0.71289062 | AF10: -0.40306091 | AG10: 1.3705444 | AH10: -1.9948425 | AI10: -0.30076599 | AJ10: 0.099746704 | AK10: 0 | AL10: 0 | AM10: 0 | AN10: 0 | AO10: 0.63348463 | AP10: 0.65093067 | AQ10: 0.018955629 | AR10: 0.046059012 | AS10: 0.0066216635 | AT10: 0.026323043 | AU10: 0.25688452 | AV10: 0.26165141 | AW10: 0.0041129941 | AX10: 0.055942877 | AY10: 0.018311337 | AZ10: 0.014063018 | BA10: 0.88147716 | BB10: 244409.24 | BC10: 33297.543 | BD10: 0.95422905 | BE10: 204524.34 | BF10: 39586.032 | BG10: 5.859375 | BH10: 7.1692634 | BI10: 7.1428571 | BJ10: 0.04560256 | BK10: 0.00096703297 | BL10: 0.26776644 | BM10: 0.19357342 | BN10: 0.056726451 | BO10: 0.1278184 | BP10: 0.544 | BQ10: 0.248 | BR10: 2.8617394 | BS10: 19 | BT10: 10.219605 | BU10: 0.5 | BV10: 0.108 | BW10: 2.3894244 | BX10: 15 | BY10: 12.898945
A11: COBEN_CZCOBEN012 | B11: 17.375553 | C11: 0.47125 | D11: 26.335062 | E11: 18.927643 | F11: 26.658769 | G11: 22.767086 | H11: 17.610419 | I11: 0.75892271 | J11: 0.017412926 | K11: 0.028913283 | L11: 1.3890517 | M11: 0.62051962 | N11: 0.49291702 | O11: 0.36705478 | P11: 0.67661706 | Q11: 3.2617482 | R11: 2.0596396 | S11: 3.7115687 | T11: 0.99192477 | U11: 0.0034279027 | V11: 0.0022380914 | W11: 0.0012350146 | X11: 0.0046589169 | Y11: 0.032465039 | Z11: 0.021866144 | AA11: 0.070582307 | AB11: 0.031204174 | AC11: -1.1427002 | AD11: 0.47219086 | AE11: 0.35728455 | AF11: -1.155014 | AG11: 0.16853333 | AH11: 1.0473251 | AI11: 0.63551331 | AJ11: 0.07950592 | AK11: 0 | AL11: 0 | AM11: 0 | AN11: 0.38 | AO11: 0.75509623 | AP11: 0.66567249 | AQ11: 0.028364785 | AR11: 0.01637102 | AS11: 0.0083885256 | AT11: 0.064748678 | AU11: 0.33539412 | AV11: 0.34055652 | AW11: 0.016312926 | AX11: 0.0036257156 | AY11: 0.0060342514 | AZ11: 0.022515059 | BA11: 1.0588248 | BB11: 302976.82 | BC11: 57617.956 | BD11: 1.1387973 | BE11: 322229.33 | BF11: 65264.017 | BG11: =MEDIAN!BG$3 -> 5.2301357 | BH11: =MEDIAN!BH$3 -> 6.1937647 | BI11: =MEDIAN!BI$3 -> 3.6700337 | BJ11: 0.062295082 | BK11: -0.0592 | BL11: 0.1076814 | BM11: 0.16176542 | BN11: 0.084118368 | BO11: 0.13735055 | BP11: 0.432 | BQ11: 0.064 | BR11: 1.7346271 | BS11: 14 | BT11: 5.2800796 | BU11: 0.44 | BV11: 0.096 | BW11: 2.1072085 | BX11: 24 | BY11: 11.692299
A12: COBEN_CZCOBEN013 | B12: 14.875212 | C12: 0.63941176 | D12: 17.595063 | E12: 20.124961 | F12: 25.395051 | G12: 31.894542 | H12: 19.051577 | I12: 0.38084348 | J12: 0.015711329 | K12: 0.010513121 | L12: 0.7198606 | M12: 0.52878895 | N12: 0.39012244 | O12: 0.40105883 | P12: 1.4253688 | Q12: 2.9952371 | R12: 2.1965555 | S12: 2.3016813 | T12: 2.6321272 | U12: 0.0026379479 | V12: 0.001884384 | W12: 0.0017522518 | X12: 0.0035431402 | Y12: 0.025826946 | Z12: 0.0129138 | AA12: 0.012249462 | AB12: 0.034668062 | AC12: 1.2002563 | AD12: -1.6475677 | AE12: -1.2266083 | AF12: -3.2288818 | AG12: 2.4793396 | AH12: -3.4676056 | AI12: -0.36390686 | AJ12: -1.3898163 | AK12: 0 | AL12: 0 | AM12: 0 | AN12: 0 | AO12: 0.58058517 | AP12: 0.59016931 | AQ12: 0.067602087 | AR12: 0.022599088 | AS12: 0.10064214 | AT12: 0.095150788 | AU12: 0.28466182 | AV12: 0.31036296 | AW12: 0.056090532 | AX12: 0.0059913255 | AY12: 0.36928583 | AZ12: 0.050992966 | BA12: 1.1443167 | BB12: 462529.72 | BC12: 89428.565 | BD12: 1.0954583 | BE12: 338257.71 | BF12: 65690.813 | BG12: 4.3808411 | BH12: 8.1213673 | BI12: -3.0769231 | BJ12: 0.034921739 | BK12: -0.0040123077 | BL12: 0.2255031 | BM12: 0.20514248 | BN12: 0.13042136 | BO12: 0.22408438 | BP12: 0.528 | BQ12: 0.176 | BR12: 2.0926119 | BS12: 25 | BT12: 13.574307 | BU12: 0.552 | BV12: 0.184 | BW12: 2.0679031 | BX12: 19 | BY12: 14.888261
A13: COBEN_CZCOBEN014 | B13: 21.629542 | C13: 0.57230769 | D13: 19.570062 | E13: 24.390054 | F13: 30.78432 | G13: 33.552713 | H13: 25.026308 | I13: 1.4433108 | J13: 0.010482413 | K13: 0.026457045 | L13: 2.3390147 | M13: 0.3635152 | N13: 0.33768992 | O13: 0.3422931 | P13: 0.37484923 | Q13: 3.3997766 | R13: 2.1886008 | S13: 1.9534587 | T13: 0.74213222 | U13: 0.0013594429 | V13: 0.0011295695 | W13: 0.0012060507 | X13: 0.0015096178 | Y13: 0.020331861 | Z13: 0.01181832 | AA13: 0.011530557 | AB13: 0.023568539 | AC13: 0.85749817 | AD13: -1.0931702 | AE13: 0.83340454 | AF13: -2.3190613 | AG13: 0.92951965 | AH13: -2.6520996 | AI13: 1.1868134 | AJ13: -0.85185242 | AK13: 0 | AL13: 0 | AM13: 0 | AN13: 0.051 | AO13: 0.57146272 | AP13: 0.51851391 | AQ13: 0.015293113 | AR13: 0.015514631 | AS13: 0.015756223 | AT13: 0.043044096 | AU13: 0.2601695 | AV13: 0.26668939 | AW13: 0.0090732835 | AX13: 0.14892232 | AY13: 0.055528514 | AZ13: 0.032229892 | BA13: 1.019671 | BB13: 456848.09 | BC13: 80985.942 | BD13: 0.96280476 | BE13: 421745.1 | BF13: 78162.891 | BG13: 5.2374302 | BH13: 4.101913 | BI13: 7.0175439 | BJ13: 0.04043428 | BK13: -0.00029538462 | BL13: 0.12600045 | BM13: 0.2483233 | BN13: 0.11655501 | BO13: 0.14386605 | BP13: 0.432 | BQ13: 0.13035937 | BR13: 2.4590448 | BS13: 29 | BT13: 13.550561 | BU13: 0.56 | BV13: 0.152 | BW13: 2.1373742 | BX13: 27 | BY13: 20.214276
A14: COBEN_CZCOBEN015 | B14: 17.040141 | C14: 0.60857143 | D14: 15.485062 | E14: 21.378592 | F14: 27.443105 | G14: 10.264835 | H14: 20.193797 | I14: 0.052592985 | J14: 0.0036580094 | K14: 0.0028674543 | L14: 0.062962708 | M14: 0.43765694 | N14: 0.36572663 | O14: 2.4553444 | P14: 0.74046316 | Q14: 3.3100304 | R14: 1.8991298 | S14: 8.948052 | T14: 1.82843 | U14: 0.0023287139 | V14: 0.0026485072 | W14: 0.0071098465 | X14: 0.0038614568 | Y14: 0.033892704 | Z14: 0.014086587 | AA14: 0.28277202 | AB14: 0.033792529 | AC14: 0.30938721 | AD14: -0.1635437 | AE14: 0.8041687 | AF14: -0.4394989 | AG14: 1.048233 | AH14: -1.1477356 | AI14: 1.916748 | AJ14: -1.4933472 | AK14: 0 | AL14: 0 | AM14: 0 | AN14: 0.065 | AO14: 0.6599801 | AP14: 0.62863884 | AQ14: 0.13662759 | AR14: 0.030123235 | AS14: 0.16747714 | AT14: 0.39555827 | AU14: 0.29012592 | AV14: 0.31531767 | AW14: 0.047383419 | AX14: 0.011423816 | AY14: 0.44553785 | AZ14: 0.17596068 | BA14: 0.97661929 | BB14: 217387.75 | BC14: 36613.952 | BD14: 1.0275608 | BE14: 253674.23 | BF14: 48305.177 | BG14: 6.270903 | BH14: 44.176973 | BI14: 42.222222 | BJ14: 0.1059905 | BK14: 0.00045454545 | BL14: 0.1511839 | BM14: 0.27500637 | BN14: 0.072023958 | BO14: 0.15453692 | BP14: 0.564 | BQ14: 0.2 | BR14: 3.3924881 | BS14: 16 | BT14: 10.454958 | BU14: 0.672 | BV14: 0.092 | BW14: 1.9918574 | BX14: 16 | BY14: 16.134883
A15: COBEN_CZCOBEN016 | B15: 15.270196 | C15: 0.53615385 | D15: 7.9700625 | E15: 19.261882 | F15: 20.205019 | G15: 18.87354 | H15: 18.001945 | I15: 0.058710206 | J15: 0.0065248763 | K15: 0.0091372203 | L15: 0.077633545 | M15: 1.1448538 | N15: 1.4393731 | O15: 1.1714735 | P15: 1.0722337 | Q15: 3.2782419 | R15: 2.8705806 | S15: 5.0909904 | T15: 2.325066 | U15: 0.0042834796 | V15: 0.0081810492 | W15: 0.0033772076 | X15: 0.0048628818 | Y15: 0.041826014 | Z15: 0.051543417 | AA15: 0.13095323 | AB15: 0.04097376 | AC15: 4.8983078 | AD15: 2.2577438 | AE15: 3.0723953 | AF15: -0.65106964 | AG15: 11.104652 | AH15: 6.7427139 | AI15: 0.99449921 | AJ15: -1.6259384 | AK15: 0 | AL15: 0 | AM15: 0 | AN15: 0.252 | AO15: 0.68886051 | AP15: 0.68628167 | AQ15: 0.44752276 | AR15: 0.046152609 | AS15: 0.10818069 | AT15: 0.37584405 | AU15: 0.28365121 | AV15: 0.29634004 | AW15: 0.35463936 | AX15: 0.012361581 | AY15: 0.042203833 | AZ15: 0.33020472 | BA15: 0.98858483 | BB15: 175602.83 | BC15: 34175.706 | BD15: 1.078321 | BE15: 195657.13 | BF15: 41342.937 | BG15: 5.5637982 | BH15: 4.101913 | BI15: 5.2631579 | BJ15: 0.058363531 | BK15: -0.0033234811 | BL15: 0.15749043 | BM15: 0.18712555 | BN15: 0.10833379 | BO15: 0.12455093 | BP15: 0.672 | BQ15: 0.224 | BR15: 2.3891252 | BS15: 24 | BT15: 15.257875 | BU15: 0.688 | BV15: 0.12 | BW15: 2.1972653 | BX15: 16 | BY15: 12.454754
A16: COBEN_CZCOBEN017 | B16: 8.4055595 | C16: 0.48857143 | D16: 12.567562 | E16: 21.451978 | F16: 23.965603 | G16: 21.689243 | H16: 20.655767 | I16: 0.031439702 | J16: 0.0017993159 | K16: 0.0097491048 | L16: 0.084810276 | M16: 0.76011869 | N16: 0.41022992 | O16: 0.4719434 | P16: 0.98040933 | Q16: 4.0760063 | R16: 3.272656 | S16: 5.5650856 | T16: 1.7240259 | U16: 0.0041647785 | V16: 0.0038893432 | W16: 0.0017867743 | X16: 0.0036242698 | Y16: 0.048936732 | Z16: 0.057481659 | AA16: 0.10258158 | AB16: 0.043167588 | AC16: -3.4848175 | AD16: 0.55058289 | AE16: 1.6186523 | AF16: 3.3563538 | AG16: -3.0443115 | AH16: 0.20436096 | AI16: 1.5665588 | AJ16: 0.086212158 | AK16: 0 | AL16: 0 | AM16: 0 | AN16: 0.239 | AO16: 0.58222911 | AP16: 0.64362596 | AQ16: 0.44811697 | AR16: 0.077538825 | AS16: 0.060157498 | AT16: 0.63730964 | AU16: 0.25542594 | AV16: 0.2882338 | AW16: 0.36947033 | AX16: 0.032085107 | AY16: 0.74006323 | AZ16: 0.38300637 | BA16: 1.1315317 | BB16: 731998.09 | BC16: 103705.26 | BD16: 1.1225146 | BE16: 356626.24 | BF16: 63288.92 | BG16: 4.7468354 | BH16: 5.99751 | BI16: 4.9382716 | BJ16: 0.06153122 | BK16: -0.019586813 | BL16: 0.16740087 | BM16: 0.19495204 | BN16: 0.079165584 | BO16: 0.12522467 | BP16: 0.528 | BQ16: 0.152 | BR16: 2.1772235 | BS16: 16 | BT16: 7.3480775 | BU16: 0.58 | BV16: 0.12 | BW16: 2.4654677 | BX16: 8 | BY16: 6.4442623
A17: COBEN_CZCOBEN018 | B17: 10.281785 | C17: 0.46 | D17: 16.725062 | E17: 16.696355 | F17: 28.70305 | G17: 28.151348 | H17: 13.467405 | I17: 0.52277603 | J17: 0.005978235 | K17: 0.038480829 | L17: 0.5405325 | M17: 2.0215604 | N17: 0.46246618 | O17: 0.59043585 | P17: 1.1610267 | Q17: 3.0992586 | R17: 2.4593882 | S17: 2.6052752 | T17: 2.9586766 | U17: 0.0039023205 | V17: 0.001946751 | W17: 0.0019440487 | X17: 0.0068537263 | Y17: 0.040297362 | Z17: 0.020554542 | AA17: 0.021516941 | AB17: 0.065673273 | AC17: 0.75418091 | AD17: 0.55738831 | AE17: -1.155304 | AF17: 4.359024 | AG17: 1.6819916 | AH17: 1.5615845 | AI17: 0.13807678 | AJ17: 2.279953 | AK17: 0.508 | AL17: 0 | AM17: 0 | AN17: 0.719 | AO17: 0.55422095 | AP17: 0.5982412 | AQ17: 0.16062131 | AR17: 0.049084885 | AS17: 0.048519048 | AT17: 0.22016707 | AU17: 0.26906103 | AV17: 0.28024834 | AW17: 0.042156011 | AX17: 0.22815108 | AY17: 0.058556511 | AZ17: 0.12868519 | BA17: 1.0370568 | BB17: 395576.6 | BC17: 63199.273 | BD17: 1.0054445 | BE17: 319679.86 | BF17: 53546.143 | BG17: 1.1234272 | BH17: 38.596159 | BI17: -4.2553191 | BJ17: 0.028525833 | BK17: 0.012 | BL17: 0.14804212 | BM17: 0.15805142 | BN17: 0.11803698 | BO17: 0.1837334 | BP17: 0.5 | BQ17: 0.156 | BR17: 2.7943238 | BS17: 13 | BT17: 6.096139 | BU17: 0.456 | BV17: 0.064 | BW17: 2.234356 | BX17: 9 | BY17: 7.21629
A18: COBEN_CZCOBEN019 | B18: 14.513878 | C18: 0.53533333 | D18: 15.172562 | E18: 21.699341 | F18: 26.775655 | G18: 28.914425 | H18: 19.38152 | I18: 1.4951725 | J18: 0.026043182 | K18: 0.044632965 | L18: 1.5262078 | M18: 0.45234495 | N18: 0.37694092 | O18: 0.24619893 | P18: 1.1363227 | Q18: 2.7066844 | R18: 2.8579523 | S18: 2.2015918 | T18: 1.1126572 | U18: 0.0026195461 | V18: 0.0016727307 | W18: 0.0014393677 | X18: 0.0029477568 | Y18: 0.027095758 | Z18: 0.029240617 | AA18: 0.0248116 | AB18: 0.033175897 | AC18: -1.3897247 | AD18: -0.45050049 | AE18: 0.21862793 | AF18: -1.4443359 | AG18: -1.1328278 | AH18: -0.70826721 | AI18: 0.68661499 | AJ18: -0.19845581 | AK18: 0 | AL18: 0 | AM18: 0 | AN18: 0.528 | AO18: 0.55333612 | AP18: 0.61244859 | AQ18: 0.027876319 | AR18: 0.017550198 | AS18: 0.026009616 | AT18: 0.10180595 | AU18: 0.245647 | AV18: 0.27203881 | AW18: 0.0086171705 | AX18: 0.011479367 | AY18: 0.02529277 | AZ18: 0.032494424 | BA18: 0.81050144 | BB18: 150545.81 | BC18: 25948.314 | BD18: 0.99928533 | BE18: 261254.63 | BF18: 47479.276 | BG18: =MEDIAN!BG3 -> 5.2301357 | BH18: =MEDIAN!BH3 -> 6.1937647 | BI18: =MEDIAN!BI3 -> 3.6700337 | BJ18: =MEDIAN!BJ3 -> 0.038052591 | BK18: =MEDIAN!BK3 -> -0.0048842105 | BL18: 0.23596343 | BM18: 0.22156043 | BN18: 0.056718893 | BO18: 0.18342746 | BP18: 1.048 | BQ18: 0.504 | BR18: 2.9783087 | BS18: 29 | BT18: 17.324814 | BU18: 0.596 | BV18: 0.14 | BW18: 2.3371463 | BX18: 17 | BY18: 12.237192
A19: COBEN_CZCOBEN021 | B19: 18.202121 | C19: 0.54357143 | D19: 36.410063 | E19: 24.176423 | F19: 23.646893 | G19: 27.841578 | H19: 21.009931 | I19: 0.78698939 | J19: 0.011928179 | K19: 0.030477869 | L19: 0.5693539 | M19: 0.64799534 | N19: 0.41540965 | O19: 0.55036144 | P19: 0.54276713 | Q19: 2.2177992 | R19: 1.8577875 | S19: 1.7330929 | T19: 2.0737291 | U19: 0.0019262121 | V19: 0.0013849701 | W19: 0.0018305752 | X19: 0.0027098058 | Y19: 0.019687187 | Z19: 0.016487405 | AA19: 0.022024618 | AB19: 0.035220523 | AC19: -0.16114807 | AD19: 0.54175568 | AE19: 0.55002594 | AF19: -1.7041626 | AG19: -0.038017273 | AH19: 0.64666748 | AI19: 0.61024475 | AJ19: -0.83447266 | AK19: 0 | AL19: 0 | AM19: 0 | AN19: 0.192 | AO19: 0.7173911 | AP19: 0.69523158 | AQ19: 0.059528076 | AR19: 0.016814069 | AS19: 0.040988564 | AT19: 0.18876273 | AU19: 0.30267766 | AV19: 0.32596894 | AW19: 0.48300036 | AX19: 0.018862183 | AY19: 0.080082548 | AZ19: 0.55747007 | BA19: 1.1697201 | BB19: 153988.43 | BC19: 30644.838 | BD19: 1.120868 | BE19: 227729.64 | BF19: 39124.407 | BG19: 3.9556962 | BH19: 46.444796 | BI19: -11.764706 | BJ19: 0.14619291 | BK19: -0.0010734945 | BL19: 0.15581927 | BM19: 0.14429109 | BN19: 0.069181006 | BO19: 0.087672509 | BP19: 0.512 | BQ19: 0.16 | BR19: 2.1572802 | BS19: 24 | BT19: 12.089024 | BU19: 0.52 | BV19: 0.152 | BW19: 2.0358458 | BX19: 19 | BY19: 14.338162
A20: COBEN_CZCOBEN022 | B20: 20.179924 | C20: 0.68666667 | D20: 16.575063 | E20: 3.2176326 | F20: 28.587659 | G20: 28.909432 | H20: 10.164731 | I20: 2.601548 | J20: 0.0026649936 | K20: 0.13670119 | L20: 4.4446506 | M20: 1.490031 | N20: 0.51404255 | O20: 0.66903895 | P20: 1.8989982 | Q20: 3.4675904 | R20: 1.6653454 | S20: 2.6291426 | T20: 2.1037731 | U20: 0.013055896 | V20: 0.0019086974 | W20: 0.0026504506 | X20: 0.013185099 | Y20: 0.25443737 | Z20: 0.018446865 | AA20: 0.028625124 | AB20: 0.065434908 | AC20: -0.49371338 | AD20: 1.4733276 | AE20: -0.5607605 | AF20: 0.93008423 | AG20: 4.8526917 | AH20: 3.5299377 | AI20: 0.49176025 | AJ20: 2.2375717 | AK20: 6.091 | AL20: 0 | AM20: 0 | AN20: 6.771 | AO20: 0.55757394 | AP20: 0.57739479 | AQ20: 0.030959631 | AR20: 0.069719714 | AS20: 0.03291528 | AT20: 0.091675886 | AU20: 0.26302042 | AV20: 0.27854638 | AW20: 0.025258937 | AX20: 0.084978442 | AY20: 0.026475745 | AZ20: 0.087648025 | BA20: 1.1354517 | BB20: 488034.27 | BC20: 75985.816 | BD20: 1.1353851 | BE20: 487270.39 | BF20: 72252.417 | BG20: 5.0813008 | BH20: 5.7413381 | BI20: -8.3333333 | BJ20: 0.053967548 | BK20: -0.0057212121 | BL20: 0.22586083 | BM20: 0.27013644 | BN20: 0.21035736 | BO20: 0.2021783 | BP20: 0.736 | BQ20: 0.224 | BR20: 2.616477 | BS20: 31 | BT20: 26.544439 | BU20: 0.704 | BV20: 0.24 | BW20: 2.3063728 | BX20: 30 | BY20: 23.094801
A21: COBEN_CZCOBEN023 | B21: 18.771371 | C21: 0.82045455 | D21: 19.012563 | E21: 19.51361 | F21: 25.474835 | G21: 13.899247 | H21: 17.045948 | I21: 0.92425926 | J21: 0.01138944 | K21: 0.086116008 | L21: 0.98402729 | M21: 0.95556719 | N21: 1.0997235 | O21: 0.82318247 | P21: 1.0531274 | Q21: 2.0407134 | R21: 1.7445087 | S21: 5.0241077 | T21: 1.5299775 | U21: 0.0039542057 | V21: 0.003065017 | W21: 0.004202164 | X21: 0.0052126538 | Y21: 0.0277631 | Z21: 0.016088185 | AA21: 0.12456092 | AB21: 0.037875888 | AC21: -1.3581314 | AD21: -2.1532288 | AE21: 0.34158325 | AF21: -0.75576019 | AG21: -0.25881195 | AH21: -1.2553711 | AI21: 0.65713501 | AJ21: -1.8553467 | AK21: 0 | AL21: 0 | AM21: 0 | AN21: 0.474 | AO21: 0.60947212 | AP21: 0.62541106 | AQ21: 0.012503438 | AR21: 0.017137936 | AS21: 0.036634172 | AT21: 0.048667409 | AU21: 0.26814355 | AV21: 0.27407834 | AW21: 0.010065654 | AX21: 0.0077727599 | AY21: 0.045729697 | AZ21: 0.039722122 | BA21: 0.95315807 | BB21: 270599.37 | BC21: 43733.755 | BD21: 0.97547347 | BE21: 252614.06 | BF21: 43937.595 | BG21: 6.2292359 | BH21: 8.7223513 | BI21: 12.244898 | BJ21: 0.082545369 | BK21: 0.001029601 | BL21: 0.24187762 | BM21: 0.20272265 | BN21: 0.10207795 | BO21: 0.12651056 | BP21: 1.008 | BQ21: 0.472 | BR21: 2.0106806 | BS21: 25 | BT21: 24.532452 | BU21: 0.956 | BV21: 0.312 | BW21: 2.3377988 | BX21: 24 | BY21: 24.207248
A22: COBEN_CZCOBEN024 | B22: 17.40037 | C22: 0.56952381 | D22: 29.405062 | E22: 20.362266 | F22: 18.333508 | G22: 23.432214 | H22: 21.599725 | I22: 3.6088233 | J22: 0.021706891 | K22: 0.026782043 | L22: 2.7858884 | M22: 0.62960821 | N22: 0.59463432 | O22: 0.52245321 | P22: 0.49214699 | Q22: 3.5043712 | R22: 4.0666124 | S22: 3.4608793 | T22: 2.6820225 | U22: 0.0025561759 | V22: 0.0015983336 | W22: 0.00086251164 | X22: 0.0018206388 | Y22: 0.041467135 | Z22: 0.072842709 | AA22: 0.1031056 | AB22: 0.033412648 | AC22: -1.4680939 | AD22: 1.6581726 | AE22: 0.82293701 | AF22: -1.4095306 | AG22: -0.52204895 | AH22: -0.18505859 | AI22: 0.040222168 | AJ22: -1.4307098 | AK22: 0 | AL22: 0 | AM22: 0 | AN22: 0.102 | AO22: 0.60888563 | AP22: 0.62652574 | AQ22: 0.024836144 | AR22: 0.025641441 | AS22: 0.013757702 | AT22: 0.082989124 | AU22: 0.28426751 | AV22: 0.30735885 | AW22: 0.01244303 | AX22: 0.060280858 | AY22: 0.037016447 | AZ22: 0.053663936 | BA22: 1.0014212 | BB22: 347494.36 | BC22: 46002.185 | BD22: 1.087586 | BE22: 373580.39 | BF22: 54624.867 | BG22: 2.2007042 | BH22: 32.774482 | BI22: 35 | BJ22: 0.041627603 | BK22: 0.0056701754 | BL22: 0.2352872 | BM22: 0.19880105 | BN22: 0.0692586 | BO22: 0.14310447 | BP22: 0.624 | BQ22: 0.28 | BR22: 3.0857352 | BS22: 23 | BT22: 15.962589 | BU22: 0.46 | BV22: 0.144 | BW22: 2.7265345 | BX22: 25 | BY22: 15.115122
A23: COBEN_CZCOBEN025 | B23: 15.487743 | C23: 0.59647059 | D23: 12.472563 | E23: 25.692009 | F23: 31.952162 | G23: 16.620459 | H23: 22.716467 | I23: 1.441092 | J23: 0.0095522492 | K23: 0.06789189 | L23: 1.3347597 | M23: 0.55966133 | N23: 0.49319729 | O23: 0.45047181 | P23: 1.1764476 | Q23: 2.5144874 | R23: 1.9648259 | S23: 4.9410547 | T23: 3.0352074 | U23: 0.0011960913 | V23: 0.00099300444 | W23: 0.0015548869 | X23: 0.0023012483 | Y23: 0.017123752 | Z23: 0.0089380026 | AA23: 0.13546084 | AB23: 0.033981363 | AC23: 0.26393127 | AD23: 0.37722778 | AE23: 0.51025391 | AF23: 1.2995911 | AG23: 2.0644684 | AH23: 3.4053955 | AI23: 0.87623596 | AJ23: 4.0817413 | AK23: 0 | AL23: 0 | AM23: 0 | AN23: 1.206 | AO23: 0.67968147 | AP23: 0.63917278 | AQ23: 0.054108366 | AR23: 0.030885102 | AS23: 0.026611579 | AT23: 0.078546614 | AU23: 0.28301106 | AV23: 0.27997787 | AW23: 0.01599521 | AX23: 0.0084372795 | AY23: 0.024418491 | AZ23: 0.030162246 | BA23: 1.1355809 | BB23: 602011.47 | BC23: 108161.78 | BD23: 1.0426354 | BE23: 550714.41 | BF23: 93667.87 | BG23: =MEDIAN!BG$3 -> 5.2301357 | BH23: =MEDIAN!BH$3 -> 6.1937647 | BI23: =MEDIAN!BI$3 -> 3.6700337 | BJ23: 0.027586207 | BK23: -0.024 | BL23: 0.27493075 | BM23: 0.27179382 | BN23: 0.083910173 | BO23: 0.097876388 | BP23: 0.616 | BQ23: 0.12 | BR23: 2.2142614 | BS23: 18 | BT23: 10.754161 | BU23: 0.66 | BV23: 0.128 | BW23: 2.6089708 | BX23: 18 | BY23: 14.899782
A24: COBEN_CZCOBEN026 | B24: 26.336902 | C24: 0.64487179 | D24: 29.677563 | E24: 20.77785 | F24: 26.696559 | G24: 25.017053 | H24: 21.517044 | I24: 0.86095944 | J24: 0.0090251924 | K24: 0.018764753 | L24: 1.6946939 | M24: 0.62451885 | N24: 0.29312264 | O24: 0.34049267 | P24: 0.43091347 | Q24: 3.0890599 | R24: 3.0417353 | S24: 3.8480362 | T24: 3.4341808 | U24: 0.0018766861 | V24: 0.0011676731 | W24: 0.00081573904 | X24: 0.0017611836 | Y24: 0.027183321 | Z24: 0.020710296 | AA24: 0.055602472 | AB24: 0.048782584 | AC24: -1.7674713 | AD24: 0.46607971 | AE24: -0.60510254 | AF24: 0.4750061 | AG24: -1.8400116 | AH24: 0.24368286 | AI24: -0.27409363 | AJ24: 0.35464478 | AK24: 0 | AL24: 0 | AM24: 0 | AN24: 0.135 | AO24: 0.577246 | AP24: 0.60750064 | AQ24: 0.041624517 | AR24: 0.012847409 | AS24: 0.09801788 | AT24: 0.27925892 | AU24: 0.26713801 | AV24: 0.264327 | AW24: 0.20790411 | AX24: 0.020339845 | AY24: 0.32177236 | AZ24: 0.32258248 | BA24: 0.9666809 | BB24: 238017.68 | BC24: 39553.134 | BD24: 0.97805602 | BE24: 226398.21 | BF24: 37094.274 | BG24: 4.350348 | BH24: 2.795085 | BI24: 4.3368087e-14 | BJ24: 0.028133981 | BK24: -0.00090767519 | BL24: 0.13273524 | BM24: 0.1832299 | BN24: 0.18723762 | BO24: 0.19384905 | BP24: 0.88 | BQ24: 0.456 | BR24: 2.2825678 | BS24: 32 | BT24: 29.617573 | BU24: 0.696 | BV24: 0.312 | BW24: 2.3686316 | BX24: 41 | BY24: 27.514569
A25: COBEN_CZCOBEN027 | B25: 26.420788 | C25: 0.46096774 | D25: 6.6275625 | E25: 17.135765 | F25: 13.688287 | G25: 13.977522 | H25: 17.836439 | I25: 17.945124 | J25: 0.017675014 | K25: 0.055249339 | L25: 6.9189148 | M25: 0.41551573 | N25: 0.52218581 | O25: 1.0608451 | P25: 0.45047952 | Q25: 4.9652518 | R25: 2.9824657 | S25: 3.606857 | T25: 2.8200165 | U25: 0.0015210634 | V25: 0.0037871779 | W25: 0.0081658017 | X25: 0.0029094591 | Y25: 0.079206706 | Z25: 0.12190456 | AA25: 0.1228381 | AB25: 0.11590501 | AC25: 0.47039795 | AD25: -0.1268158 | AE25: 2.7413025 | AF25: 0.19134521 | AG25: -0.11982727 | AH25: -1.7485657 | AI25: 4.4750977 | AJ25: -0.14816284 | AK25: 0 | AL25: 0 | AM25: 0 | AN25: 0.152 | AO25: 0.52900879 | AP25: 0.51638082 | AQ25: 0.10034593 | AR25: 0.052683087 | AS25: 0.35897938 | AT25: 0.10513442 | AU25: 0.25972258 | AV25: 0.26388868 | AW25: 0.15686351 | AX25: 0.085049607 | AY25: 0.19709968 | AZ25: 0.14606558 | BA25: 0.95672539 | BB25: 271992.78 | BC25: 39864.307 | BD25: 1.0718746 | BE25: 249853.06 | BF25: 44714.35 | BG25: =MEDIAN!BG$3 -> 5.2301357 | BH25: =MEDIAN!BH$3 -> 6.1937647 | BI25: =MEDIAN!BI$3 -> 3.6700337 | BJ25: 0.018032787 | BK25: -0.0816 | BL25: 0.082493813 | BM25: 0.11424007 | BN25: 0.097792331 | BO25: 0.11871909 | BP25: 0.732 | BQ25: 0.24 | BR25: 2.6226152 | BS25: 34 | BT25: 14.819267 | BU25: 0.792 | BV25: 0.184 | BW25: 2.125104 | BX25: 40 | BY25: 18.406482
A26: COBEN_CZCOBEN029 | B26: 16.228384 | C26: 0.46266667 | D26: 15.417563 | E26: 24.275294 | F26: 27.404708 | G26: 31.108897 | H26: 23.591354 | I26: 0.74711382 | J26: 0.018921726 | K26: 0.0067653075 | L26: 0.54335042 | M26: 0.47885423 | N26: 0.3169165 | O26: 0.36118535 | P26: 0.55387564 | Q26: 1.8044911 | R26: 1.1102889 | S26: 1.2657199 | T26: 0.92458498 | U26: 0.0020475436 | V26: 0.0012106821 | W26: 0.0014273052 | X26: 0.0025209646 | Y26: 0.015149621 | Z26: 0.0074801727 | AA26: 0.016884334 | AB26: 0.015238601 | AC26: -0.21360779 | AD26: -2.092041 | AE26: -1.3699341 | AF26: -1.2038269 | AG26: 0.82801819 | AH26: -1.8840485 | AI26: -0.99745178 | AJ26: -0.98429871 | AK26: 0 | AL26: 0 | AM26: 0 | AN26: 0 | AO26: 0.67819188 | AP26: 0.71128653 | AQ26: 0.025567877 | AR26: 0.021962705 | AS26: 0.072188701 | AT26: 0.051552766 | AU26: 0.2783593 | AV26: 0.33075611 | AW26: 0.033450053 | AX26: 0.003643481 | AY26: 0.089520844 | AZ26: 0.035815234 | BA26: 1.2493555 | BB26: 579872.26 | BC26: 106046.28 | BD26: 1.2496789 | BE26: 599050.98 | BF26: 115129.76 | BG26: =MEDIAN!BG$3 -> 5.2301357 | BH26: =MEDIAN!BH$3 -> 6.1937647 | BI26: =MEDIAN!BI$3 -> 3.6700337 | BJ26: 0.1843772 | BK26: -0.08 | BL26: 0.16761042 | BM26: 0.20301606 | BN26: 0.16900256 | BO26: 0.15070317 | BP26: 0.608 | BQ26: 0.248 | BR26: 1.7996704 | BS26: 23 | BT26: 14.324791 | BU26: 0.46 | BV26: 0.088 | BW26: 2.1927125 | BX26: 18 | BY26: 11.570237
A27: COBEN_CZCOBEN030 | B27: 17.304413 | C27: 0.502 | D27: 23.942563 | E27: 30.474287 | F27: 29.514728 | G27: 19.938687 | H27: 26.088204 | I27: 3.271696 | J27: 0.0094651478 | K27: 0.012509835 | L27: 4.4996376 | M27: 0.21678067 | N27: 0.52649882 | O27: 0.67475034 | P27: 0.29605062 | Q27: 1.100442 | R27: 2.4461918 | S27: 3.6247743 | T27: 1.0674204 | U27: 0.00092694238 | V27: 0.0010259556 | W27: 0.0011542152 | X27: 0.0016115143 | Y27: 0.0094194267 | Z27: 0.022088627 | AA27: 0.07152461 | AB27: 0.01550156 | AC27: -0.17636108 | AD27: 1.6884766 | AE27: -2.8750305 | AF27: 0.42391968 | AG27: 0.8469696 | AH27: 0.98544312 | AI27: -0.84788513 | AJ27: -1.4720154 | AK27: 0 | AL27: 0 | AM27: 0 | AN27: 0.084 | AO27: 0.70342005 | AP27: 0.63052983 | AQ27: 0.0065104783 | AR27: 0.023668327 | AS27: 0.017325255 | AT27: 0.07250438 | AU27: 0.33198285 | AV27: 0.31796029 | AW27: 0.0036578115 | AX27: 0.097757537 | AY27: 0.088607784 | AZ27: 0.043175125 | BA27: 1.1222381 | BB27: 497779.47 | BC27: 102741.51 | BD27: 1.165964 | BE27: 471159.53 | BF27: 89201.944 | BG27: 3.7650602 | BH27: 16.576071 | BI27: 1.9047944e-13 | BJ27: 0.037791995 | BK27: -0.012643357 | BL27: 0.12997003 | BM27: 0.18790368 | BN27: 0.13796575 | BO27: 0.13382452 | BP27: 0.42 | BQ27: 0.056 | BR27: 2.152664 | BS27: 17 | BT27: 7.5645455 | BU27: 0.544 | BV27: 0.112 | BW27: 2.8091284 | BX27: 28 | BY27: 13.750828
A28: COBEN_CZCOBEN032 | B28: 18.074748 | C28: 0.6075 | D28: 15.662562 | E28: 19.604423 | F28: 18.900499 | G28: 23.504014 | H28: 19.538577 | I28: 2.1841224 | J28: 0.024989613 | K28: 0.036741274 | L28: 4.2579116 | M28: 0.65701431 | N28: 0.84502415 | O28: 0.81329619 | P28: 2.0694039 | Q28: 3.5577603 | R28: 4.3660285 | S28: 3.333859 | T28: 2.6841153 | U28: 0.0038314697 | V28: 0.0039483154 | W28: 0.0070659872 | X28: 0.0026748043 | Y28: 0.03700778 | Z28: 0.035090136 | AA28: 0.027718468 | AB28: 0.040476403 | AC28: 0.28501892 | AD28: -2.9708862 | AE28: 1.3472137 | AF28: 0.47148132 | AG28: -1.9419403 | AH28: -4.4983521 | AI28: 1.7281342 | AJ28: -5.6385193 | AK28: 0 | AL28: 0 | AM28: 0 | AN28: 0 | AO28: 0.53765076 | AP28: 0.53212399 | AQ28: 0.041473779 | AR28: 0.051640439 | AS28: 0.0065888019 | AT28: 0.033907477 | AU28: 0.26017905 | AV28: 0.26809317 | AW28: 0.065411241 | AX28: 0.14386528 | AY28: 0.036130926 | AZ28: 0.043798483 | BA28: 0.95904413 | BB28: 238934.67 | BC28: 44553.659 | BD28: 0.90549337 | BE28: 252564.37 | BF28: 44969.869 | BG28: 5.3267045 | BH28: 6.1514337 | BI28: 7.1428571 | BJ28: 0.034117901 | BK28: -0.0039272727 | BL28: 0.12414996 | BM28: 0.17963335 | BN28: 0.091182406 | BO28: 0.15017175 | BP28: 0.496 | BQ28: 0.2 | BR28: 3.7947341 | BS28: 25 | BT28: 11.722041 | BU28: 0.748 | BV28: 0.248 | BW28: 2.4290721 | BX28: 22 | BY28: 17.431178
A29: COBEN_CZCOBEN033 | B29: 38.400329 | C29: 0.47538462 | D29: 5.112125 | E29: 17.527399 | F29: 20.250046 | G29: 9.6717676 | H29: 15.348008 | I29: 0.37117066 | J29: 0.01255323 | K29: 0.0080311691 | L29: 0.29730083 | M29: 0.51487295 | N29: 0.51350006 | O29: 1.0215047 | P29: 0.70233609 | Q29: 2.5285805 | R29: 2.1556371 | S29: 7.8680819 | T29: 2.7032294 | U29: 0.0028907504 | V29: 0.0034543525 | W29: 0.0044445932 | X29: 0.0043194223 | Y29: 0.033307248 | Z29: 0.015571279 | AA29: 0.12528709 | AB29: 0.05057219 | AC29: -1.427002 | AD29: -0.68469238 | AE29: 0.61428833 | AF29: -2.3569336 | AG29: -2.1086578 | AH29: -0.69328308 | AI29: -0.90663147 | AJ29: -2.2879639 | AK29: 0 | AL29: 0 | AM29: 0 | AN29: 0.984 | AO29: 0.49475258 | AP29: 0.46731738 | AQ29: 0.40435137 | AR29: 0.036026682 | AS29: 0.35492478 | AT29: 0.45066183 | AU29: 0.27093287 | AV29: 0.27357018 | AW29: 0.46263516 | AX29: 0.014029377 | AY29: 0.42865236 | AZ29: 0.4229883 | BA29: 1.1215225 | BB29: 468045.25 | BC29: 81607.934 | BD29: 1.0403069 | BE29: 457445.29 | BF29: 78312.726 | BG29: =MEDIAN!BG$3 -> 5.2301357 | BH29: =MEDIAN!BH$3 -> 6.1937647 | BI29: =MEDIAN!BI$3 -> 3.6700337 | BJ29: 0.030111206 | BK29: -0.021028571 | BL29: 0.19044069 | BM29: 0.21321602 | BN29: 0.11328434 | BO29: 0.12525082 | BP29: 0.472 | BQ29: 0.128 | BR29: 1.9855058 | BS29: 42 | BT29: 23.112309 | BU29: 0.432 | BV29: 0.084 | BW29: 2.0373462 | BX29: 42 | BY29: 29.562158
A30: COBEN_CZCOBEN034 | B30: 21.558364 | C30: 0.48363636 | D30: 23.895688 | E30: 21.120486 | F30: 23.758995 | G30: 25.812872 | H30: 20.167319 | I30: 0.42339835 | J30: 0.01425921 | K30: 0.014257651 | L30: 0.37559693 | M30: 0.31555611 | N30: 0.39905661 | O30: 0.53211415 | P30: 0.37091503 | Q30: 3.4947758 | R30: 2.7748 | S30: 2.0838032 | T30: 2.2171562 | U30: 0.0013335286 | V30: 0.0018693413 | W30: 0.0020334667 | X30: 0.0016627262 | Y30: 0.040375323 | Z30: 0.038976487 | AA30: 0.030768849 | AB30: 0.05009954 | AC30: -0.34494019 | AD30: 0.130867 | AE30: 0.52751923 | AF30: 1.9297791 | AG30: -0.53038788 | AH30: 0.090400696 | AI30: -0.81846619 | AJ30: 2.392952 | AK30: 0 | AL30: 0 | AM30: 0 | AN30: 0.21 | AO30: 0.57473148 | AP30: 0.62579059 | AQ30: 0.017755887 | AR30: 0.017733816 | AS30: 0.060487134 | AT30: 0.23501205 | AU30: 0.28747182 | AV30: 0.3124433 | AW30: 0.012019273 | AX30: 0.022544397 | AY30: 0.72672063 | AZ30: 0.29822229 | BA30: 0.97715479 | BB30: 132717.28 | BC30: 26058.486 | BD30: 0.99142442 | BE30: 164775.55 | BF30: 32404.672 | BG30: 5.2374302 | BH30: 5.5555556 | BI30: -6.9444444 | BJ30: 0.051394803 | BK30: -0.0090325123 | BL30: 0.091762624 | BM30: 0.13658452 | BN30: 0.11441541 | BO30: 0.18937562 | BP30: 0.904 | BQ30: 0.336 | BR30: 2.5165017 | BS30: 26 | BT30: 11.064135 | BU30: 0.628 | BV30: 0.164 | BW30: 2.6716474 | BX30: 25 | BY30: 16.413101
A31: COBEN_CZCOBEN035 | B31: 20.941525 | C31: 0.58602941 | D31: 12.360875 | E31: 27.073339 | F31: 31.405444 | G31: 28.693393 | H31: 27.991228 | I31: 1.721902 | J31: 0.010198726 | K31: 0.12140297 | L31: 2.7236552 | M31: 0.30392356 | N31: 0.23503907 | O31: 0.21770359 | P31: 0.30509357 | Q31: 1.7658307 | R31: 1.6287202 | S31: 2.846171 | T31: 0.88911104 | U31: 0.001466578 | V31: 0.0010479078 | W31: 0.00087749195 | X31: 0.0014890792 | Y31: 0.010364417 | Z31: 0.0063409886 | AA31: 0.042724412 | AB31: 0.011703452 | AC31: 0.22216797 | AD31: 0.76615906 | AE31: -0.0043640137 | AF31: -0.9655304 | AG31: 0.43505859 | AH31: 1.20047 | AI31: -0.073501587 | AJ31: 1.114624 | AK31: 0 | AL31: 0 | AM31: 0 | AN31: 0.324 | AO31: 0.63231099 | AP31: 0.49907781 | AQ31: 0.011277476 | AR31: 0.018064656 | AS31: 0.030587719 | AT31: 0.022738009 | AU31: 0.27542231 | AV31: 0.25495399 | AW31: 0.0089502881 | AX31: 0.0076116645 | AY31: 0.020179078 | AZ31: 0.017444821 | BA31: 0.98120363 | BB31: 460246.16 | BC31: 81144.358 | BD31: 1.0517242 | BE31: 406209.19 | BF31: 71822.372 | BG31: 4.222973 | BH31: 4.3758885 | BI31: 3.1746032 | BJ31: 0.02710695 | BK31: 0.0023026087 | BL31: 0.16739849 | BM31: 0.1368345 | BN31: 0.12686339 | BO31: 0.12611887 | BP31: 0.632 | BQ31: 0.256 | BR31: 1.9125909 | BS31: 29 | BT31: 22.56603 | BU31: 0.924 | BV31: 0.552 | BW31: 2.9568421 | BX31: 89 | BY31: 17.827748
A32: COBEN_CZCOBEN036 | B32: 20.110591 | C32: 0.52 | D32: 13.186312 | E32: 25.86571 | F32: 27.117665 | G32: 20.083503 | H32: 25.016169 | I32: 0.84668795 | J32: 0.0082965302 | K32: 0.014484932 | L32: 0.90945713 | M32: 0.77793756 | N32: 0.5022805 | O32: 0.44205064 | P32: 1.2693452 | Q32: 1.8093238 | R32: 2.9683898 | S32: 4.7093431 | T32: 1.6631391 | U32: 0.0018291589 | V32: 0.0022564655 | W32: 0.0028284748 | X32: 0.0023258737 | Y32: 0.012526255 | Z32: 0.03093242 | AA32: 0.081913961 | AB32: 0.016872643 | AC32: 0.91436768 | AD32: 2.2619324 | AE32: 0.4382019 | AF32: -2.3710022 | AG32: 2.0741119 | AH32: -2.238739 | AI32: 0.79702759 | AJ32: -1.1639709 | AK32: 0 | AL32: 0 | AM32: 0 | AN32: 0.76 | AO32: 0.62205769 | AP32: 0.60800715 | AQ32: 0.047602019 | AR32: 0.016831591 | AS32: 0.060120385 | AT32: 0.059348841 | AU32: 0.28037471 | AV32: 0.29386663 | AW32: 0.025475009 | AX32: 0.027754867 | AY32: 0.31167618 | AZ32: 0.049723989 | BA32: 1.0204216 | BB32: 349443.71 | BC32: 57867.382 | BD32: 1.102135 | BE32: 335940.13 | BF32: 61173.038 | BG32: =MEDIAN!BG$3 -> 5.2301357 | BH32: =MEDIAN!BH$3 -> 6.1937647 | BI32: =MEDIAN!BI$3 -> 3.6700337 | BJ32: 0.044591611 | BK32: 0.008 | BL32: 0.12111032 | BM32: 0.15701955 | BN32: 0.094671818 | BO32: 0.081646956 | BP32: 0.72 | BQ32: 0.264 | BR32: 2.2215798 | BS32: 18 | BT32: 19.504854 | BU32: 0.536 | BV32: 0.144 | BW32: 2.3531358 | BX32: 24 | BY32: 17.107968
A33: COBEN_CZCOBEN038 | B33: 19.690632 | C33: 0.65791667 | D33: 7.6381875 | E33: 17.408947 | F33: 21.196973 | G33: 25.701607 | H33: 15.149355 | I33: 4.1544619 | J33: 0.024057344 | K33: 0.046787793 | L33: 3.9536925 | M33: 0.55701977 | N33: 0.45352369 | O33: 0.35755481 | P33: 1.4623175 | Q33: 2.739994 | R33: 2.5836249 | S33: 3.2608764 | T33: 1.7319353 | U33: 0.0039372237 | V33: 0.004465992 | W33: 0.0023385125 | X33: 0.0043372463 | Y33: 0.03416737 | Z33: 0.023174777 | AA33: 0.032740439 | AB33: 0.034220539 | AC33: -0.68196106 | AD33: 0.43121338 | AE33: 0.53025818 | AF33: -2.393219 | AG33: -1.7911987 | AH33: -0.39215088 | AI33: 0.58621216 | AJ33: -2.8510284 | AK33: 0 | AL33: 0 | AM33: 0 | AN33: 2.5 | AO33: 0.4844602 | AP33: 0.60579785 | AQ33: 0.023561564 | AR33: 0.026515344 | AS33: 0.0082883506 | AT33: 0.040923058 | AU33: 0.22043369 | AV33: 0.26665521 | AW33: 0.013916563 | AX33: 0.0078246849 | AY33: 0.015401631 | AZ33: 0.019092175 | BA33: 0.95574541 | BB33: 445597.41 | BC33: 70646.298 | BD33: 0.99710327 | BE33: 410356.13 | BF33: 67665.421 | BG33: =MEDIAN!BG$3 -> 5.2301357 | BH33: =MEDIAN!BH$3 -> 6.1937647 | BI33: =MEDIAN!BI$3 -> 3.6700337 | BJ33: 0.081855501 | BK33: -0.04152381 | BL33: 0.23224163 | BM33: 0.22836119 | BN33: 0.079765955 | BO33: 0.18347704 | BP33: 1.024 | BQ33: 0.64 | BR33: 2.8659449 | BS33: 41 | BT33: 21.860252 | BU33: 0.6 | BV33: 0.128 | BW33: 2.0336993 | BX33: 27 | BY33: 20.188975
A34: COBEN_CZCOBEN039 | B34: 16.061766 | C34: 0.80913043 | D34: 9.9050625 | E34: 26.904212 | F34: 29.719697 | G34: 9.7875078 | H34: 25.157001 | I34: 0.24519237 | J34: 0.0031415336 | K34: 0.023055275 | L34: 0.26835552 | M34: 0.53443679 | N34: 0.70353496 | O34: 0.92157122 | P34: 0.64473116 | Q34: 1.5828304 | R34: 1.2684027 | S34: 7.115603 | T34: 1.4748426 | U34: 0.0020497555 | V34: 0.0013147049 | W34: 0.0048128149 | X34: 0.0022761514 | Y34: 0.01831015 | Z34: 0.013323918 | AA34: 0.2019291 | AB34: 0.01855687 | AC34: -0.12149811 | AD34: -0.29325867 | AE34: 1.5890198 | AF34: 1.7919159 | AG34: 0.64295959 | AH34: 1.2961807 | AI34: 2.0618896 | AJ34: 0.62697601 | AK34: 0 | AL34: 0 | AM34: 0 | AN34: 0.101 | AO34: 0.51040272 | AP34: 0.64988221 | AQ34: 0.1618829 | AR34: 0.010368619 | AS34: 0.057885973 | AT34: 0.21785867 | AU34: 0.25213585 | AV34: 0.27970125 | AW34: 0.48455293 | AX34: 0.014250982 | AY34: 0.095780116 | AZ34: 0.4941052 | BA34: 1.0419673 | BB34: 134332.17 | BC34: 28485.413 | BD34: 0.7705614 | BE34: 338638.09 | BF34: 51530.834 | BG34: =MEDIAN!BG$3 -> 5.2301357 | BH34: =MEDIAN!BH$3 -> 6.1937647 | BI34: =MEDIAN!BI$3 -> 3.6700337 | BJ34: 0.045180723 | BK34: -0.0272 | BL34: 0.10996564 | BM34: 0.14099709 | BN34: 0.12036629 | BO34: 0.1064529 | BP34: 0.904 | BQ34: 0.488 | BR34: 2.4274287 | BS34: 33 | BT34: 23.380813 | BU34: 0.784 | BV34: 0.296 | BW34: 2.0973653 | BX34: 26 | BY34: 19.963951
A35: COBEN_CZCOBEN040 | B35: 23.41996 | C35: 0.83962963 | D35: 12.774563 | E35: 24.191768 | F35: 23.92133 | G35: 26.49717 | H35: 23.326384 | I35: 0.91286115 | J35: 0.010697398 | K35: 0.011372493 | L35: 1.0501066 | M35: 0.37947957 | N35: 1.7702145 | O35: 0.48436096 | P35: 0.48671981 | Q35: 2.2118397 | R35: 2.2325004 | S35: 2.3971388 | T35: 1.1282861 | U35: 0.0011538615 | V35: 0.002166628 | W35: 0.0010499631 | X35: 0.001779408 | Y35: 0.0190665 | Z35: 0.032539884 | AA35: 0.024578906 | AB35: 0.022095428 | AC35: 0.3366394 | AD35: -1.033844 | AE35: 0.19897461 | AF35: -0.22234344 | AG35: 0.81594086 | AH35: -0.31245422 | AI35: 0.15979767 | AJ35: 0.29319763 | AK35: 0 | AL35: 0 | AM35: 0 | AN35: 0 | AO35: =MEDIAN!AO3 -> 0.62038545 | AP35: 0.60324715 | AQ35: 0.02576024 | AR35: 0.035850196 | AS35: 0.022778806 | AT35: 0.053131792 | AU35: =MEDIAN!AU3 -> 0.27781266 | AV35: 0.26849165 | AW35: 0.0072839495 | AX35: 0.0097957718 | AY35: 0.028923224 | AZ35: 0.015609635 | BA35: =MEDIAN!BA3 -> 1.007879 | BB35: =MEDIAN!BB3 -> 234729.99 | BC35: =MEDIAN!BC3 -> 41425.407 | BD35: 1.1305203 | BE35: 361474.8 | BF35: 62811.01 | BG35: 6.5104167 | BH35: 8.798148 | BI35: 13.333333 | BJ35: 0.02810916 | BK35: -0.013919505 | BL35: =MEDIAN!BL3 -> 0.15317213 | BM35: 0.23002942 | BN35: =MEDIAN!BN3 -> 0.12036629 | BO35: 0.13748796 | BP35: =MEDIAN!BP3 -> 0.616 | BQ35: =MEDIAN!BQ3 -> 0.208 | BR35: =MEDIAN!BR3 -> 2.299635 | BS35: =MEDIAN!BS3 -> 25 | BT35: =MEDIAN!BT3 -> 15.100125 | BU35: 0.752 | BV35: 0.408 | BW35: 2.8596687 | BX35: 34 | BY35: 28.161354
A36: COBEN_CZCOBEN042 | B36: 18.166129 | C36: 0.44785714 | D36: 10.245 | E36: 3.3929265 | F36: 16.602289 | G36: 19.430823 | H36: 8.4333972 | I36: 0.5994653 | J36: 0.025011305 | K36: 0.099530647 | L36: 6.3725655 | M36: 4.2763059 | N36: 0.51370087 | O36: 0.35993902 | P36: 1.9751259 | Q36: 7.2859721 | R36: 7.2030485 | S36: 4.8703893 | T36: 3.221077 | U36: 0.013094781 | V36: 0.0035561462 | W36: 0.0032312653 | X36: 0.013246853 | Y36: 0.096557522 | Z36: 0.11259759 | AA36: 0.09753319 | AB36: 0.19854977 | AC36: -0.16687012 | AD36: -1.2298431 | AE36: -1.1681366 | AF36: 0.58648682 | AG36: -0.93478394 | AH36: 0.84185791 | AI36: -1.6073151 | AJ36: 0.13291931 | AK36: 37.056 | AL36: 0 | AM36: 0 | AN36: 42.703 | AO36: 0.40284992 | AP36: 0.40687794 | AQ36: 0.16349045 | AR36: 0.037053556 | AS36: 0.25205615 | AT36: 0.1866125 | AU36: 0.27282115 | AV36: 0.31709555 | AW36: 0.22043872 | AX36: 0.17748966 | AY36: 0.59652449 | AZ36: 0.27307867 | BA36: 1.0080859 | BB36: 438656.74 | BC36: 68062.921 | BD36: 1.0395067 | BE36: 262450.39 | BF36: 57375.929 | BG36: 3.5578748 | BH36: 7.8920046 | BI36: -7.3529412 | BJ36: 0.059041371 | BK36: -0.013202797 | BL36: 0.20301885 | BM36: 0.22615156 | BN36: 0.13009384 | BO36: 0.14595274 | BP36: 0.552 | BQ36: 0.216 | BR36: 3.8367546 | BS36: 28 | BT36: 10.69866 | BU36: 0.432 | BV36: 0.128 | BW36: 3.7037387 | BX36: 25 | BY36: 11.129782
A37: COBEN_CZCOBEN044 | B37: 21.179215 | C37: 0.55952381 | D37: 26.716375 | E37: 29.782948 | F37: 30.817567 | G37: 34.353244 | H37: 26.910381 | I37: 0.78801809 | J37: 0.046342903 | K37: 0.019784642 | L37: 0.74671731 | M37: 0.33343822 | N37: 0.29193349 | O37: 0.31638422 | P37: 0.29416539 | Q37: 2.6211602 | R37: 1.5455696 | S37: 1.3208679 | T37: 0.80206921 | U37: 0.0008109056 | V37: 0.00041509428 | W37: 0.0010641228 | X37: 0.0010601416 | Y37: 0.015841259 | Z37: 0.0078048665 | AA37: 0.0086948155 | AB37: 0.020157489 | AC37: -1.684845 | AD37: 0.73634338 | AE37: -0.16619873 | AF37: -0.52151489 | AG37: -0.28807068 | AH37: 0.97583008 | AI37: -0.42274475 | AJ37: 1.379776 | AK37: 0 | AL37: 0 | AM37: 0 | AN37: 0.037 | AO37: 0.60616008 | AP37: 0.62277837 | AQ37: 0.096102578 | AR37: 0.011653187 | AS37: 0.067559887 | AT37: 0.1551999 | AU37: 0.27045361 | AV37: 0.30535418 | AW37: 0.028351186 | AX37: 0.017020405 | AY37: 0.04921918 | AZ37: 0.027019387 | BA37: 1.0598415 | BB37: 379131.9 | BC37: 64094.708 | BD37: 1.1326153 | BE37: 371080.72 | BF37: 68801.457 | BG37: 4.7953964 | BH37: 26.659295 | BI37: -27.419355 | BJ37: 0.063424959 | BK37: -0.0030445344 | BL37: 0.13103871 | BM37: 0.19784572 | BN37: 0.15025676 | BO37: 0.18280186 | BP37: 0.444 | BQ37: 0.104 | BR37: 2.1788361 | BS37: 22 | BT37: 11.09537 | BU37: 0.548 | BV37: 0.116 | BW37: 2.1049862 | BX37: 24 | BY37: 18.414151
A38: COBEN_CZCOBEN046 | B38: 25.433201 | C38: 0.4708 | D38: 14.502062 | E38: 28.470769 | F38: 20.715579 | G38: 32.09247 | H38: 24.961218 | I38: 68.449604 | J38: 0.57756404 | K38: 0.87642103 | L38: 83.455564 | M38: 0.29049748 | N38: 0.26804305 | O38: 0.2546616 | P38: 1.4132184 | Q38: 1.4020574 | R38: 1.5286911 | S38: 1.713047 | T38: 1.7815093 | U38: 0.0010719971 | V38: 0.0009452235 | W38: 0.0014733077 | X38: 0.0011110814 | Y38: 0.012496149 | Z38: 0.0080390291 | AA38: 0.0098695582 | AB38: 0.034927011 | AC38: 1.2355042 | AD38: -1.4902039 | AE38: -0.1321106 | AF38: 1.2955933 | AG38: 1.1347046 | AH38: -3.2642517 | AI38: -0.95571899 | AJ38: 0.28552246 | AK38: 0 | AL38: 0 | AM38: 0 | AN38: 0.069 | AO38: 0.59835108 | AP38: 0.56020912 | AQ38: 0.0081925326 | AR38: 0.046374446 | AS38: 0.065501437 | AT38: 0.020408524 | AU38: 0.25290358 | AV38: 0.27031656 | AW38: 0.0050525565 | AX38: 0.0058637564 | AY38: 0.017246969 | AZ38: 0.02815745 | BA38: 1.049441 | BB38: 635242.02 | BC38: 121133.29 | BD38: 1.1438705 | BE38: 738322.47 | BF38: 135043.25 | BG38: 5.6475904 | BH38: 3.7112546 | BI38: 4.7619048 | BJ38: 0.036821493 | BK38: -0.0052027972 | BL38: 0.15959063 | BM38: 0.19796795 | BN38: 0.10979328 | BO38: 0.15470732 | BP38: 0.536 | BQ38: 0.16 | BR38: 3.2341969 | BS38: 35 | BT38: 13.310173 | BU38: 0.544 | BV38: 0.152 | BW38: 3.0007543 | BX38: 32 | BY38: 18.107909
A39: COBEN_CZCOBEN047 | B39: 21.152427 | C39: 0.61958333 | D39: 16.472562 | E39: 20.100904 | F39: 26.811617 | G39: 31.339339 | H39: 20.133148 | I39: 0.27385987 | J39: 0.0047114559 | K39: 0.0088257187 | L39: 0.78817242 | M39: 0.39739009 | N39: 0.32523725 | O39: 0.32492833 | P39: 0.45648144 | Q39: 2.7099228 | R39: 2.8132613 | S39: 2.0146366 | T39: 1.3211882 | U39: 0.003297535 | V39: 0.0018541696 | W39: 0.0023517777 | X39: 0.0030569434 | Y39: 0.039281162 | Z39: 0.017456493 | AA39: 0.014540627 | AB39: 0.042186208 | AC39: 0.39154053 | AD39: 0.14601135 | AE39: -0.78253174 | AF39: 0.27560425 | AG39: -0.81752014 | AH39: 0.11849976 | AI39: -0.89476013 | AJ39: 0.77095032 | AK39: 0 | AL39: 0 | AM39: 0 | AN39: 0 | AO39: 0.59020234 | AP39: 0.54803609 | AQ39: 0.26879417 | AR39: 0.042820181 | AS39: 0.05554221 | AT39: 0.23352787 | AU39: 0.2948002 | AV39: 0.29093957 | AW39: 0.15549653 | AX39: 0.025079255 | AY39: 0.092834575 | AZ39: 0.13983283 | BA39: 1.0999602 | BB39: 506748.12 | BC39: 84817.443 | BD39: 1.1311522 | BE39: 538791.52 | BF39: 96716.863 | BG39: 5.013369 | BH39: 5.4163396 | BI39: -3.5714286 | BJ39: 0.029874688 | BK39: -0.0016442688 | BL39: 0.20094533 | BM39: 0.25158469 | BN39: 0.11492369 | BO39: 0.1478337 | BP39: 0.544 | BQ39: 0.148 | BR39: 2.1746649 | BS39: 24 | BT39: 10.038102 | BU39: 0.752 | BV39: 0.232 | BW39: 2.256631 | BX39: 29 | BY39: 19.717952
A40: COBEN_CZCOBEN048 | B40: 18.485223 | C40: 0.69823529 | D40: 13.070063 | E40: 26.157462 | F40: 30.238255 | G40: 34.580971 | H40: 25.408764 | I40: 1.7980522 | J40: 0.030190293 | K40: 0.016098577 | L40: 1.6909875 | M40: 0.28522146 | N40: 0.23811538 | O40: 0.30626539 | P40: 0.4630883 | Q40: 1.3327886 | R40: 1.6226282 | S40: 3.0266349 | T40: 1.025113 | U40: 0.002168154 | V40: 0.0005421812 | W40: 0.00083251592 | X40: 0.0017018579 | Y40: 0.014469169 | Z40: 0.011298096 | AA40: 0.012700975 | AB40: 0.014187458 | AC40: -0.50267029 | AD40: -0.79559326 | AE40: 0.55505371 | AF40: 1.679184 | AG40: -1.0962372 | AH40: -0.92910767 | AI40: -0.46803284 | AJ40: 0.5826416 | AK40: 0 | AL40: 0 | AM40: 0 | AN40: 0.077 | AO40: 0.51844088 | AP40: 0.56997081 | AQ40: 0.029262278 | AR40: 0.013772505 | AS40: 0.052058494 | AT40: 0.088243643 | AU40: 0.28103363 | AV40: 0.30040222 | AW40: 0.012667319 | AX40: 0.0085955186 | AY40: 0.10967373 | AZ40: 0.031516316 | BA40: 1.1505283 | BB40: 522910.03 | BC40: 90515.459 | BD40: 1.0986486 | BE40: 385384.63 | BF40: 70602.078 | BG40: 5.1510989 | BH40: 3.7457459 | BI40: 7.1428571 | BJ40: 0.043016802 | BK40: -0.0026325123 | BL40: 0.23248439 | BM40: 0.21698356 | BN40: 0.094907455 | BO40: 0.16335024 | BP40: 0.772 | BQ40: 0.388 | BR40: 2.721555 | BS40: 29 | BT40: 27.466986 | BU40: 0.552 | BV40: 0.176 | BW40: 2.326781 | BX40: 24 | BY40: 17.625146
A41: COBEN_CZCOBEN049 | B41: 21.59031 | C41: 0.46444444 | D41: 8.2025625 | E41: 27.851368 | F41: 31.251803 | G41: 9.8746215 | H41: 26.813709 | I41: 2.7432194 | J41: 0.010589445 | K41: 0.015924253 | L41: 3.0140055 | M41: 0.42659249 | N41: 0.28818568 | O41: 0.76338086 | P41: 0.7456131 | Q41: 2.2333538 | R41: 1.98087 | S41: 7.9564841 | T41: 1.3479015 | U41: 0.0012156363 | V41: 0.00085818924 | W41: 0.0069088532 | X41: 0.0014817764 | Y41: 0.019144286 | Z41: 0.013390842 | AA41: 0.21585756 | AB41: 0.02158799 | AC41: -0.84623718 | AD41: 0.36430359 | AE41: 5.5334625 | AF41: 0.57859802 | AG41: 0.40560913 | AH41: -1.7877045 | AI41: 6.9903107 | AJ41: 0.016525269 | AK41: 0 | AL41: 0 | AM41: 0 | AN41: 0 | AO41: 0.5921286 | AP41: 0.60564476 | AQ41: 0.051042751 | AR41: 0.01854051 | AS41: 0.029476865 | AT41: 0.087097837 | AU41: 0.27654698 | AV41: 0.28144534 | AW41: 0.10426305 | AX41: 0.0070245171 | AY41: 0.038171193 | AZ41: 0.096201447 | BA41: 1.2295564 | BB41: 463410.97 | BC41: 91070.173 | BD41: 1.123686 | BE41: 468882.04 | BF41: 81505.219 | BG41: 4.7709924 | BH41: 23.162235 | BI41: -9.6153846 | BJ41: 0.10787411 | BK41: 0.011976471 | BL41: 0.21387273 | BM41: 0.23069618 | BN41: 0.13723946 | BO41: 0.141459 | BP41: 0.536 | BQ41: 0.148 | BR41: 3.165774 | BS41: 44 | BT41: 26.042612 | BU41: 0.416 | BV41: 0.104 | BW41: 3.3546957 | BX41: 23 | BY41: 15.222733
A42: COBEN_CZCOBEN050 | B42: 8.0123954 | C42: 0.345 | D42: 8.3600625 | E42: 15.405184 | F42: 26.674452 | G42: 15.357297 | H42: 15.561063 | I42: 0.34401845 | J42: 0.0032851695 | K42: 0.0049563987 | L42: 0.32376871 | M42: 1.039487 | N42: 0.48549227 | O42: 0.48880816 | P42: 0.84569128 | Q42: 5.5233019 | R42: 2.425396 | S42: 6.5525223 | T42: 2.8433419 | U42: 0.0049090109 | V42: 0.0016621617 | W42: 0.0014958638 | X42: 0.0047050251 | Y42: 0.069885234 | Z42: 0.025228813 | AA42: 0.17161309 | AB42: 0.057457791 | AC42: -3.2011642 | AD42: 0.22161102 | AE42: 0.23846436 | AF42: 0.2154541 | AG42: -4.3573303 | AH42: 1.285347 | AI42: 0.80706024 | AJ42: 0.90441132 | AK42: 0 | AL42: 0 | AM42: 0 | AN42: 0.48 | AO42: 0.55182138 | AP42: 0.62078815 | AQ42: 0.095749834 | AR42: 0.020755521 | AS42: 0.058560854 | AT42: 0.15755765 | AU42: 0.28811995 | AV42: 0.27256232 | AW42: 0.018079532 | AX42: 0.047000072 | AY42: 0.20738507 | AZ42: 0.082084648 | BA42: 1.1032676 | BB42: 156563.04 | BC42: 29122.63 | BD42: 1.1872619 | BE42: 129066.27 | BF42: 32106.726 | BG42: =MEDIAN!BG$3 -> 5.2301357 | BH42: =MEDIAN!BH$3 -> 6.1937647 | BI42: =MEDIAN!BI$3 -> 3.6700337 | BJ42: 0.030852503 | BK42: 0.0352 | BL42: 0.23754411 | BM42: 0.18057544 | BN42: 0.094040805 | BO42: 0.11973158 | BP42: 0.744 | BQ42: 0.384 | BR42: 2.8634265 | BS42: 15 | BT42: 4.758185 | BU42: 0.676 | BV42: 0.312 | BW42: 3.3975257 | BX42: 14 | BY42: 4.3591246
A43: COBEN_CZCOBEN052 | B43: 19.776423 | C43: 0.68190476 | D43: 13.415062 | E43: 17.105673 | F43: 26.765047 | G43: 11.901896 | H43: 14.284777 | I43: 0.66227789 | J43: 0.027007886 | K43: 0.024301832 | L43: 0.81659264 | M43: 0.72381174 | N43: 0.3342682 | O43: 2.9629005 | P43: 1.6415693 | Q43: 1.5790691 | R43: 1.2262123 | S43: 5.2632299 | T43: 1.0449499 | U43: 0.00449556 | V43: 0.0014617802 | W43: 0.023051082 | X43: 0.011001336 | Y43: 0.0182133 | Z43: 0.0090447487 | AA43: 0.10612426 | AB43: 0.020224161 | AC43: 1.6208954 | AD43: -0.3039093 | AE43: -0.33190918 | AF43: 1.1750641 | AG43: 1.7415466 | AH43: 0.69804382 | AI43: -1.3784637 | AJ43: 1.4111786 | AK43: 0 | AL43: 0 | AM43: 4.082 | AN43: 0.075 | AO43: 0.68462767 | AP43: 0.64952741 | AQ43: 0.044043299 | AR43: 0.0079249146 | AS43: 0.064527022 | AT43: 0.084340021 | AU43: 0.3079209 | AV43: 0.31585748 | AW43: 0.010226961 | AX43: 0.007506864 | AY43: 0.19899092 | AZ43: 0.018162095 | BA43: 1.0880655 | BB43: 226246.09 | BC43: 43271.027 | BD43: 1.099811 | BE43: 245251.59 | BF43: 47438.842 | BG43: 2.2949816 | BH43: 11.504159 | BI43: 13.333333 | BJ43: 0.015106705 | BK43: -0.0033454545 | BL43: 0.15669428 | BM43: 0.21453389 | BN43: 0.1338691 | BO43: 0.18074761 | BP43: 0.508 | BQ43: 0.132 | BR43: 2.6362163 | BS43: 28 | BT43: 16.369349 | BU43: 0.528 | BV43: 0.144 | BW43: 2.5084339 | BX43: 23 | BY43: 21.295481
A44: COBEN_CZCOBEN053 | B44: 22.294837 | C44: 0.70296296 | D44: 16.537562 | E44: 18.058334 | F44: 23.464357 | G44: 36.751208 | H44: 14.140788 | I44: 0.58286215 | J44: 0.0095250109 | K44: 0.0061446539 | L44: 0.77306299 | M44: 0.90287879 | N44: 2.737503 | O44: 0.41226196 | P44: 1.7365731 | Q44: 2.6355399 | R44: 2.0126312 | S44: 1.400521 | T44: 1.6879506 | U44: 0.004904855 | V44: 0.0053435392 | W44: 0.00063104631 | X44: 0.012108791 | Y44: 0.030290584 | Z44: 0.018306322 | AA44: 0.010800771 | AB44: 0.043494409 | AC44: -0.61909485 | AD44: 0.58045959 | AE44: -1.6924438 | AF44: -3.1400604 | AG44: -2.4896851 | AH44: 3.4503784 | AI44: -0.78649902 | AJ44: -7.0613861 | AK44: 0 | AL44: 0.68 | AM44: 0 | AN44: 1.091 | AO44: 0.68728096 | AP44: 0.62547935 | AQ44: 0.11830252 | AR44: 0.067387758 | AS44: 0.0076717221 | AT44: 0.17609255 | AU44: 0.32915386 | AV44: 0.31319129 | AW44: 0.015909108 | AX44: 0.016339026 | AY44: 0.019111203 | AZ44: 0.097071664 | BA44: 1.0009235 | BB44: 196735.46 | BC44: 30443.923 | BD44: 0.96329443 | BE44: 189338.45 | BF44: 32017.777 | BG44: 5.6306306 | BH44: 12.999288 | BI44: 20.833333 | BJ44: 0.17388748 | BK44: 0.00016783217 | BL44: 0.098471886 | BM44: 0.16388119 | BN44: 0.11353324 | BO44: 0.15537607 | BP44: 0.632 | BQ44: 0.152 | BR44: 1.4126316 | BS44: 31 | BT44: 20.06399 | BU44: 0.736 | BV44: 0.196 | BW44: 1.5498265 | BX44: 27 | BY44: 26.120741
A45: COBEN_CZCOBEN054 | B45: 22.515215 | C45: 0.6162069 | D45: 19.518812 | E45: 20.137622 | F45: 19.270572 | G45: 23.463014 | H45: 20.81176 | I45: 0.20337732 | J45: 0.0079571063 | K45: 0.009053593 | L45: 0.24819318 | M45: 2.4494037 | N45: 2.1038481 | O45: 1.6392377 | P45: 1.927976 | Q45: 3.0087437 | R45: 3.9571565 | S45: 2.9623996 | T45: 1.5994247 | U45: 0.0052444038 | V45: 0.0095536226 | W45: 0.0038607788 | X45: 0.0048737946 | Y45: 0.05285631 | Z45: 0.077542544 | AA45: 0.042583249 | AB45: 0.037322586 | AC45: -4.5763092 | AD45: -3.8686218 | AE45: -0.80865479 | AF45: -2.7348022 | AG45: -4.9422302 | AH45: -14.443161 | AI45: 1.6379852 | AJ45: -0.59945679 | AK45: 0 | AL45: 0 | AM45: 0 | AN45: 0.975 | AO45: 0.70571346 | AP45: 0.67595472 | AQ45: 0.17490411 | AR45: 0.057248432 | AS45: 0.14112008 | AT45: 0.1920034 | AU45: 0.31662947 | AV45: 0.28506827 | AW45: 0.30596401 | AX45: 0.036254641 | AY45: 0.52687996 | AZ45: 0.30583953 | BA45: 1.1296716 | BB45: 176614.56 | BC45: 34408.044 | BD45: 1.0381535 | BE45: 195361.18 | BF45: 41125.09 | BG45: 4.7348485 | BH45: 6.7533393 | BI45: 13.636364 | BJ45: 0.045010193 | BK45: -0.0087208791 | BL45: 0.28316354 | BM45: 0.27428383 | BN45: 0.10749839 | BO45: 0.14134415 | BP45: 0.752 | BQ45: 0.248 | BR45: 2.2555602 | BS45: 39 | BT45: 22.936653 | BU45: 0.588 | BV45: 0.108 | BW45: 2.1864751 | BX45: 30 | BY45: 22.665317
A46: COBEN_CZCOBEN055 | B46: 9.3281669 | C46: 0.41857143 | D46: 14.439187 | E46: 20.637209 | F46: 25.247288 | G46: 25.911309 | H46: 19.138993 | I46: 0.86817954 | J46: 0.012555009 | K46: 0.021237925 | L46: 0.9819308 | M46: 0.34711317 | N46: 0.3329863 | O46: 0.45781751 | P46: 0.78708877 | Q46: 3.6276167 | R46: 2.2678961 | S46: 3.680293 | T46: 1.4082332 | U46: 0.00284021 | V46: 0.0016603397 | W46: 0.0019527994 | X46: 0.0033148143 | Y46: 0.034764955 | Z46: 0.020445709 | AA46: 0.035604737 | AB46: 0.036621051 | AC46: 1.1438751 | AD46: 0.6934967 | AE46: -2.0436554 | AF46: -0.26112366 | AG46: 0.99395752 | AH46: 1.214859 | AI46: -1.5850677 | AJ46: 0.79232788 | AK46: 0 | AL46: 0 | AM46: 0 | AN46: 0.347 | AO46: 0.55641687 | AP46: 0.55821537 | AQ46: 0.10042482 | AR46: 0.0075946339 | AS46: 0.010309216 | AT46: 0.168205 | AU46: 0.24278734 | AV46: 0.26149884 | AW46: 0.029075048 | AX46: 0.0045014915 | AY46: 0.17473663 | AZ46: 0.047916429 | BA46: 1.0331819 | BB46: 275613.01 | BC46: 48009.276 | BD46: 1.0620156 | BE46: 202338.22 | BF46: 37533.243 | BG46: 4.857513 | BH46: 2.5920526 | BI46: 4.7619048 | BJ46: 0.022356398 | BK46: -0.0076628352 | BL46: 0.14492005 | BM46: 0.11924168 | BN46: 0.077001556 | BO46: 0.1665015 | BP46: 0.4 | BQ46: 0.128 | BR46: 2.4277536 | BS46: 16 | BT46: 9.45881 | BU46: 0.496 | BV46: 0.088 | BW46: 2.965512 | BX46: 9 | BY46: 5.9251134
A47: COBEN_CZCOBEN057 | B47: 19.690727 | C47: 0.45478261 | D47: 14.126125 | E47: 24.127472 | F47: 26.662774 | G47: 25.737351 | H47: 25.650475 | I47: 0.82627234 | J47: 0.032243479 | K47: 0.0062521159 | L47: 0.69890543 | M47: 0.55004898 | N47: 0.39821751 | O47: 0.5310582 | P47: 0.60883456 | Q47: 3.5182563 | R47: 1.2445094 | S47: 3.543097 | T47: 1.9360266 | U47: 0.0022459933 | V47: 0.00078279256 | W47: 0.0010701672 | X47: 0.0018248895 | Y47: 0.031921567 | Z47: 0.0084400544 | AA47: 0.058742846 | AB47: 0.025912857 | AC47: 2.4317627 | AD47: 0.53158569 | AE47: 0.37390137 | AF47: -1.88237 | AG47: 1.1140137 | AH47: -0.30804443 | AI47: 3.9852448 | AJ47: -0.53646851 | AK47: 0 | AL47: 0 | AM47: 0 | AN47: 1.774 | AO47: 0.64129458 | AP47: 0.64599129 | AQ47: 0.088792234 | AR47: 0.029305285 | AS47: 0.05756454 | AT47: 0.15427421 | AU47: 0.27483389 | AV47: 0.30567894 | AW47: 0.063931896 | AX47: 0.007825798 | AY47: 0.11826727 | AZ47: 0.16260954 | BA47: 1.0843686 | BB47: 484061.24 | BC47: 89747.333 | BD47: 1.14406 | BE47: 454592.93 | BF47: 84729.922 | BG47: 5.2374302 | BH47: 3.7711135 | BI47: 6.4516129 | BJ47: 0.023841863 | BK47: -0.0033142857 | BL47: 0.15938718 | BM47: 0.17139892 | BN47: 0.1661431 | BO47: 0.16645739 | BP47: 0.64 | BQ47: 0.256 | BR47: 2.0062696 | BS47: 31 | BT47: 18.162297 | BU47: 0.428 | BV47: 0.092 | BW47: 2.3303526 | BX47: 23 | BY47: 14.925
A48: COBEN_CZCOBEN058 | B48: 22.886617 | C48: 0.67533333 | D48: 12.060562 | E48: 25.388469 | F48: 28.530802 | G48: 20.771769 | H48: 22.947322 | I48: 0.56817174 | J48: 0.016607172 | K48: 0.056110312 | L48: 0.71909682 | M48: 0.42578013 | N48: 0.38376576 | O48: 0.38724605 | P48: 0.55618221 | Q48: 1.6539747 | R48: 2.1356337 | S48: 4.8039283 | T48: 1.2231804 | U48: 0.0016841099 | V48: 0.0011528032 | W48: 0.00083966162 | X48: 0.0024389164 | Y48: 0.014881511 | Z48: 0.0144446 | AA48: 0.14742791 | AB48: 0.019768501 | AC48: -0.19274902 | AD48: -0.54263306 | AE48: 0.06312561 | AF48: 0.62091064 | AG48: -0.67881775 | AH48: -0.72189331 | AI48: -0.078460693 | AJ48: -0.72419739 | AK48: 0 | AL48: 0 | AM48: 0 | AN48: 0.998 | AO48: 0.56742782 | AP48: 0.56625086 | AQ48: 0.023521693 | AR48: 0.038469147 | AS48: 0.026374696 | AT48: 0.13814585 | AU48: 0.22843873 | AV48: 0.22845251 | AW48: 0.0099614357 | AX48: 0.12905881 | AY48: 0.011361023 | AZ48: 0.07676391 | BA48: 0.98669638 | BB48: 469541.33 | BC48: 79604.884 | BD48: 1.0311947 | BE48: 431656.12 | BF48: 77925.508 | BG48: 4.857513 | BH48: 7.7113104 | BI48: 5.8823529 | BJ48: 0.048141456 | BK48: -0.0057142857 | BL48: 0.098188336 | BM48: 0.11240775 | BN48: 0.13712087 | BO48: 0.1501116 | BP48: 0.724 | BQ48: 0.252 | BR48: 2.5535019 | BS48: 32 | BT48: 23.363418 | BU48: 0.504 | BV48: 0.128 | BW48: 2.2095917 | BX48: 34 | BY48: 24.019728
A49: COBEN_CZCOBEN059 | B49: 20.801354 | C49: 0.68756757 | D49: 18.229688 | E49: 22.616401 | F49: 25.419367 | G49: 3.9721648 | H49: 21.73213 | I49: 3.1790231 | J49: 0.064841761 | K49: 0.013910163 | L49: 2.7552432 | M49: 0.42946566 | N49: 0.58599691 | O49: 1.435964 | P49: 0.46024085 | Q49: 2.3999264 | R49: 1.4979822 | S49: 0.63421995 | T49: 1.2961623 | U49: 0.0015910013 | V49: 0.001842397 | W49: 0.0070157516 | X49: 0.0019276421 | Y49: 0.044709302 | Z49: 0.013375794 | AA49: 0.19932567 | AB49: 0.037459676 | AC49: 0.62939453 | AD49: 0.031082153 | AE49: 1.9715576 | AF49: -0.62886047 | AG49: -0.2318573 | AH49: -1.4850159 | AI49: -0.1758728 | AJ49: -0.58119202 | AK49: 0 | AL49: 0 | AM49: 10.204 | AN49: 0.77 | AO49: 0.68728226 | AP49: 0.67598612 | AQ49: 0.016233679 | AR49: 0.023463303 | AS49: 0.056945532 | AT49: 0.054147398 | AU49: 0.30207088 | AV49: 0.28627218 | AW49: 0.01024357 | AX49: 0.0081689978 | AY49: 0.19231159 | AZ49: 0.081276537 | BA49: 0.99165534 | BB49: 253802.92 | BC49: 43579.175 | BD49: 0.97707477 | BE49: 257579.62 | BF49: 46882.351 | BG49: 4.8955614 | BH49: 2.885249 | BI49: 8.9534115e-14 | BJ49: 0.015486631 | BK49: -0.0090181818 | BL49: 0.20375938 | BM49: 0.19178737 | BN49: 0.1775412 | BO49: 0.21395708 | BP49: 0.63503125 | BQ49: 0.11503125 | BR49: 1.6318143 | BS49: 28 | BT49: 21.935336 | BU49: 0.632 | BV49: 0.184 | BW49: 1.6975791 | BX49: 38 | BY49: 23.438017
A50: COBEN_CZCOBEN060 | B50: 19.033417 | C50: 0.54677419 | D50: 21.77075 | E50: 28.349056 | F50: 29.791752 | G50: 24.541119 | H50: 25.338186 | I50: 0.15906463 | J50: 0.015686411 | K50: 0.11759722 | L50: 0.11983295 | M50: 0.43960016 | N50: 0.36976148 | O50: 0.52143914 | P50: 1.1203524 | Q50: 1.5556096 | R50: 1.0825275 | S50: 1.9501563 | T50: 1.5651748 | U50: 0.0016005392 | V50: 0.001307321 | W50: 0.0017543883 | X50: 0.0028086286 | Y50: 0.0093508108 | Z50: 0.0076248828 | AA50: 0.036547049 | AB50: 0.014736102 | AC50: 0.82548523 | AD50: -0.51792908 | AE50: -0.075637817 | AF50: -1.8637085 | AG50: -0.77218628 | AH50: -0.63911438 | AI50: 0.80895996 | AJ50: -0.84417725 | AK50: 0 | AL50: 0 | AM50: 0 | AN50: 0.506 | AO50: 0.5598636 | AP50: 0.63373226 | AQ50: 0.055781854 | AR50: 0.033966375 | AS50: 0.044197693 | AT50: 0.15326137 | AU50: 0.23253123 | AV50: 0.25272272 | AW50: 0.0067605963 | AX50: 0.0078108998 | AY50: 0.036355338 | AZ50: 0.089595111 | BA50: 0.88110685 | BB50: 338731.2 | BC50: 47550.755 | BD50: 0.87147135 | BE50: 355179.84 | BF50: 49094.606 | BG50: =MEDIAN!BG$3 -> 5.2301357 | BH50: =MEDIAN!BH$3 -> 6.1937647 | BI50: =MEDIAN!BI$3 -> 3.6700337 | BJ50: 0.018668831 | BK50: 0.011428571 | BL50: 0.10210869 | BM50: 0.13070067 | BN50: 0.15057033 | BO50: 0.15882126 | BP50: 0.816 | BQ50: 0.408 | BR50: 2.2547468 | BS50: 26 | BT50: 24.91283 | BU50: 0.552 | BV50: 0.088 | BW50: 2.3290775 | BX50: 33 | BY50: 16.812852
A51: COBEN_CZCOBEN061 | B51: 13.911301 | C51: 0.53166667 | D51: 12.703812 | E51: 27.467054 | F51: 36.828249 | G51: 29.584586 | H51: 28.187937 | I51: 7.1990645 | J51: 0.022234122 | K51: 0.30204261 | L51: 8.746087 | M51: 0.2967741 | N51: 0.1889761 | O51: 0.40640273 | P51: 0.33065529 | Q51: 0.24158782 | R51: 1.216351 | S51: 3.2311079 | T51: 1.1052607 | U51: 0.0017741005 | V51: 0.00044651098 | W51: 0.00091918682 | X51: 0.0015397226 | Y51: 0.0089020578 | Z51: 0.0056528087 | AA51: 0.035198567 | AB51: 0.0099794429 | AC51: 1.420105 | AD51: 1.2039642 | AE51: -0.79182434 | AF51: 0.031463623 | AG51: 0.85070801 | AH51: 1.8730164 | AI51: 0.29916382 | AJ51: -0.89602661 | AK51: 0 | AL51: 0 | AM51: 0 | AN51: 1.657 | AO51: 0.57102281 | AP51: 0.63125022 | AQ51: 0.017131423 | AR51: 0.006286953 | AS51: 0.041110449 | AT51: 0.058565446 | AU51: 0.2789702 | AV51: 0.30876431 | AW51: 0.0072715762 | AX51: 0.047615563 | AY51: 0.014330209 | AZ51: 0.10804089 | BA51: 1.1898976 | BB51: 582352.63 | BC51: 104538.49 | BD51: 1.096548 | BE51: 521559.38 | BF51: 88298.855 | BG51: 5.9335443 | BH51: 3.9676422 | BI51: 4.4776119 | BJ51: 0.065994997 | BK51: -0.0080571429 | BL51: 0.15278783 | BM51: 0.17504585 | BN51: 0.18856161 | BO51: 0.22305157 | BP51: 0.64 | BQ51: 0.184 | BR51: 1.9012058 | BS51: 26 | BT51: 20.366564 | BU51: 0.54 | BV51: 0.136 | BW51: 2.2475134 | BX51: 14 | BY51: 11.526507
A52: COBEN_CZCOBEN062 | B52: 25.272469 | C52: 0.5425 | D52: 9.2344375 | E52: 27.595075 | F52: 30.643761 | G52: 19.81565 | H52: 26.962059 | I52: 0.03436561 | J52: 0.003652306 | K52: 0.017377949 | L52: 0.050919747 | M52: 0.39292243 | N52: 0.26297669 | O52: 0.52280923 | P52: 0.49588397 | Q52: 1.3627276 | R52: 1.9721805 | S52: 5.5987333 | T52: 1.4670965 | U52: 0.0025268588 | V52: 0.00094186354 | W52: 0.00195558 | X52: 0.0029738336 | Y52: 0.012087464 | Z52: 0.01686427 | AA52: 0.12273025 | AB52: 0.014824612 | AC52: 0.073562622 | AD52: 0.24075317 | AE52: -2.625351 | AF52: -0.45127869 | AG52: 1.3355408 | AH52: -0.15872192 | AI52: -2.3447571 | AJ52: -0.12597656 | AK52: 0 | AL52: 0 | AM52: 0 | AN52: 0.326 | AO52: 0.67232415 | AP52: 0.66405849 | AQ52: 0.081154085 | AR52: 0.054431065 | AS52: 0.031203619 | AT52: 0.22406599 | AU52: 0.28701446 | AV52: 0.30217202 | AW52: 0.023520092 | AX52: 0.0057339422 | AY52: 0.017510071 | AZ52: 0.082077484 | BA52: 1.0833618 | BB52: 216393.62 | BC52: 42408.097 | BD52: 1.0724532 | BE52: 230848.87 | BF52: 45860.354 | BG52: 4.6410891 | BH52: 2.8498321 | BI52: 1.4492754 | BJ52: 0.068922306 | BK52: -0.0039859649 | BL52: 0.10768827 | BM52: 0.17662612 | BN52: 0.089545087 | BO52: 0.15524562 | BP52: 0.872 | BQ52: 0.28 | BR52: 2.6006485 | BS52: 35 | BT52: 19.781479 | BU52: 0.624 | BV52: 0.312 | BW52: 2.4146191 | BX52: 38 | BY52: 21.060391
A53: COBEN_CZCOBEN063 | B53: 22.401966 | C53: 0.44888889 | D53: 18.885063 | E53: 24.955549 | F53: 29.873512 | G53: 23.00505 | H53: 24.797991 | I53: 1.3166405 | J53: 0.014474064 | K53: 0.03781373 | L53: 1.1313783 | M53: 0.29149673 | N53: 0.32758416 | O53: 0.38148986 | P53: 0.29825039 | Q53: 1.6414574 | R53: 2.1376774 | S53: 7.0627881 | T53: 1.7113646 | U53: 0.001171832 | V53: 0.0020047597 | W53: 0.00083298598 | X53: 0.0016589395 | Y53: 0.012835255 | Z53: 0.01026305 | AA53: 0.086376281 | AB53: 0.022714955 | AC53: -0.8291626 | AD53: -0.36405945 | AE53: 0.088897705 | AF53: -0.38667297 | AG53: 0.22389221 | AH53: 2.0318298 | AI53: 1.1171265 | AJ53: -1.9709473 | AK53: 0 | AL53: 0 | AM53: 0 | AN53: 0.106 | AO53: 0.64515082 | AP53: 0.66073006 | AQ53: 0.033145438 | AR53: 0.053647152 | AS53: 0.01878462 | AT53: 0.064999466 | AU53: 0.28060038 | AV53: 0.28111512 | AW53: 0.04266463 | AX53: 0.0059196543 | AY53: 0.03230651 | AZ53: 0.037000795 | BA53: 1.0470343 | BB53: 372883.8 | BC53: 58379.872 | BD53: 1.0323432 | BE53: 367699.92 | BF53: 65632.594 | BG53: 6.3344595 | BH53: 7.2769348 | BI53: 13.636364 | BJ53: 0.09457672 | BK53: -0.018021978 | BL53: 0.12832681 | BM53: 0.18504794 | BN53: 0.093724688 | BO53: 0.17670752 | BP53: 0.748 | BQ53: 0.252 | BR53: 3.2295099 | BS53: 26 | BT53: 19.535812 | BU53: 0.48 | BV53: 0.076 | BW53: 2.5604494 | BX53: 21 | BY53: 15.894729
A54: COBEN_CZCOBEN064 | B54: 19.552273 | C54: 0.67157895 | D54: 10.911812 | E54: 22.502212 | F54: 29.432021 | G54: 24.040117 | H54: 23.270022 | I54: 2.1810022 | J54: 0.0059185189 | K54: 0.078862918 | L54: 2.1600836 | M54: 0.55375965 | N54: 0.401049 | O54: 0.36588869 | P54: 0.5584171 | Q54: 1.974129 | R54: 1.8459208 | S54: 4.0394337 | T54: 1.4684351 | U54: 0.0043460636 | V54: 0.00091994441 | W54: 0.0016625046 | X54: 0.0039416965 | Y54: 0.019095922 | Z54: 0.0053080716 | AA54: 0.076264904 | AB54: 0.019228012 | AC54: 0.097442627 | AD54: -0.88751221 | AE54: 2.6218262 | AF54: 10.187744 | AG54: 1.6940613 | AH54: -0.53979492 | AI54: 2.5314636 | AJ54: 4.1665955 | AK54: 0 | AL54: 0 | AM54: 0 | AN54: 0.276 | AO54: 0.6134115 | AP54: 0.63368641 | AQ54: 0.016147555 | AR54: 0.0090401634 | AS54: 0.050098248 | AT54: 0.04314181 | AU54: 0.32050419 | AV54: 0.32101443 | AW54: 0.031432972 | AX54: 0.11145293 | AY54: 0.048475968 | AZ54: 0.055443907 | BA54: 1.2044749 | BB54: 441341.76 | BC54: 75728.549 | BD54: 1.1028007 | BE54: 338778.71 | BF54: 61597.5 | BG54: 5.5309735 | BH54: 3.0319566 | BI54: 5.0847458 | BJ54: 0.015143288 | BK54: -0.0014769231 | BL54: 0.17117118 | BM54: 0.15095926 | BN54: 0.10963038 | BO54: 0.21003831 | BP54: 0.544 | BQ54: 0.184 | BR54: 3.1043917 | BS54: 31 | BT54: 18.54045 | BU54: 0.664 | BV54: 0.224 | BW54: 2.1176659 | BX54: 20 | BY54: 21.23051
A55: COBEN_CZCOBEN065 | B55: 20.425494 | C55: 0.67 | D55: 18.649875 | E55: 23.814044 | F55: 27.38978 | G55: 19.349922 | H55: 23.465659 | I55: 0.026434809 | J55: 0.0035589718 | K55: 0.0058425796 | L55: 0.10705464 | M55: 0.4678035 | N55: 0.5532019 | O55: 0.64868707 | P55: 0.47216543 | Q55: 3.2645772 | R55: 2.2670638 | S55: 6.2338768 | T55: 1.3815696 | U55: 0.0022861122 | V55: 0.0018690241 | W55: 0.0021377395 | X55: 0.002076493 | Y55: 0.023687438 | Z55: 0.029717499 | AA55: 0.14230957 | AB55: 0.028230631 | AC55: 0.78938293 | AD55: -0.95219421 | AE55: -1.5010681 | AF55: 0.98460388 | AG55: 1.2750854 | AH55: -0.22888184 | AI55: -0.32125854 | AJ55: -0.10040283 | AK55: 0 | AL55: 0 | AM55: 0 | AN55: 0.967 | AO55: 0.64486979 | AP55: 0.622748 | AQ55: 0.31750352 | AR55: 0.066938709 | AS55: 0.16706928 | AT55: 0.52369641 | AU55: 0.26905219 | AV55: 0.26693935 | AW55: 0.10621409 | AX55: 0.0069023242 | AY55: 0.60910958 | AZ55: 0.070872386 | BA55: 1.1705443 | BB55: 566897.71 | BC55: 97060.669 | BD55: 1.0263126 | BE55: 426646.04 | BF55: 65080.134 | BG55: 4.6068796 | BH55: 17.571705 | BI55: -11.688312 | BJ55: 0.10311479 | BK55: -0.015736264 | BL55: 0.14693491 | BM55: 0.19032908 | BN55: 0.10982057 | BO55: 0.20538204 | BP55: 0.496 | BQ55: 0.12 | BR55: 3.1035959 | BS55: 25 | BT55: 16.636835 | BU55: 0.72 | BV55: 0.224 | BW55: 2.9700942 | BX55: 23 | BY55: 22.186823
A56: HIDI LONG_100 | B56: 19.593273 | C56: 0.6415 | D56: 20.010063 | E56: 26.503346 | F56: 27.970363 | G56: 33.217055 | H56: 23.181076 | I56: 0.37191208 | J56: 0.0046091702 | K56: 0.0062384235 | L56: 0.29718317 | M56: 0.38319584 | N56: 0.41713419 | O56: 0.41804206 | P56: 0.33785111 | Q56: 2.9164502 | R56: 2.8324539 | S56: 2.7108973 | T56: 2.9322392 | U56: 0.00097430757 | V56: 0.00091106958 | W56: 0.00080342923 | X56: 0.0017228641 | Y56: 0.01990746 | Z56: 0.025299306 | AA56: 0.015559382 | AB56: 0.026657404 | AC56: 0.63357544 | AD56: -0.80911255 | AE56: -0.3429718 | AF56: 0.82620239 | AG56: -0.14431763 | AH56: 0.033569336 | AI56: -0.70471191 | AJ56: 5.6072083 | AK56: 0 | AL56: 0 | AM56: 0 | AN56: 0 | AO56: 0.60180029 | AP56: 0.63361186 | AQ56: 0.086884407 | AR56: 0.053904994 | AS56: 0.048062695 | AT56: 0.21932949 | AU56: 0.25498387 | AV56: 0.29758803 | AW56: 0.0075772308 | AX56: 0.064326443 | AY56: 0.047354443 | AZ56: 0.14600853 | BA56: 1.0544008 | BB56: 472090.52 | BC56: 71559.944 | BD56: 1.1381933 | BE56: 468222.06 | BF56: 72789.097 | BG56: 6.147541 | BH56: 5.4747102 | BI56: 10.909091 | BJ56: 0.02842526 | BK56: -0.0031890598 | BL56: 0.12472468 | BM56: 0.15292657 | BN56: 0.12501417 | BO56: 0.1773554 | BP56: 0.648 | BQ56: 0.128 | BR56: 2.4456354 | BS56: 29 | BT56: 15.848176 | BU56: 0.688 | BV56: 0.24 | BW56: 2.4454872 | BX56: 22 | BY56: 19.84561
A57: HIDI LONG_1000 | B57: 19.173307 | C57: 0.55904762 | D57: 20.400063 | E57: 29.024178 | F57: 26.791188 | G57: 32.638102 | H57: 24.720529 | I57: 1.2423113 | J57: 0.1644766 | K57: 0.1812438 | L57: 1.0934118 | M57: 0.25511168 | N57: 0.34811518 | O57: 0.30610254 | P57: 0.74338302 | Q57: 1.4808032 | R57: 0.97854642 | S57: 1.5122343 | T57: 0.77403318 | U57: 0.00095717754 | V57: 0.0017287879 | W57: 0.0010532392 | X57: 0.0026009049 | Y57: 0.0093044839 | Z57: 0.0088715504 | AA57: 0.011003527 | AB57: 0.014237386 | AC57: -0.16275024 | AD57: -0.58831787 | AE57: -0.8651123 | AF57: 1.1492462 | AG57: 0.54699707 | AH57: -0.50772095 | AI57: -0.33961487 | AJ57: 1.3027039 | AK57: 0 | AL57: 0 | AM57: 0 | AN57: 3.093 | AO57: 0.58187321 | AP57: 0.64472925 | AQ57: 0.12586037 | AR57: 0.021587375 | AS57: 0.11479487 | AT57: 0.26659683 | AU57: 0.23657857 | AV57: 0.25745027 | AW57: 0.02597569 | AX57: 0.0070764347 | AY57: 0.2057556 | AZ57: 0.11705502 | BA57: 0.96724331 | BB57: 318936.3 | BC57: 52139.219 | BD57: 0.97358627 | BE57: 306268.15 | BF57: 49330.312 | BG57: 5.4034582 | BH57: 17.443054 | BI57: -16.981132 | BJ57: 0.1007667 | BK57: -0.0058181818 | BL57: 0.14599735 | BM57: 0.14251284 | BN57: 0.13674412 | BO57: 0.14210226 | BP57: 0.952 | BQ57: 0.28 | BR57: 2.9108827 | BS57: 32 | BT57: 22.062794 | BU57: 0.592 | BV57: 0.144 | BW57: 2.469744 | BX57: 23 | BY57: 17.089252
A58: HIDI LONG_1100 | B58: 19.380396 | C58: 0.81210526 | D58: 18.485063 | E58: 19.665845 | F58: 22.176022 | G58: 17.801672 | H58: 18.986609 | I58: 3.2388285 | J58: 0.053977118 | K58: 0.051189631 | L58: 3.2923094 | M58: 0.35576075 | N58: 0.40461495 | O58: 0.42453041 | P58: 0.34377716 | Q58: 2.675175 | R58: 2.1496858 | S58: 7.3042901 | T58: 1.9854122 | U58: 0.0014223794 | V58: 0.0017733279 | W58: 0.001253889 | X58: 0.0018619075 | Y58: 0.026015799 | Z58: 0.010249695 | AA58: 0.15545572 | AB58: 0.028987531 | AC58: 0.2833252 | AD58: -0.97897339 | AE58: 1.3457489 | AF58: 0.12315369 | AG58: 0.16241455 | AH58: -0.7612915 | AI58: 0.55523682 | AJ58: 0.28964233 | AK58: 0 | AL58: 0 | AM58: 0 | AN58: 0.054 | AO58: 0.60905172 | AP58: 0.65105464 | AQ58: 0.035794815 | AR58: 0.016509887 | AS58: 0.0095014282 | AT58: 0.057132532 | AU58: 0.27306155 | AV58: 0.30183522 | AW58: 0.014982778 | AX58: 0.010955088 | AY58: 0.017827837 | AZ58: 0.072494091 | BA58: 0.92511565 | BB58: 203815.45 | BC58: 32549.519 | BD58: 1.0550482 | BE58: 269962.65 | BF58: 47742.655 | BG58: =MEDIAN!BG$3 -> 5.2301357 | BH58: =MEDIAN!BH$3 -> 6.1937647 | BI58: =MEDIAN!BI$3 -> 3.6700337 | BJ58: 0.13873381 | BK58: 0.028342857 | BL58: 0.098637022 | BM58: 0.13716618 | BN58: 0.10707186 | BO58: 0.13272709 | BP58: 1.112 | BQ58: 0.284 | BR58: 2.5116814 | BS58: 27 | BT58: 27.562203 | BU58: 0.888 | BV58: 0.224 | BW58: 1.9354975 | BX58: 22 | BY58: 23.887807
A59: HIDI LONG_1200 | B59: 16.280137 | C59: 0.43666667 | D59: 17.502562 | E59: 9.8227075 | F59: 25.489597 | G59: 13.082359 | H59: 5.0497764 | I59: 0.056001977 | J59: 0.0055546783 | K59: 0.0041076468 | L59: 0.10386888 | M59: 3.4864807 | N59: 0.5630594 | O59: 0.90013749 | P59: 5.321158 | Q59: 2.9800733 | R59: 2.6489841 | S59: 4.9925038 | T59: 3.038343 | U59: 0.027547498 | V59: 0.0031041918 | W59: 0.0041524908 | X59: 0.048386409 | Y59: 0.093473042 | Z59: 0.017439563 | AA59: 0.13656172 | AB59: 0.075766249 | AC59: 8.8925018 | AD59: 0.4577713 | AE59: 0.13871765 | AF59: -0.13330078 | AG59: 10.156357 | AH59: 0.38959503 | AI59: 1.7307739 | AJ59: -1.9833603 | AK59: 0 | AL59: 0 | AM59: 0 | AN59: 25.415 | AO59: 0.7352586 | AP59: 0.7031762 | AQ59: 0.1354484 | AR59: 0.011530549 | AS59: 0.021258188 | AT59: 0.28572086 | AU59: 0.27347769 | AV59: 0.25588492 | AW59: 0.14649055 | AX59: 0.11730564 | AY59: 0.04174256 | AZ59: 0.20485332 | BA59: 0.95743793 | BB59: 130789.88 | BC59: 23911.773 | BD59: 0.81862475 | BE59: 128396.38 | BF59: 23941.158 | BG59: =MEDIAN!BG$3 -> 5.2301357 | BH59: =MEDIAN!BH$3 -> 6.1937647 | BI59: =MEDIAN!BI$3 -> 3.6700337 | BJ59: 0.012698413 | BK59: 0.0256 | BL59: 0.11731333 | BM59: 0.095245647 | BN59: 0.071846342 | BO59: 0.072189612 | BP59: 0.632 | BQ59: 0.18 | BR59: 1.6264704 | BS59: 19 | BT59: 12.110839 | BU59: 0.508 | BV59: 0.104 | BW59: 1.0683861 | BX59: 16 | BY59: 11.599598
A60: HIDI LONG_1300 | B60: 17.973332 | C60: 0.47147059 | D60: 7.4125625 | E60: 14.291549 | F60: 22.511481 | G60: 29.345639 | H60: 13.389836 | I60: 0.44556148 | J60: 0.018559488 | K60: 0.0036873757 | L60: 0.35576589 | M60: 1.3550159 | N60: 0.5103528 | O60: 0.48583982 | P60: 1.7068043 | Q60: 4.6489255 | R60: 2.0235359 | S60: 1.0900986 | T60: 2.7867867 | U60: 0.0069783531 | V60: 0.0020292892 | W60: 0.0025914507 | X60: 0.005876812 | Y60: 0.061571421 | Z60: 0.013327414 | AA60: 0.01367907 | AB60: 0.072464609 | AC60: 1.5001678 | AD60: -0.032043457 | AE60: 0.50636292 | AF60: 1.4703369 | AG60: 0.93400574 | AH60: 0.50917053 | AI60: -0.37780762 | AJ60: 1.6853485 | AK60: 0 | AL60: 0 | AM60: 0 | AN60: 4.065 | AO60: 0.52880349 | AP60: 0.51273031 | AQ60: 0.24029285 | AR60: 0.0281354 | AS60: 0.1151054 | AT60: 0.34986732 | AU60: 0.23001962 | AV60: 0.24459556 | AW60: 0.30835337 | AX60: 0.017759902 | AY60: 0.71607712 | AZ60: 0.37419893 | BA60: 0.7983066 | BB60: 88099.932 | BC60: 15741.443 | BD60: 0.871079 | BE60: 91667.727 | BF60: 16986.701 | BG60: =MEDIAN!BG$3 -> 5.2301357 | BH60: =MEDIAN!BH$3 -> 6.1937647 | BI60: =MEDIAN!BI$3 -> 3.6700337 | BJ60: =MEDIAN!BJ$3 -> 0.038052591 | BK60: =MEDIAN!BK$3 -> -0.0048842105 | BL60: 0.087786366 | BM60: 0.11613586 | BN60: 0.12855176 | BO60: 0.24204825 | BP60: 1.34 | BQ60: 0.72 | BR60: 3.3422074 | BS60: 48 | BT60: 20.526053 | BU60: 1.08 | BV60: 0.432 | BW60: 3.0241493 | BX60: 45 | BY60: 12.694498
A61: HIDI LONG_1500 | B61: 23.895361 | C61: 0.62848485 | D61: 24.625062 | E61: 19.080766 | F61: 21.178734 | G61: 30.857485 | H61: 17.799888 | I61: 2.2405911 | J61: 0.13640317 | K61: 0.068516589 | L61: 2.3358774 | M61: 0.51501784 | N61: 0.60718737 | O61: 0.36226679 | P61: 0.61322846 | Q61: 2.0328098 | R61: 1.7848655 | S61: 1.80847 | T61: 1.3255963 | U61: 0.0030351131 | V61: 0.0027012334 | W61: 0.0011423168 | X61: 0.0039291851 | Y61: 0.030768677 | Z61: 0.016094225 | AA61: 0.020390541 | AB61: 0.039115902 | AC61: -0.16207123 | AD61: -0.56786346 | AE61: -0.40036774 | AF61: -0.68749237 | AG61: -0.5927124 | AH61: -0.79817963 | AI61: -0.21044159 | AJ61: -0.30239868 | AK61: 0 | AL61: 0 | AM61: 0 | AN61: 1.627 | AO61: 0.62542133 | AP61: 0.6410375 | AQ61: 0.0088893649 | AR61: 0.021453238 | AS61: 0.17781631 | AT61: 0.036865045 | AU61: 0.30105205 | AV61: 0.3170853 | AW61: 0.010079816 | AX61: 0.0033653576 | AY61: 0.62657747 | AZ61: 0.030592961 | BA61: 0.98519683 | BB61: 217448.01 | BC61: 39098.484 | BD61: 1.147002 | BE61: 237897 | BF61: 49078.599 | BG61: 5.1652893 | BH61: 9.797959 | BI61: 12 | BJ61: 0.059181669 | BK61: -0.02458022 | BL61: 0.10190636 | BM61: 0.11939609 | BN61: 0.090201864 | BO61: 0.14496592 | BP61: 0.704 | BQ61: 0.28 | BR61: 1.5166058 | BS61: 34 | BT61: 25.793804 | BU61: 0.6 | BV61: 0.192 | BW61: 1.9778841 | BX61: 37 | BY61: 23.54016
A62: HIDI LONG_1600 | B62: 10.782309 | C62: 0.46307692 | D62: 13.787375 | E62: 25.366363 | F62: 30.345229 | G62: 31.539724 | H62: 25.170058 | I62: 0.52965131 | J62: 0.0046870961 | K62: 0.0071536593 | L62: 0.48891645 | M62: 0.48257793 | N62: 0.41625308 | O62: 0.55203505 | P62: 1.0378165 | Q62: 2.7705982 | R62: 1.6905633 | S62: 2.6649993 | T62: 2.4411805 | U62: 0.0023218229 | V62: 0.0016616202 | W62: 0.0015342016 | X62: 0.0018342706 | Y62: 0.024217766 | Z62: 0.01121842 | AA62: 0.013240869 | AB62: 0.024750638 | AC62: 1.0143738 | AD62: 1.9299622 | AE62: 1.2129059 | AF62: 1.8542175 | AG62: 2.6275482 | AH62: -1.9627838 | AI62: 1.5024567 | AJ62: 1.9468689 | AK62: 0 | AL62: 0 | AM62: 0 | AN62: 0 | AO62: 0.59099222 | AP62: 0.61279443 | AQ62: 0.1171722 | AR62: 0.046796383 | AS62: 0.049008302 | AT62: 0.15638247 | AU62: 0.30130251 | AV62: 0.28521131 | AW62: 0.066291624 | AX62: 0.043551917 | AY62: 0.060761598 | AZ62: 0.070448904 | BA62: 1.0287344 | BB62: 245355.64 | BC62: 46368.181 | BD62: 0.88405589 | BE62: 259857.79 | BF62: 42358.72 | BG62: =MEDIAN!BG$3 -> 5.2301357 | BH62: =MEDIAN!BH$3 -> 6.1937647 | BI62: =MEDIAN!BI$3 -> 3.6700337 | BJ62: =MEDIAN!BJ$3 -> 0.038052591 | BK62: =MEDIAN!BK$3 -> -0.0048842105 | BL62: 0.10948745 | BM62: 0.14840821 | BN62: 0.10586543 | BO62: 0.12493278 | BP62: 0.864 | BQ62: 0.328 | BR62: 2.2406987 | BS62: 41 | BT62: 16.670207 | BU62: 0.648 | BV62: 0.24 | BW62: 2.3160573 | BX62: 15 | BY62: 7.9190069
A63: HIDI LONG_1700 | B63: 16.380921 | C63: 0.666875 | D63: 21.265062 | E63: 22.101919 | F63: 27.436972 | G63: 28.960928 | H63: 19.77217 | I63: 3.143439 | J63: 0.023492146 | K63: 0.01492889 | L63: 2.5849194 | M63: 1.169453 | N63: 0.96254953 | O63: 1.0335336 | P63: 1.7990194 | Q63: 5.0955904 | R63: 1.7935018 | S63: 2.1537737 | T63: 2.5431749 | U63: 0.0019583488 | V63: 0.0017116836 | W63: 0.0020936999 | X63: 0.0028372585 | Y63: 0.040622394 | Z63: 0.011012017 | AA63: 0.015331855 | AB63: 0.05337292 | AC63: -3.4629517 | AD63: 2.5627747 | AE63: -0.73396301 | AF63: 0.2959137 | AG63: 0.53366089 | AH63: 5.6734314 | AI63: 0.39602661 | AJ63: 3.6975708 | AK63: 0 | AL63: 0 | AM63: 0 | AN63: 0 | AO63: 0.6833321 | AP63: 0.6696962 | AQ63: 0.050635073 | AR63: 0.015145646 | AS63: 0.22136971 | AT63: 0.055605803 | AU63: 0.30667379 | AV63: 0.32994645 | AW63: 0.022456167 | AX63: 0.018744002 | AY63: 0.59589841 | AZ63: 0.038489126 | BA63: 1.1888895 | BB63: 160247.93 | BC63: 36840.395 | BD63: 1.2090384 | BE63: 197443.71 | BF63: 40727.571 | BG63: 4.6296296 | BH63: 8.8724136 | BI63: 17.647059 | BJ63: 0.021100164 | BK63: -0.027466667 | BL63: 0.12837695 | BM63: 0.15755522 | BN63: 0.13915825 | BO63: 0.15987434 | BP63: 0.708 | BQ63: 0.276 | BR63: 2.6801182 | BS63: 16 | BT63: 17.904749 | BU63: 0.648 | BV63: 0.192 | BW63: 2.773767 | BX63: 17 | BY63: 17.5854
A64: HIDI LONG_1800 | B64: 22.679627 | C64: 0.60894737 | D64: 9.3500625 | E64: 28.413352 | F64: 29.156436 | G64: 33.752979 | H64: 26.542958 | I64: 0.65976028 | J64: 0.018000719 | K64: 0.015033001 | L64: 0.67587665 | M64: 0.43036791 | N64: 0.40166428 | O64: 0.34266938 | P64: 0.41338642 | Q64: 1.4296251 | R64: 1.6011851 | S64: 1.0858177 | T64: 1.6130121 | U64: 0.0015996976 | V64: 0.0014552123 | W64: 0.00097216631 | X64: 0.0023402752 | Y64: 0.01084361 | Z64: 0.0098118081 | AA64: 0.011671805 | AB64: 0.016600548 | AC64: -1.3691483 | AD64: -0.87574768 | AE64: -0.85791016 | AF64: 1.7377625 | AG64: -1.5762253 | AH64: -1.087326 | AI64: -0.24375153 | AJ64: 0.66223145 | AK64: 0 | AL64: 0 | AM64: 0 | AN64: 0 | AO64: 0.56894894 | AP64: 0.61656461 | AQ64: 0.019168696 | AR64: 0.024895658 | AS64: 0.012447698 | AT64: 0.048951243 | AU64: 0.2509642 | AV64: 0.28400911 | AW64: 0.014822861 | AX64: 0.011460176 | AY64: 0.014406509 | AZ64: 0.056459655 | BA64: 0.89624857 | BB64: 127791.31 | BC64: 26087.402 | BD64: 0.96605976 | BE64: 158446.82 | BF64: 28085.212 | BG64: 5.7164634 | BH64: 4.8333096 | BI64: 3.6363636 | BJ64: 0.029555553 | BK64: -0.002406015 | BL64: 0.095277357 | BM64: 0.14188746 | BN64: 0.098908574 | BO64: 0.12879898 | BP64: 0.568 | BQ64: 0.248 | BR64: 3.4319187 | BS64: 34 | BT64: 26.172728 | BU64: 0.688 | BV64: 0.148 | BW64: 2.7186056 | BX64: 23 | BY64: 20.789658
A65: HIDI LONG_1900 | B65: 20.554526 | C65: 0.7073913 | D65: 10.245062 | E65: 21.865245 | F65: 28.220784 | G65: 21.423772 | H65: 20.440572 | I65: 0.33308598 | J65: 0.0063161207 | K65: 0.018677829 | L65: 0.43599847 | M65: 0.98320696 | N65: 0.84449911 | O65: 1.0131028 | P65: 1.0779926 | Q65: 2.7270769 | R65: 2.1306461 | S65: 4.8868505 | T65: 1.6485601 | U65: 0.0035881849 | V65: 0.00242587 | W65: 0.0023753202 | X65: 0.0037382415 | Y65: 0.017663446 | Z65: 0.01640888 | AA65: 0.089357563 | AB65: 0.024955439 | AC65: 0.30595398 | AD65: -0.5335083 | AE65: 0.63124084 | AF65: -0.60775757 | AG65: -0.53045654 | AH65: -0.44802856 | AI65: 0.38220215 | AJ65: -2.3698425 | AK65: 0 | AL65: 0 | AM65: 0 | AN65: 0 | AO65: 0.67262114 | AP65: 0.62409946 | AQ65: 0.064868258 | AR65: 0.028919357 | AS65: 0.098613133 | AT65: 0.17826479 | AU65: 0.28804629 | AV65: 0.29587253 | AW65: 0.020569466 | AX65: 0.019217841 | AY65: 0.019104635 | AZ65: 0.069253434 | BA65: 0.97554093 | BB65: 171883.18 | BC65: 32229.991 | BD65: 1.0514882 | BE65: 298784.01 | BF65: 54043.097 | BG65: =MEDIAN!BG$3 -> 5.2301357 | BH65: =MEDIAN!BH$3 -> 6.1937647 | BI65: =MEDIAN!BI$3 -> 3.6700337 | BJ65: 0.0078802206 | BK65: -0.056 | BL65: 0.097624484 | BM65: 0.15240362 | BN65: 0.13961879 | BO65: 0.1970401 | BP65: 0.576 | BQ65: 0.12 | BR65: 2.2930806 | BS65: 43 | BT65: 22.881599 | BU65: 0.716 | BV65: 0.272 | BW65: 2.1201359 | BX65: 24 | BY65: 23.623431
A66: HIDI LONG_200 | B66: 20.390807 | C66: 0.6895 | D66: 9.1025625 | E66: 17.203319 | F66: 18.130645 | G66: 26.556237 | H66: 16.008214 | I66: 0.469402 | J66: 0.081613629 | K66: 0.021196079 | L66: 1.1504719 | M66: 0.87232652 | N66: 0.95232413 | O66: 0.83840056 | P66: 0.99243896 | Q66: 3.0400692 | R66: 3.8507499 | S66: 2.1850376 | T66: 1.1854326 | U66: 0.0034793478 | V66: 0.0038179615 | W66: 0.0028434285 | X66: 0.0048176129 | Y66: 0.028522696 | Z66: 0.038466249 | AA66: 0.020834612 | AB66: 0.046612806 | AC66: 1.5134583 | AD66: 0.93511963 | AE66: 1.2458038 | AF66: -0.48335266 | AG66: 3.9307556 | AH66: 0.35806274 | AI66: 0.44807434 | AJ66: 1.0288086 | AK66: 0 | AL66: 0 | AM66: 0 | AN66: 0.221 | AO66: 0.58210036 | AP66: 0.59280981 | AQ66: 0.26787126 | AR66: 0.012959355 | AS66: 0.21450735 | AT66: 0.2227358 | AU66: 0.24990091 | AV66: 0.25732214 | AW66: 0.28724971 | AX66: 0.0091445758 | AY66: 0.40059613 | AZ66: 0.30883811 | BA66: 0.90404261 | BB66: 263178.84 | BC66: 42891.367 | BD66: 0.92437271 | BE66: 260319.59 | BF66: 44912.477 | BG66: 4.7229219 | BH66: 2.5517717 | BI66: 4.7043349e-14 | BJ66: 0.027291947 | BK66: 0.00029090909 | BL66: 0.15974301 | BM66: 0.17219217 | BN66: 0.099139796 | BO66: 0.12664623 | BP66: 0.56 | BQ66: 0.192 | BR66: 3.5197577 | BS66: 38 | BT66: 19.03797 | BU66: 0.524 | BV66: 0.176 | BW66: 2.3290166 | BX66: 26 | BY66: 20.1686
A67: HIDI LONG_2000 | B67: 14.677164 | C67: 0.42411765 | D67: 5.1450625 | E67: 17.095226 | F67: 26.439229 | G67: 31.028096 | H67: 16.376584 | I67: 6.4323103 | J67: 0.010351489 | K67: 0.11134736 | L67: 6.5575236 | M67: 1.1716308 | N67: 1.0513343 | O67: 0.44003952 | P67: 1.7138557 | Q67: 4.192437 | R67: 2.7373334 | S67: 1.6452234 | T67: 3.8300369 | U67: 0.0042231629 | V67: 0.0014079729 | W67: 0.00098572777 | X67: 0.004016186 | Y67: 0.049128856 | Z67: 0.043556897 | AA67: 0.020906186 | AB67: 0.038382434 | AC67: -0.80236816 | AD67: 2.6248932 | AE67: -2.862381 | AF67: -0.038375854 | AG67: -0.62930298 | AH67: 3.0741577 | AI67: -4.1126404 | AJ67: 1.4203033 | AK67: 2.03 | AL67: 0 | AM67: 0 | AN67: 9.785 | AO67: 0.59838194 | AP67: 0.60582871 | AQ67: 0.058017056 | AR67: 0.0053191584 | AS67: 0.025784881 | AT67: 0.057479103 | AU67: 0.27148793 | AV67: 0.292548 | AW67: 0.039491393 | AX67: 0.044659676 | AY67: 0.026640325 | AZ67: 0.058786404 | BA67: 0.98752708 | BB67: 276177.51 | BC67: 43378.584 | BD67: 1.0676746 | BE67: 313024.16 | BF67: 52459.764 | BG67: 5.4985337 | BH67: 15.33174 | BI67: 13.114754 | BJ67: 0.07642988 | BK67: -0.0093986014 | BL67: 0.17906732 | BM67: 0.16565886 | BN67: 0.13443889 | BO67: 0.12234752 | BP67: 0.936 | BQ67: 0.36 | BR67: 1.949597 | BS67: 25 | BT67: 11.849239 | BU67: 0.656 | BV67: 0.248 | BW67: 2.2866027 | BX67: 26 | BY67: 9.0791432
A68: HIDI LONG_2100 | B68: 22.190453 | C68: 0.67448276 | D68: 11.442562 | E68: 20.484551 | F68: 23.756293 | G68: 5.9990249 | H68: 21.366438 | I68: 0.026182894 | J68: 0.0014511101 | K68: 0.00075812213 | L68: 0.019455723 | M68: 1.1193732 | N68: 0.76212374 | O68: 2.7405652 | P68: 1.0564228 | Q68: 2.9477742 | R68: 3.798786 | S68: 7.5877512 | T68: 2.2516603 | U68: 0.0035169866 | V68: 0.0022925774 | W68: 0.018664631 | X68: 0.0038221664 | Y68: 0.060111635 | Z68: 0.070354725 | AA68: 0.28651582 | AB68: 0.051768494 | AC68: 2.2421417 | AD68: -2.0351105 | AE68: -0.57025146 | AF68: -5.1931381 | AG68: 1.2607269 | AH68: -1.923584 | AI68: 3.8897858 | AJ68: -2.2248077 | AK68: 0 | AL68: 0 | AM68: 4.082 | AN68: 0 | AO68: 0.60015086 | AP68: 0.56885231 | AQ68: 0.19041073 | AR68: 0.039973548 | AS68: 0.25322153 | AT68: 0.52950809 | AU68: 0.23492541 | AV68: 0.2385217 | AW68: 0.15443152 | AX68: 0.040431599 | AY68: 0.54600591 | AZ68: 0.29953137 | BA68: 0.96210003 | BB68: 97275.642 | BC68: 20516.22 | BD68: 0.93327797 | BE68: 158896.55 | BF68: 25635.679 | BG68: =MEDIAN!BG$3 -> 5.2301357 | BH68: =MEDIAN!BH$3 -> 6.1937647 | BI68: =MEDIAN!BI$3 -> 3.6700337 | BJ68: 0 | BK68: -0.064 | BL68: 0.1805034 | BM68: 0.19488829 | BN68: 0.07916308 | BO68: 0.090067818 | BP68: 0.424 | BQ68: 0.12 | BR68: 4.2137294 | BS68: 21 | BT68: 9.5740388 | BU68: 0.668 | BV68: 0.28 | BW68: 2.7787665 | BX68: 33 | BY68: 23.131866
A69: HIDI LONG_2200 | B69: 24.85583 | C69: 0.4348 | D69: 11.842562 | E69: 21.050823 | F69: 22.610106 | G69: 21.614782 | H69: 17.258672 | I69: 0.31085999 | J69: 0.0079416179 | K69: 0.014968131 | L69: 0.29189774 | M69: 0.95003336 | N69: 0.97666125 | O69: 0.92730815 | P69: 0.85766202 | Q69: 2.9504527 | R69: 1.8348987 | S69: 3.3142122 | T69: 2.8904194 | U69: 0.0036272432 | V69: 0.0040338992 | W69: 0.0029664426 | X69: 0.0071243295 | Y69: 0.032281522 | Z69: 0.030689682 | AA69: 0.053136637 | AB69: 0.046040509 | AC69: 2.0474319 | AD69: 1.7601852 | AE69: -1.5481567 | AF69: -1.7241211 | AG69: 0.50020599 | AH69: 1.5337296 | AI69: -3.3628998 | AJ69: -1.0815735 | AK69: 0 | AL69: 0 | AM69: 0 | AN69: 0 | AO69: 0.62038545 | AP69: 0.62016415 | AQ69: 0.087716301 | AR69: 0.016721053 | AS69: 0.037877168 | AT69: 0.24274085 | AU69: 0.26498366 | AV69: 0.23634843 | AW69: 0.044919807 | AX69: 0.023341982 | AY69: 0.043494807 | AZ69: 0.30485566 | BA69: 0.94315963 | BB69: 206085.88 | BC69: 30803.591 | BD69: 0.8554427 | BE69: 118993.59 | BF69: 19671.677 | BG69: 3.8981289 | BH69: 9.3523616 | BI69: -6 | BJ69: 0.037932365 | BK69: -0.0021818182 | BL69: 0.13414176 | BM69: 0.12865537 | BN69: 0.08209511 | BO69: 0.13825812 | BP69: 0.664 | BQ69: 0.224 | BR69: 2.9909063 | BS69: 36 | BT69: 23.117653 | BU69: 0.672 | BV69: 0.216 | BW69: 2.5945645 | BX69: 37 | BY69: 15.798007
A70: HIDI LONG_2400 | B70: 17.821986 | C70: 0.813 | D70: 20.530062 | E70: 22.322841 | F70: 34.669496 | G70: 27.787805 | H70: 22.30927 | I70: 0.26564352 | J70: 0.0059162714 | K70: 0.016845815 | L70: 0.38376153 | M70: 0.53092623 | N70: 0.38405578 | O70: 0.37499877 | P70: 0.88507099 | Q70: 8.0847701 | R70: 1.3800366 | S70: 1.7616795 | T70: 2.6450291 | U70: 0.0019043154 | V70: 0.00088953677 | W70: 0.0010275127 | X70: 0.0030831542 | Y70: 0.0136156 | Z70: 0.0089405737 | AA70: 0.032418088 | AB70: 0.019243201 | AC70: -0.86909485 | AD70: 0.49333191 | AE70: 1.42659 | AF70: -1.918251 | AG70: -0.72263336 | AH70: -0.29206848 | AI70: 1.6754913 | AJ70: -2.6412582 | AK70: 0 | AL70: 0 | AM70: 0 | AN70: 2.341 | AO70: 0.71531972 | AP70: 0.67499997 | AQ70: 0.046691818 | AR70: 0.0046659404 | AS70: 0.0091100353 | AT70: 0.099526231 | AU70: 0.28177494 | AV70: 0.27161851 | AW70: 0.045254057 | AX70: 0.0063196997 | AY70: 0.01311514 | AZ70: 0.054074577 | BA70: 1.0628137 | BB70: 233453.25 | BC70: 38981.155 | BD70: 0.96997566 | BE70: 231404.74 | BF70: 37635.266 | BG70: 5.3418803 | BH70: 2.4282989 | BI70: 3.2258065 | BJ70: 0.020073772 | BK70: -0.011670588 | BL70: 0.20281185 | BM70: 0.20513695 | BN70: 0.12331124 | BO70: 0.12952383 | BP70: 0.868 | BQ70: 0.236 | BR70: 2.587034 | BS70: 25 | BT70: 17.670962 | BU70: 0.856 | BV70: 0.288 | BW70: 2.6978698 | BX70: 20 | BY70: 24.148791
A71: HIDI LONG_2500 | B71: 25.583308 | C71: 0.59809524 | D71: 18.252562 | E71: 27.467778 | F71: 28.35606 | G71: 33.09463 | H71: 25.543613 | I71: 0.24872144 | J71: 0.014179356 | K71: 0.018707399 | L71: 0.21317853 | M71: 0.51694701 | N71: 0.75004282 | O71: 0.6473981 | P71: 0.63021023 | Q71: 1.4083825 | R71: 1.2511107 | S71: 1.7536919 | T71: 1.1152199 | U71: 0.0018021229 | V71: 0.0012307774 | W71: 0.0010916718 | X71: 0.0023929615 | Y71: 0.012974196 | Z71: 0.0080338388 | AA71: 0.010793031 | AB71: 0.01499059 | AC71: 0.13214111 | AD71: -0.20552063 | AE71: 1.3526459 | AF71: 0.57543945 | AG71: 1.3056793 | AH71: -0.74234009 | AI71: 2.0462341 | AJ71: 1.1894989 | AK71: 0 | AL71: 0 | AM71: 0 | AN71: 0.22 | AO71: 0.681294 | AP71: 0.66512681 | AQ71: 0.04923703 | AR71: 0.010978058 | AS71: 0.23924448 | AT71: 0.081404855 | AU71: 0.2423942 | AV71: 0.20671136 | AW71: 0.37253759 | AX71: 0.0083692527 | AY71: 0.40269432 | AZ71: 0.27410166 | BA71: 0.85402716 | BB71: 160222.19 | BC71: 22925.343 | BD71: 0.71039932 | BE71: 155579.52 | BF71: 19378.675 | BG71: 4.4221698 | BH71: 3.795167 | BI71: -2.7777778 | BJ71: 0.021090909 | BK71: -0.00089440994 | BL71: 0.12833139 | BM71: 0.10709674 | BN71: 0.21401038 | BO71: 0.24964647 | BP71: 0.476 | BQ71: 0.104 | BR71: 2.6319676 | BS71: 54 | BT71: 21.370233 | BU71: 0.508 | BV71: 0.164 | BW71: 2.1845891 | BX71: 45 | BY71: 24.559976
A72: HIDI LONG_2600 | B72: 19.428343 | C72: 0.6525 | D72: 14.307562 | E72: 34.442585 | F72: 35.049866 | G72: 32.870666 | H72: 34.653916 | I72: 0.36054043 | J72: 0.012577304 | K72: 0.14804729 | L72: 0.26751994 | M72: 0.44260124 | N72: 0.46016755 | O72: 0.52491807 | P72: 0.53538336 | Q72: 1.6398784 | R72: 1.5105035 | S72: 3.9120311 | T72: 1.1988102 | U72: 0.00054816013 | V72: 0.00078652055 | W72: 0.0007957952 | X72: 0.00080466853 | Y72: 0.0070378738 | Z72: 0.0057201736 | AA72: 0.020618131 | AB72: 0.010368628 | AC72: -0.49026489 | AD72: 0.55897522 | AE72: -0.4175415 | AF72: -5.7637787 | AG72: -0.22039795 | AH72: 0.70968628 | AI72: 0.16091919 | AJ72: -3.8657227 | AK72: 0 | AL72: 0 | AM72: 0 | AN72: 0 | AO72: 0.61614454 | AP72: 0.65536453 | AQ72: 0.063935628 | AR72: 0.019738997 | AS72: 0.098488956 | AT72: 0.3742397 | AU72: 0.24987621 | AV72: 0.24583323 | AW72: 0.010387182 | AX72: 0.42276903 | AY72: 0.11902806 | AZ72: 0.14273807 | BA72: 0.97004602 | BB72: 348928.51 | BC72: 53299.154 | BD72: 0.93864247 | BE72: 308216.92 | BF72: 50114.835 | BG72: 4.1759465 | BH72: 22.497633 | BI72: 20.689655 | BJ72: 0.069064748 | BK72: -0.0096 | BL72: 0.10727612 | BM72: 0.13273733 | BN72: 0.13955213 | BO72: 0.19360691 | BP72: 0.68 | BQ72: 0.384 | BR72: 3.7103614 | BS72: 26 | BT72: 18.943022 | BU72: 0.512 | BV72: 0.22 | BW72: 2.8111378 | BX72: 26 | BY72: 20.200495
A73: HIDI LONG_2700 | B73: 30.61792 | C73: 0.67456522 | D73: 2.8775625 | E73: 7.5702468 | F73: 13.890238 | G73: 10.367899 | H73: 8.5826303 | I73: 0.18136058 | J73: 0.017892784 | K73: 0.015016616 | L73: 0.15836349 | M73: 2.6453704 | N73: 2.1507631 | O73: 2.5845173 | P73: 2.2222993 | Q73: 3.4639821 | R73: 2.5553352 | S73: 2.8509661 | T73: 3.4688749 | U73: 0.016817249 | V73: 0.006891094 | W73: 0.012834296 | X73: 0.011322316 | Y73: 0.17229209 | Z73: 0.09218158 | AA73: 0.18225758 | AB73: 0.10125512 | AC73: -2.433136 | AD73: -9.3748627 | AE73: 0.79811096 | AF73: 10.293457 | AG73: -1.2067871 | AH73: -9.0678101 | AI73: -4.2425385 | AJ73: 14.134613 | AK73: 7.107 | AL73: 0 | AM73: 0 | AN73: 5.282 | AO73: 0.50949697 | AP73: 0.59923943 | AQ73: 0.24652084 | AR73: 0.066833897 | AS73: 0.15215215 | AT73: 0.17495969 | AU73: 0.24473503 | AV73: 0.2501582 | AW73: 0.093312724 | AX73: 0.025771482 | AY73: 0.22884607 | AZ73: 0.050815496 | BA73: 0.84308712 | BB73: 113689.72 | BC73: 19493.74 | BD73: 0.87150798 | BE73: 106743.08 | BF73: 20915.965 | BG73: =MEDIAN!BG$3 -> 5.2301357 | BH73: =MEDIAN!BH$3 -> 6.1937647 | BI73: =MEDIAN!BI$3 -> 3.6700337 | BJ73: =MEDIAN!BJ$3 -> 0.038052591 | BK73: =MEDIAN!BK$3 -> -0.0048842105 | BL73: 0.12602899 | BM73: 0.16375827 | BN73: 0.18431507 | BO73: 0.18117216 | BP73: 0.872 | BQ73: 0.248 | BR73: 1.2942396 | BS73: 33 | BT73: 35.604764 | BU73: 0.76 | BV73: 0.192 | BW73: 1.7660384 | BX73: 48 | BY73: 33.615925
A74: HIDI LONG_2800 | B74: 22.602395 | C74: 0.44 | D74: 20.197563 | E74: 30.911363 | F74: 31.844981 | G74: 11.147099 | H74: 24.245257 | I74: 0.26874009 | J74: 0.0034267186 | K74: 0.038910367 | L74: 0.24656186 | M74: 0.32133574 | N74: 0.42027698 | O74: 0.64036753 | P74: 1.0434472 | Q74: 1.786328 | R74: 1.1418863 | S74: 4.6312955 | T74: 1.0029569 | U74: 0.0011241188 | V74: 0.0011905783 | W74: 0.0028365046 | X74: 0.0061933361 | Y74: 0.0097945873 | Z74: 0.011556257 | AA74: 0.138025 | AB74: 0.014173939 | AC74: 0.67285919 | AD74: 1.1448288 | AE74: 1.7861633 | AF74: -0.4690094 | AG74: 1.4651184 | AH74: 0.096656799 | AI74: 4.9390869 | AJ74: 0.77461243 | AK74: 0 | AL74: 0 | AM74: 0.68 | AN74: 1.29 | AO74: 0.71416502 | AP74: 0.67043663 | AQ74: 0.032223751 | AR74: 0.01634089 | AS74: 0.019987361 | AT74: 0.11148132 | AU74: 0.30306551 | AV74: 0.30160007 | AW74: 0.019960246 | AX74: 0.041258998 | AY74: 0.012459978 | AZ74: 0.054812651 | BA74: 0.94421471 | BB74: 239234.25 | BC74: 37536.569 | BD74: 0.97872974 | BE74: 271406.89 | BF74: 42703.253 | BG74: 4.8955614 | BH74: 5.6328379 | BI74: 2.3255814 | BJ74: 0.041316389 | BK74: -0.0010955665 | BL74: 0.14110631 | BM74: 0.20671797 | BN74: 0.17125498 | BO74: 0.19491119 | BP74: 0.456 | BQ74: 0.072 | BR74: 1.7332522 | BS74: 30 | BT74: 11.754863 | BU74: 0.424 | BV74: 0.08 | BW74: 1.8489371 | BX74: 24 | BY74: 15.570539
A75: HIDI LONG_2900 | B75: 17.629956 | C75: 0.51684211 | D75: 18.965062 | E75: 23.223746 | F75: 28.814115 | G75: 31.910757 | H75: 19.616511 | I75: 1.1257999 | J75: 0.016930694 | K75: 0.060359832 | L75: 1.1885816 | M75: 0.57619388 | N75: 0.46135031 | O75: 0.3561111 | P75: 1.4587285 | Q75: 2.7160398 | R75: 1.928311 | S75: 1.3959563 | T75: 1.3196513 | U75: 0.0016330103 | V75: 0.0015025416 | W75: 0.0014364197 | X75: 0.0055180755 | Y75: 0.019113567 | Z75: 0.012491032 | AA75: 0.010832188 | AB75: 0.023466487 | AC75: 1.1303711 | AD75: 0.22674561 | AE75: -1.3741302 | AF75: 3.6650848 | AG75: 0.050003052 | AH75: 0.12202454 | AI75: -0.72488403 | AJ75: 1.6367188 | AK75: 0 | AL75: 0 | AM75: 0 | AN75: 0.37 | AO75: 0.65415043 | AP75: 0.64711313 | AQ75: 0.022948137 | AR75: 0.013445438 | AS75: 0.026787422 | AT75: 0.12677992 | AU75: 0.238565 | AV75: 0.25191358 | AW75: 0.011122714 | AX75: 0.0065073943 | AY75: 0.028494024 | AZ75: 0.026401685 | BA75: 0.86859881 | BB75: 289700.52 | BC75: 44778.584 | BD75: 0.93449885 | BE75: 290541.64 | BF75: 49190.665 | BG75: 5.2966102 | BH75: 4.8921777 | BI75: 4.8387097 | BJ75: 0.030374575 | BK75: -0.010416714 | BL75: 0.165 | BM75: 0.15676923 | BN75: 0.1215654 | BO75: 0.17955097 | BP75: 0.592 | BQ75: 0.16 | BR75: 2.1506245 | BS75: 25 | BT75: 15.120866 | BU75: 0.48 | BV75: 0.116 | BW75: 2.1099227 | BX75: 22 | BY75: 14.250881
A76: HIDI LONG_300 | B76: 21.630597 | C76: 0.58615385 | D76: 19.227563 | E76: 20.155492 | F76: 24.017755 | G76: 27.146815 | H76: 19.443349 | I76: 1.0916255 | J76: 0.06465901 | K76: 0.027137496 | L76: 1.2127673 | M76: 0.66153624 | N76: 0.6782096 | O76: 0.51728364 | P76: 0.62259525 | Q76: 2.4823578 | R76: 1.9081606 | S76: 2.1063882 | T76: 1.9294775 | U76: 0.0029337341 | V76: 0.0027546027 | W76: 0.0022900404 | X76: 0.0034151765 | Y76: 0.029155177 | Z76: 0.016943228 | AA76: 0.025928006 | AB76: 0.05030707 | AC76: -1.5269089 | AD76: -0.17475128 | AE76: -0.68031311 | AF76: 0.502388 | AG76: -1.3753052 | AH76: -0.73319244 | AI76: -1.4318161 | AJ76: 1.8217926 | AK76: 0 | AL76: 0 | AM76: 0 | AN76: 0 | AO76: 0.68226372 | AP76: 0.67008167 | AQ76: 0.018876156 | AR76: 0.014479679 | AS76: 0.015196158 | AT76: 0.041958375 | AU76: 0.30273921 | AV76: 0.30661704 | AW76: 0.0055064752 | AX76: 0.0091167364 | AY76: 0.033692768 | AZ76: 0.021850504 | BA76: 0.92403784 | BB76: 227347.41 | BC76: 31638.887 | BD76: 0.97439503 | BE76: 193788.05 | BF76: 29457.937 | BG76: 5.1652893 | BH76: 5.9362375 | BI76: 6.779661 | BJ76: 0.0282169 | BK76: -0.0022815959 | BL76: 0.1121071 | BM76: 0.13362883 | BN76: 0.12894914 | BO76: 0.17789003 | BP76: 0.612 | BQ76: 0.204 | BR76: 1.9117874 | BS76: 29 | BT76: 19.175386 | BU76: 0.568 | BV76: 0.128 | BW76: 2.08127 | BX76: 26 | BY76: 21.131429
A77: HIDI LONG_3000 | B77: 15.296867 | C77: 0.55411765 | D77: 26.417562 | E77: 20.083928 | F77: 24.916528 | G77: 28.995889 | H77: 22.384586 | I77: 1.7771472 | J77: 0.027546878 | K77: 0.13872489 | L77: 2.1488272 | M77: 0.44007399 | N77: 0.42994692 | O77: 0.46213388 | P77: 0.41724205 | Q77: 3.5397726 | R77: 2.8024757 | S77: 1.4732551 | T77: 2.0261281 | U77: 0.0025349322 | V77: 0.0015299957 | W77: 0.0015329639 | X77: 0.0021571687 | Y77: 0.059220547 | Z77: 0.011074024 | AA77: 0.021129839 | AB77: 0.03430851 | AC77: -0.68499756 | AD77: 0.20774841 | AE77: -1.4315643 | AF77: -0.31653595 | AG77: -0.23377228 | AH77: -0.4526825 | AI77: -1.1210632 | AJ77: -0.9172287 | AK77: 0 | AL77: 0 | AM77: 0 | AN77: 0 | AO77: 0.65839382 | AP77: 0.64756444 | AQ77: 0.033046049 | AR77: 0.034812309 | AS77: 0.010306815 | AT77: 0.059477546 | AU77: 0.28641981 | AV77: 0.28178528 | AW77: 0.017430261 | AX77: 0.028293383 | AY77: 0.03761623 | AZ77: 0.078605953 | BA77: 0.98913473 | BB77: 249197.63 | BC77: 40314.111 | BD77: 1.0342181 | BE77: 219519.96 | BF77: 43520.67 | BG77: 5.9713376 | BH77: 2.677038 | BI77: 4.9180328 | BJ77: 0.047817519 | BK77: -0.0038692407 | BL77: 0.1507112 | BM77: 0.16913532 | BN77: 0.1434661 | BO77: 0.14036702 | BP77: 0.596 | BQ77: 0.196 | BR77: 2.2765803 | BS77: 30 | BT77: 16.74158 | BU77: 0.448 | BV77: 0.16 | BW77: 2.4111023 | BX77: 19 | BY77: 13.418305
A78: HIDI LONG_3100 | B78: 25.042369 | C78: 0.53965517 | D78: 25.550062 | E78: 23.229045 | F78: 27.676081 | G78: 29.209473 | H78: 17.933292 | I78: 0.60400524 | J78: 0.0041202652 | K78: 0.026493542 | L78: 0.5883942 | M78: 0.7068962 | N78: 0.88203109 | O78: 0.88024937 | P78: 1.5484129 | Q78: 2.4406778 | R78: 1.977772 | S78: 1.0431296 | T78: 1.9087967 | U78: 0.0022674666 | V78: 0.0021382761 | W78: 0.0023296911 | X78: 0.0096802675 | Y78: 0.024542858 | Z78: 0.019621494 | AA78: 0.011800359 | AB78: 0.036888493 | AC78: -0.80078888 | AD78: -2.9518738 | AE78: -1.6433411 | AF78: -0.050132751 | AG78: -0.40634918 | AH78: -1.8686142 | AI78: -0.69481659 | AJ78: -1.2929611 | AK78: 0 | AL78: 0 | AM78: 0 | AN78: 0.313 | AO78: 0.68246327 | AP78: 0.69683992 | AQ78: 0.0340949 | AR78: 0.0077073287 | AS78: 0.036915726 | AT78: 0.095877691 | AU78: 0.30766441 | AV78: 0.29457794 | AW78: 0.070399999 | AX78: 0.016038879 | AY78: 0.060393773 | AZ78: 0.10682084 | BA78: 1.0671163 | BB78: 161299.71 | BC78: 31134.023 | BD78: 1.1116292 | BE78: 178610.9 | BF78: 37200.555 | BG78: 6.377551 | BH78: 12.110601 | BI78: 16.666667 | BJ78: 0.074226087 | BK78: -0.0029839572 | BL78: 0.10125439 | BM78: 0.1498402 | BN78: 0.083599608 | BO78: 0.1600459 | BP78: 0.644 | BQ78: 0.212 | BR78: 1.5707834 | BS78: 28 | BT78: 16.85798 | BU78: 0.552 | BV78: 0.168 | BW78: 1.9664112 | BX78: 32 | BY78: 21.4034
A79: HIDI LONG_3200 | B79: 19.61549 | C79: 0.45652174 | D79: 22.895063 | E79: 24.912319 | F79: 28.401296 | G79: 28.875599 | H79: 21.646334 | I79: 0.17553439 | J79: 0.016149449 | K79: 0.073672364 | L79: 0.3244204 | M79: 0.56507185 | N79: 0.44223865 | O79: 0.43750912 | P79: 1.029438 | Q79: 3.5691626 | R79: 1.5241767 | S79: 1.8329781 | T79: 1.9721366 | U79: 0.0019787876 | V79: 0.0020271147 | W79: 0.0011953979 | X79: 0.0036008852 | Y79: 0.020817969 | Z79: 0.016753219 | AA79: 0.021906774 | AB79: 0.031213427 | AC79: 1.8607941 | AD79: 0.68997192 | AE79: 0.38502502 | AF79: 2.3173981 | AG79: -1.7158051 | AH79: 1.3181458 | AI79: -0.33427429 | AJ79: 0.90168762 | AK79: 0 | AL79: 0 | AM79: 0 | AN79: 0 | AO79: 0.54555504 | AP79: 0.55711009 | AQ79: 0.15201597 | AR79: 0.022858366 | AS79: 0.044115465 | AT79: 0.10765899 | AU79: 0.22744197 | AV79: 0.24783812 | AW79: 0.072510921 | AX79: 0.018970759 | AY79: 0.033600774 | AZ79: 0.061775384 | BA79: 0.80264662 | BB79: 206044.63 | BC79: 32341.077 | BD79: 0.81320116 | BE79: 218877.04 | BF79: 32275.643 | BG79: 4.5955882 | BH79: 5.8650963 | BI79: 9.8360656 | BJ79: 0.034352695 | BK79: -0.0048842105 | BL79: 0.15039113 | BM79: 0.16404049 | BN79: 0.14094638 | BO79: 0.19071259 | BP79: 0.552 | BQ79: 0.104 | BR79: 2.4957465 | BS79: 32 | BT79: 17.260205 | BU79: 0.496 | BV79: 0.068 | BW79: 2.2419568 | BX79: 23 | BY79: 14.924829
A80: HIDI LONG_3300 | B80: 17.533286 | C80: 0.48083333 | D80: 12.510063 | E80: 27.272098 | F80: 29.560954 | G80: 28.640087 | H80: 24.888969 | I80: 0.84932085 | J80: 0.019502072 | K80: 0.010203422 | L80: 0.71939899 | M80: 0.39788245 | N80: 0.30103476 | O80: 0.44738271 | P80: 0.7766314 | Q80: 2.3834909 | R80: 2.1410496 | S80: 1.9542486 | T80: 1.5035663 | U80: 0.0013041236 | V80: 0.0015000206 | W80: 0.0025125682 | X80: 0.0023957808 | Y80: 0.01587841 | Z80: 0.010825831 | AA80: 0.020539178 | AB80: 0.022556612 | AC80: -0.32707214 | AD80: -0.85925293 | AE80: -0.18917847 | AF80: 0.14570618 | AG80: 0.035446167 | AH80: -0.52639771 | AI80: -1.3150177 | AJ80: 3.0482941 | AK80: 0 | AL80: 0 | AM80: 0 | AN80: 0.16 | AO80: 0.67278622 | AP80: 0.63058577 | AQ80: 0.044607226 | AR80: 0.018068585 | AS80: 0.018159763 | AT80: 0.30259767 | AU80: 0.31379255 | AV80: 0.30469856 | AW80: 0.024341252 | AX80: 0.072345866 | AY80: 0.089923748 | AZ80: 0.063810727 | BA80: 0.98560566 | BB80: 231269.52 | BC80: 45032.655 | BD80: 0.95031391 | BE80: 204106.22 | BF80: 39665.778 | BG80: =MEDIAN!BG$3 -> 5.2301357 | BH80: =MEDIAN!BH$3 -> 6.1937647 | BI80: =MEDIAN!BI$3 -> 3.6700337 | BJ80: 0.012537313 | BK80: -0.0208 | BL80: 0.12124996 | BM80: 0.16380629 | BN80: 0.14927607 | BO80: 0.19107962 | BP80: 0.508 | BQ80: 0.096 | BR80: 2.1707651 | BS80: 24 | BT80: 10.556311 | BU80: 0.412 | BV80: 0.072 | BW80: 1.6664016 | BX80: 17 | BY80: 12.256111
A81: HIDI LONG_400 | B81: 22.856213 | C81: 0.60272727 | D81: 12.602562 | E81: 24.262253 | F81: 28.719527 | G81: 35.618859 | H81: 23.08712 | I81: 1.808207 | J81: 0.0054647671 | K81: 0.0052417906 | L81: 1.5630427 | M81: 0.56539168 | N81: 0.71327587 | O81: 0.60149754 | P81: 0.8170662 | Q81: 4.8815929 | R81: 2.2074992 | S81: 1.6956564 | T81: 3.4325268 | U81: 0.0010950746 | V81: 0.0017655629 | W81: 0.00087454579 | X81: 0.0015083478 | Y81: 0.032155075 | Z81: 0.016348698 | AA81: 0.013007194 | AB81: 0.046518754 | AC81: 0.15473938 | AD81: -1.2972794 | AE81: -0.20948792 | AF81: -1.0206757 | AG81: -0.38526917 | AH81: -0.80258942 | AI81: 0.068161011 | AJ81: 1.0509186 | AK81: 0 | AL81: 0 | AM81: 0 | AN81: 0 | AO81: 0.65986282 | AP81: 0.66144431 | AQ81: 0.029000527 | AR81: 0.015747909 | AS81: 0.015877438 | AT81: 0.07565473 | AU81: 0.28192515 | AV81: 0.27810137 | AW81: 0.0174699 | AX81: 0.018612875 | AY81: 0.018999178 | AZ81: 0.021775113 | BA81: 0.91029841 | BB81: 217978.85 | BC81: 33065.491 | BD81: 0.93788374 | BE81: 213353.38 | BF81: 36143.358 | BG81: 5.4505814 | BH81: 3.7711135 | BI81: -4.8387097 | BJ81: 0.0343878 | BK81: -0.0045913043 | BL81: 0.1524348 | BM81: 0.2201187 | BN81: 0.12408889 | BO81: 0.16335748 | BP81: 0.528 | BQ81: 0.128 | BR81: 1.9959438 | BS81: 38 | BT81: 22.414652 | BU81: 0.656 | BV81: 0.144 | BW81: 2.935056 | BX81: 24 | BY81: 21.919743
A82: HIDI LONG_500 | B82: 13.587822 | C82: 0.51 | D82: 12.507563 | E82: 19.930373 | F82: 29.2847 | G82: 23.287125 | H82: 20.082862 | I82: 0.49410733 | J82: 0.0046452401 | K82: 0.048392434 | L82: 0.36445171 | M82: 1.6136941 | N82: 0.52370934 | O82: 2.5130363 | P82: 2.1484677 | Q82: 2.8536132 | R82: 2.6431418 | S82: 2.4611817 | T82: 2.2277108 | U82: 0.0023135862 | V82: 0.0019972775 | W82: 0.0033891151 | X82: 0.0039088273 | Y82: 0.040079975 | Z82: 0.01898586 | AA82: 0.068255548 | AB82: 0.041859689 | AC82: 1.5728912 | AD82: 0.96708679 | AE82: 1.0067444 | AF82: -1.8626251 | AG82: 1.4197693 | AH82: 1.4479065 | AI82: 0.30311584 | AJ82: -2.9680328 | AK82: 0 | AL82: 0 | AM82: 0 | AN82: 0.08 | AO82: 0.64956807 | AP82: 0.6763917 | AQ82: 0.056813722 | AR82: 0.021502388 | AS82: 0.073254756 | AT82: 0.22373513 | AU82: 0.24087582 | AV82: 0.26027252 | AW82: 0.027672964 | AX82: 0.0081511967 | AY82: 0.044376261 | AZ82: 0.048036283 | BA82: 0.86488273 | BB82: 281073.64 | BC82: 38834.13 | BD82: 0.94206797 | BE82: 234515.02 | BF82: 42588.067 | BG82: 5.2374302 | BH82: 10.539183 | BI82: 10.909091 | BJ82: 0.028095616 | BK82: -0.011076923 | BL82: 0.26051089 | BM82: 0.20004184 | BN82: 0.08684036 | BO82: 0.11703637 | BP82: 0.504 | BQ82: 0.208 | BR82: 1.8106065 | BS82: 13 | BT82: 4.6837316 | BU82: 0.656 | BV82: 0.136 | BW82: 1.9599864 | BX82: 14 | BY82: 10.82173
A83: HIDI LONG_600 | B83: 18.091228 | C83: 1.0719048 | D83: 33.133812 | E83: 19.611389 | F83: 31.018601 | G83: 30.908825 | H83: 17.181049 | I83: 0.31249228 | J83: 0.0029257038 | K83: 0.00397599 | L83: 0.29783777 | M83: 0.78468211 | N83: 0.32230344 | O83: 0.48091189 | P83: 0.73154006 | Q83: 2.2762586 | R83: 1.1765725 | S83: 2.1345567 | T83: 1.3265256 | U83: 0.0024571609 | V83: 0.00092655223 | W83: 0.0011069001 | X83: 0.0035172607 | Y83: 0.027877158 | Z83: 0.01091292 | AA83: 0.020561819 | AB83: 0.044627165 | AC83: -0.15415955 | AD83: 0.075576782 | AE83: 0.63059998 | AF83: -0.41984558 | AG83: -0.080154419 | AH83: -0.3535614 | AI83: 1.5623779 | AJ83: 1.212738 | AK83: 0 | AL83: 0 | AM83: 0 | AN83: 0.03 | AO83: 0.54593913 | AP83: 0.61949404 | AQ83: 0.09248 | AR83: 0.0089304249 | AS83: 0.015885578 | AT83: 0.23917111 | AU83: 0.2677687 | AV83: 0.28185229 | AW83: 0.023350268 | AX83: 0.01908299 | AY83: 0.035962317 | AZ83: 0.27137851 | BA83: 0.91289771 | BB83: 16152.444 | BC83: 8827.8935 | BD83: 0.93451666 | BE83: 75630.705 | BF83: 16651.661 | BG83: 1.9490644 | BH83: 11.829645 | BI83: 21.052632 | BJ83: 0.024074074 | BK83: -0.013866667 | BL83: 0.10426304 | BM83: 0.12505522 | BN83: 0.084653369 | BO83: 0.15726764 | BP83: 1.28 | BQ83: 0.68 | BR83: 1.7084812 | BS83: 53 | BT83: 35.848525 | BU83: 0.992 | BV83: 0.384 | BW83: 2.229977 | BX83: 23 | BY83: 30.217595
A84: HIDI LONG_700 | B84: 17.365523 | C84: 0.8347619 | D84: 16.762563 | E84: 23.590649 | F84: 29.016084 | G84: 33.027632 | H84: 17.998022 | I84: 1.2566763 | J84: 0.013828595 | K84: 0.015001994 | L84: 1.2071898 | M84: 0.72139395 | N84: 0.52111739 | O84: 0.44284902 | P84: 0.96928085 | Q84: 1.8805426 | R84: 1.541691 | S84: 1.1975586 | T84: 2.6979631 | U84: 0.0029264892 | V84: 0.0017284604 | W84: 0.0016788162 | X84: 0.0042211838 | Y84: 0.017642041 | Z84: 0.014244426 | AA84: 0.0084580263 | AB84: 0.029096225 | AC84: -0.17630005 | AD84: -1.2279892 | AE84: 0.84222412 | AF84: 0.20224762 | AG84: -0.22711945 | AH84: -0.54447174 | AI84: 1.5596695 | AJ84: 0.37534332 | AK84: 0 | AL84: 0 | AM84: 0 | AN84: 2.989 | AO84: 0.67438704 | AP84: 0.68819946 | AQ84: 0.011129819 | AR84: 0.0093184276 | AS84: 0.040660191 | AT84: 0.063450806 | AU84: 0.31092453 | AV84: 0.29295743 | AW84: 0.0076836535 | AX84: 0.01548738 | AY84: 0.04583653 | AZ84: 0.097811076 | BA84: 1.0074831 | BB84: 152068.75 | BC84: 32437.454 | BD84: 0.98060455 | BE84: 95042.087 | BF84: 21417.312 | BG84: 4.3202765 | BH84: 18.03352 | BI84: -26.190476 | BJ84: 0.095354319 | BK84: -0.020917647 | BL84: 0.16896277 | BM84: 0.11323681 | BN84: 0.15749198 | BO84: 0.11761352 | BP84: 1.176 | BQ84: 0.368 | BR84: 1.391329 | BS84: 27 | BT84: 27.480982 | BU84: 0.856 | BV84: 0.104 | BW84: 1.2192536 | BX84: 21 | BY84: 24.160128
A85: HIDI LONG_800 | B85: 19.930382 | C85: 0.56333333 | D85: 22.237562 | E85: 20.112635 | F85: 27.374678 | G85: 12.834713 | H85: 19.395338 | I85: 0.098136801 | J85: 0.0030015771 | K85: 0.0070264954 | L85: 0.098165997 | M85: 0.69943103 | N85: 0.54550998 | O85: 0.94988964 | P85: 0.81344261 | Q85: 3.890528 | R85: 1.7701296 | S85: 5.5013738 | T85: 3.6326942 | U85: 0.0031255616 | V85: 0.0026891339 | W85: 0.0060818437 | X85: 0.0043094116 | Y85: 0.019441204 | Z85: 0.02115144 | AA85: 0.1192188 | AB85: 0.030909448 | AC85: -1.2381973 | AD85: 0.85726166 | AE85: -0.08316803 | AF85: 1.8139343 | AG85: -1.7616653 | AH85: 1.6545181 | AI85: -0.47755432 | AJ85: 3.0848846 | AK85: 0 | AL85: 0 | AM85: 0 | AN85: 0.225 | AO85: 0.57976868 | AP85: 0.72013325 | AQ85: 0.17612814 | AR85: 0.02273559 | AS85: 0.033262309 | AT85: 0.37732658 | AU85: 0.25306499 | AV85: 0.30528329 | AW85: 0.11493044 | AX85: 0.012983921 | AY85: 0.022927623 | AZ85: 0.2848328 | BA85: 0.7941581 | BB85: 476838.37 | BC85: 76580.902 | BD85: 1.0550524 | BE85: 192324.82 | BF85: 36522.114 | BG85: =MEDIAN!BG$3 -> 5.2301357 | BH85: =MEDIAN!BH$3 -> 6.1937647 | BI85: =MEDIAN!BI$3 -> 3.6700337 | BJ85: 0.012389381 | BK85: 0.0128 | BL85: 0.15513249 | BM85: 0.1015397 | BN85: 0.12183211 | BO85: 0.11148507 | BP85: 0.908 | BQ85: 0.276 | BR85: 1.9409257 | BS85: 14 | BT85: 5.6022963 | BU85: 0.524 | BV85: 0.128 | BW85: 2.4494631 | BX85: 21 | BY85: 17.336269
A86: HIDI LONG_900 | B86: 19.841719 | C86: 0.5705 | D86: 42.907562 | E86: 22.1703 | F86: 5.472318 | G86: 27.165445 | H86: 13.799353 | I86: 0.38899324 | J86: 0.027900463 | K86: 0.023108112 | L86: 0.35295593 | M86: 0.83996161 | N86: 6.8173575 | O86: 1.078459 | P86: 1.8226194 | Q86: 2.4500734 | R86: 1.8953018 | S86: 1.8805055 | T86: 2.9345257 | U86: 0.0041277856 | V86: 0.055759463 | W86: 0.0040804571 | X86: 0.0090543158 | Y86: 0.024479376 | Z86: 0.060933125 | AA86: 0.022758522 | AB86: 0.046787812 | AC86: 1.2765961 | AD86: 6.8507919 | AE86: -0.7922821 | AF86: 3.2530136 | AG86: 1.7760773 | AH86: 1.2133331 | AI86: 0.025337219 | AJ86: 3.2821503 | AK86: 0 | AL86: 32.653 | AM86: 0 | AN86: 17.098 | AO86: 0.67333674 | AP86: 0.64899632 | AQ86: 0.073025482 | AR86: 0.021827229 | AS86: 0.020042222 | AT86: 0.13387798 | AU86: 0.31987291 | AV86: 0.28806799 | AW86: 0.0099930838 | AX86: 0.0087086705 | AY86: 0.017638346 | AZ86: 0.049271384 | BA86: 1.012037 | BB86: 246687.08 | BC86: 44307.033 | BD86: 1.0117856 | BE86: 238060.24 | BF86: 40500.741 | BG86: =MEDIAN!BG$3 -> 5.2301357 | BH86: =MEDIAN!BH$3 -> 6.1937647 | BI86: =MEDIAN!BI$3 -> 3.6700337 | BJ86: =MEDIAN!BJ$3 -> 0.038052591 | BK86: =MEDIAN!BK$3 -> -0.0048842105 | BL86: 0.14056491 | BM86: 0.18572787 | BN86: 0.070618599 | BO86: 0.12450871 | BP86: 0.62 | BQ86: 0.28 | BR86: 1.6481994 | BS86: 26 | BT86: 14.495893 | BU86: 0.66 | BV86: 0.16 | BW86: 2.0512459 | BX86: 21 | BY86: 18.408706
A87: Kardiovize_1087 | B87: 22.641542 | C87: 0.64214286 | D87: 16.028063 | E87: 18.568566 | F87: 22.032213 | G87: 24.337302 | H87: 16.54474 | I87: 1.1159041 | J87: 0.061374136 | K87: 0.028888765 | L87: 0.98285772 | M87: 0.55710037 | N87: 0.69666782 | O87: 0.50583644 | P87: 0.62821728 | Q87: 3.378634 | R87: 2.5426033 | S87: 3.8125267 | T87: 1.808876 | U87: 0.0019648805 | V87: 0.0017616188 | W87: 0.0015703111 | X87: 0.0025731736 | Y87: 0.031958509 | Z87: 0.028695853 | AA87: 0.047956714 | AB87: 0.039728432 | AC87: 1.0909119 | AD87: 0.96273804 | AE87: 0.30952454 | AF87: 1.6112061 | AG87: 0.11012268 | AH87: 0.86865234 | AI87: 0.061538696 | AJ87: -1.7926102 | AK87: 0 | AL87: 0 | AM87: 0 | AN87: 0.938 | AO87: 0.59461743 | AP87: 0.64855357 | AQ87: 0.028263387 | AR87: 0.018989761 | AS87: 0.094298014 | AT87: 0.085178884 | AU87: 0.28433414 | AV87: 0.30285886 | AW87: 0.028123224 | AX87: 0.0098832394 | AY87: 0.46463119 | AZ87: 0.029804113 | BA87: 0.93988797 | BB87: 274059.13 | BC87: 39240.128 | BD87: 1.0138461 | BE87: 253642.46 | BF87: 40466.393 | BG87: 5.1369863 | BH87: 13.944334 | BI87: -16.666667 | BJ87: 0.05370875 | BK87: -0.00026666667 | BL87: 0.18766946 | BM87: 0.14108442 | BN87: 0.12491962 | BO87: 0.1481641 | BP87: 0.6 | BQ87: 0.256 | BR87: 1.9808711 | BS87: 34 | BT87: 22.506223 | BU87: 0.528 | BV87: 0.14 | BW87: 2.2272125 | BX87: 33 | BY87: 22.081221
A88: Kardiovize_1091 | B88: 25.05217 | C88: 0.54222222 | D88: 12.640063 | E88: 30.44607 | F88: 31.443129 | G88: 7.6865701 | H88: 28.533411 | I88: 0.065118624 | J88: 0.0075481757 | K88: 0.018979413 | L88: 0.11727358 | M88: 0.49406881 | N88: 0.37474288 | O88: 0.70832886 | P88: 0.56351628 | Q88: 1.5535296 | R88: 1.3230003 | S88: 5.4321513 | T88: 1.6239473 | U88: 0.0018880815 | V88: 0.0010796571 | W88: 0.0039540781 | X88: 0.0038471278 | Y88: 0.01742451 | Z88: 0.012388944 | AA88: =MEDIAN!AA$3 -> 0.035706798 | AB88: 0.020828229 | AC88: 1.199791 | AD88: -0.76707458 | AE88: 0.95792389 | AF88: 1.365799 | AG88: 1.9276047 | AH88: -0.20061493 | AI88: 0.74488831 | AJ88: -1.0754318 | AK88: 0 | AL88: 0 | AM88: 3.401 | AN88: 0.238 | AO88: 0.52845345 | AP88: 0.51274125 | AQ88: 0.16761904 | AR88: 0.0093185626 | AS88: 0.076672085 | AT88: 0.15131729 | AU88: 0.2925292 | AV88: 0.28670483 | AW88: 0.17603177 | AX88: 0.0094045993 | AY88: 0.087197073 | AZ88: 0.12559228 | BA88: 1.0429558 | BB88: 240035.17 | BC88: 38531.931 | BD88: 0.71600889 | BE88: 491590.52 | BF88: 57866.035 | BG88: =MEDIAN!BG$3 -> 5.2301357 | BH88: =MEDIAN!BH$3 -> 6.1937647 | BI88: =MEDIAN!BI$3 -> 3.6700337 | BJ88: 1.4065325e-17 | BK88: -0.208 | BL88: 0.2179195 | BM88: 0.23338496 | BN88: 0.11738564 | BO88: 0.15939838 | BP88: 0.672 | BQ88: 0.296 | BR88: 2.337982 | BS88: 22 | BT88: 20.692832 | BU88: 0.724 | BV88: 0.128 | BW88: 2.4826082 | BX88: 30 | BY88: 21.530949
A89: Kardiovize_1096 | B89: 20.475214 | C89: 0.43894737 | D89: 18.014813 | E89: 23.1208 | F89: 29.103979 | G89: 31.981123 | H89: 20.718439 | I89: 1.3393293 | J89: 0.016783254 | K89: 0.02131479 | L89: 2.3970266 | M89: 0.50383573 | N89: 0.475051 | O89: 0.3472039 | P89: 0.94228929 | Q89: 1.1765279 | R89: 1.831654 | S89: 2.4459001 | T89: 1.5121512 | U89: 0.0023952831 | V89: 0.0012179194 | W89: 0.0011234784 | X89: 0.003782579 | Y89: 0.0098964024 | Z89: 0.012952755 | AA89: 0.016565986 | AB89: 0.017446863 | AC89: -0.044250488 | AD89: -0.055725098 | AE89: 0.4777832 | AF89: -1.4847565 | AG89: 0.028915405 | AH89: -1.2848663 | AI89: 0.20071411 | AJ89: -2.2419281 | AK89: 0 | AL89: 0 | AM89: 0 | AN89: 0.945 | AO89: 0.44333208 | AP89: 0.46194999 | AQ89: 0.049716059 | AR89: 0.010372695 | AS89: 0.010629229 | AT89: 0.062257905 | AU89: 0.20458726 | AV89: 0.23408064 | AW89: 0.01344288 | AX89: 0.050092925 | AY89: 0.026884523 | AZ89: 0.036186275 | BA89: 0.91094514 | BB89: 383640.53 | BC89: 57100.389 | BD89: 0.96882504 | BE89: 391013.9 | BF89: 67305.451 | BG89: 5.1369863 | BH89: 6.4902392 | BI89: 12.162162 | BJ89: 0.045821476 | BK89: -0.011409701 | BL89: 0.14082163 | BM89: 0.20174425 | BN89: 0.14018768 | BO89: 0.19563236 | BP89: 0.78 | BQ89: 0.364 | BR89: 2.4530915 | BS89: 30 | BT89: 19.398467 | BU89: 0.424 | BV89: 0.088 | BW89: 2.387262 | BX89: 23 | BY89: 14.035908
A90: Kardiovize_111 | B90: 23.221189 | C90: 0.465 | D90: 6.3590625 | E90: 22.948431 | F90: 31.114105 | G90: 28.71334 | H90: 22.864816 | I90: 0.48698896 | J90: 0.0036082127 | K90: 0.01136426 | L90: 0.85715085 | M90: 0.23599614 | N90: 0.27882956 | O90: 0.2326557 | P90: 0.30970356 | Q90: 1.9916148 | R90: 1.1200007 | S90: 2.3360024 | T90: 1.2777825 | U90: 0.0017861771 | V90: 0.001299414 | W90: 0.0010245961 | X90: 0.0018254971 | Y90: 0.02286906 | Z90: 0.0076363245 | AA90: 0.038261384 | AB90: 0.020690892 | AC90: 0.42593384 | AD90: 0.83061218 | AE90: 0.22151184 | AF90: -0.11766052 | AG90: 0.17277527 | AH90: 0.37080383 | AI90: 0.074371338 | AJ90: -0.79620361 | AK90: 0 | AL90: 0 | AM90: 0 | AN90: 0.316 | AO90: 0.60519781 | AP90: 0.63514797 | AQ90: 0.096096731 | AR90: 0.012776647 | AS90: 0.017352148 | AT90: 0.092726755 | AU90: 0.27849703 | AV90: 0.2804087 | AW90: 0.053043096 | AX90: 0.0070971078 | AY90: 0.022302407 | AZ90: 0.043881002 | BA90: 0.99355801 | BB90: 457952.56 | BC90: 75431.942 | BD90: 1.0302822 | BE90: 422722.92 | BF90: 72285.384 | BG90: =MEDIAN!BG$3 -> 5.2301357 | BH90: =MEDIAN!BH$3 -> 6.1937647 | BI90: =MEDIAN!BI$3 -> 3.6700337 | BJ90: 0.066290727 | BK90: -0.027885714 | BL90: 0.15317213 | BM90: 0.14757571 | BN90: 0.10284449 | BO90: 0.13848669 | BP90: 0.736 | BQ90: 0.296 | BR90: 2.1300589 | BS90: 31 | BT90: 19.183697 | BU90: 0.408 | BV90: 0.096 | BW90: 2.1673004 | BX90: 29 | BY90: 16.70858
A91: Kardiovize_1120 | B91: 22.877533 | C91: 0.5437931 | D91: 11.396562 | E91: 28.728285 | F91: 22.251669 | G91: 36.424163 | H91: 26.753529 | I91: 10.206892 | J91: 0.9278316 | K91: 0.1006632 | L91: 16.910784 | M91: 0.25231867 | N91: 0.2586411 | O91: 0.22743431 | P91: 0.43775203 | Q91: 1.6088617 | R91: 2.0791752 | S91: 1.0527488 | T91: 1.1475569 | U91: 0.00086172242 | V91: 0.0010364549 | W91: 0.00060406959 | X91: 0.001044027 | Y91: 0.0092410731 | Z91: 0.012783223 | AA91: 0.0082506076 | AB91: 0.015088373 | AC91: 0.7911377 | AD91: 0.66725159 | AE91: -0.085159302 | AF91: 2.6412048 | AG91: 0.28483582 | AH91: 0.63088989 | AI91: -0.074630737 | AJ91: 2.2400208 | AK91: 0 | AL91: 0 | AM91: 0 | AN91: 0.264 | AO91: 0.52286004 | AP91: 0.47589624 | AQ91: 0.016614862 | AR91: 0.011270998 | AS91: 0.016014908 | AT91: 0.035392483 | AU91: 0.23508996 | AV91: 0.25451372 | AW91: 0.0093336959 | AX91: 0.015229553 | AY91: 0.064651963 | AZ91: 0.015942672 | BA91: 1.0477979 | BB91: 583622.72 | BC91: 99472.534 | BD91: 1.0281827 | BE91: 646900.73 | BF91: 111964.6 | BG91: 4.857513 | BH91: 5.1010923 | BI91: 6.8493151 | BJ91: 0.075617348 | BK91: -0.009912782 | BL91: 0.12495729 | BM91: 0.18772054 | BN91: 0.10157762 | BO91: 0.1632054 | BP91: 0.496 | BQ91: 0.22 | BR91: 3.7426445 | BS91: 24 | BT91: 19.948872 | BU91: 0.52 | BV91: 0.16 | BW91: 3.2482492 | BX91: 30 | BY91: 20.399134
A92: Kardiovize_1121 | B92: 19.982139 | C92: 0.44947368 | D92: 11.734813 | E92: 19.471121 | F92: 23.628344 | G92: 26.797768 | H92: 17.881624 | I92: 0.049294363 | J92: 0.0044982418 | K92: 0.0017834817 | L92: 0.12709341 | M92: 0.59549203 | N92: 0.50553671 | O92: 0.43780456 | P92: 0.68539271 | Q92: 4.1313838 | R92: 2.3945738 | S92: 2.38529 | T92: 2.1160414 | U92: 0.0029435805 | V92: 0.0027733133 | W92: 0.0018062132 | X92: 0.0040498951 | Y92: 0.045252086 | Z92: 0.028147133 | AA92: 0.028975318 | AB92: 0.051433698 | AC92: 0.27944183 | AD92: 1.0170746 | AE92: 0.12754059 | AF92: -0.89029694 | AG92: -0.12268066 | AH92: 1.8262177 | AI92: 1.5882874 | AJ92: 0.28513336 | AK92: 0 | AL92: 0 | AM92: 0 | AN92: 0.342 | AO92: 0.73135314 | AP92: 0.67332617 | AQ92: 0.42896355 | AR92: 0.0099635803 | AS92: 0.13982683 | AT92: 0.48105505 | AU92: 0.29458011 | AV92: 0.32148973 | AW92: 0.33913852 | AX92: 0.026228952 | AY92: 0.54421262 | AZ92: 0.43518986 | BA92: 1.1227386 | BB92: 212555.12 | BC92: 44516.084 | BD92: 1.113756 | BE92: 238957.52 | BF92: 45835.403 | BG92: =MEDIAN!BG$3 -> 5.2301357 | BH92: =MEDIAN!BH$3 -> 6.1937647 | BI92: =MEDIAN!BI$3 -> 3.6700337 | BJ92: 0.0085743351 | BK92: -0.028571429 | BL92: 0.15122666 | BM92: 0.15928094 | BN92: 0.12549325 | BO92: 0.16425607 | BP92: 0.496 | BQ92: 0.096 | BR92: 1.4937072 | BS92: 24 | BT92: 11.335101 | BU92: 0.484 | BV92: 0.076 | BW92: 1.8992867 | BX92: 21 | BY92: 14.383968
A93: Kardiovize_1127 | B93: 16.115649 | C93: 0.47642857 | D93: 26.062687 | E93: 21.74793 | F93: 20.973858 | G93: 19.192048 | H93: 18.479653 | I93: 1.4139859 | J93: 0.018745646 | K93: 0.025967188 | L93: 1.8612668 | M93: 0.76666033 | N93: 0.73616065 | O93: 0.6898166 | P93: 0.69511391 | Q93: 5.7434889 | R93: 2.13879 | S93: 4.3986428 | T93: 2.501887 | U93: 0.0031869714 | V93: 0.0031184769 | W93: 0.0026776188 | X93: 0.0041270771 | Y93: 0.076936643 | Z93: 0.032008271 | AA93: 0.11376085 | AB93: 0.046917954 | AC93: 1.4790649 | AD93: -1.0606155 | AE93: 0.020751953 | AF93: 5.7421951 | AG93: 1.3103714 | AH93: -2.1861343 | AI93: -0.22490692 | AJ93: 5.5049667 | AK93: 0 | AL93: 0 | AM93: 0 | AN93: 0.154 | AO93: 0.61687681 | AP93: 0.61191968 | AQ93: 0.029262233 | AR93: 0.019841419 | AS93: 0.065866189 | AT93: 0.04544036 | AU93: 0.3297136 | AV93: 0.31869053 | AW93: 0.024119458 | AX93: 0.012388326 | AY93: 0.136726 | AZ93: 0.056820935 | BA93: 1.0895853 | BB93: 216898.26 | BC93: 40725.464 | BD93: 0.94708648 | BE93: 174850.1 | BF93: 29520.446 | BG93: 5.3724928 | BH93: 6.5319726 | BI93: 2 | BJ93: 0.040771497 | BK93: -0.0018196078 | BL93: 0.098774299 | BM93: 0.12113245 | BN93: 0.12746582 | BO93: 0.15613827 | BP93: 0.52 | BQ93: 0.192 | BR93: 2.4996694 | BS93: 28 | BT93: 15.081296 | BU93: 0.436 | BV93: 0.08 | BW93: 2.3818582 | BX93: 14 | BY93: 12.796593
A94: Kardiovize_1141 | B94: 14.32785 | C94: 0.465 | D94: 14.965188 | E94: 22.050186 | F94: 27.436296 | G94: 32.596817 | H94: 22.558086 | I94: 1.7245052 | J94: 0.0088098118 | K94: 0.010771938 | L94: 1.8019561 | M94: 0.40777745 | N94: 0.37610505 | O94: 0.266278 | P94: 0.42242787 | Q94: 3.0875486 | R94: 2.8077936 | S94: 1.7316697 | T94: 1.6382651 | U94: 0.0021161462 | V94: 0.0015368397 | W94: 0.00081586912 | X94: 0.0019346264 | Y94: 0.030687408 | Z94: 0.022691672 | AA94: 0.015553176 | AB94: 0.029271232 | AC94: -1.4489136 | AD94: -2.1893921 | AE94: -0.6643219 | AF94: -0.1559906 | AG94: -1.4943848 | AH94: -0.087127686 | AI94: -0.17308044 | AJ94: -1.1559296 | AK94: 0 | AL94: 0 | AM94: 0 | AN94: 0.402 | AO94: 0.64059495 | AP94: 0.63997406 | AQ94: 0.081830444 | AR94: 0.017831737 | AS94: 0.020939413 | AT94: 0.075120196 | AU94: 0.28471857 | AV94: 0.29750643 | AW94: 0.07002073 | AX94: 0.016048259 | AY94: 0.048993158 | AZ94: 0.042273383 | BA94: 1.0164161 | BB94: 328340.48 | BC94: 55666.824 | BD94: 1.0723171 | BE94: 386098.29 | BF94: 68320.17 | BG94: 5.6306306 | BH94: 2.3666568 | BI94: -6.0338208e-14 | BJ94: 0.033907261 | BK94: -0.0015921856 | BL94: 0.19003538 | BM94: 0.20159167 | BN94: 0.12842731 | BO94: 0.1503751 | BP94: 0.536 | BQ94: 0.096 | BR94: 2.3639633 | BS94: 15 | BT94: 6.8819338 | BU94: 0.44 | BV94: 0.128 | BW94: 2.7517773 | BX94: 16 | BY94: 10.50709
A95: Kardiovize_1148 | B95: 21.911448 | C95: 0.4775 | D95: 18.4305 | E95: 19.788129 | F95: 22.931761 | G95: 24.024579 | H95: 19.349258 | I95: 0.12196646 | J95: 0.031150936 | K95: 0.0035503566 | L95: 0.18066391 | M95: 0.73721534 | N95: 0.97098595 | O95: 0.76538957 | P95: 0.58719118 | Q95: 3.3140959 | R95: 2.8050243 | S95: 3.6935938 | T95: 1.315693 | U95: 0.0030088379 | V95: 0.0025781363 | W95: 0.002242777 | X95: 0.0036162056 | Y95: 0.033255892 | Z95: 0.033946109 | AA95: 0.091772174 | AB95: 0.046470031 | AC95: 2.471405 | AD95: -0.37968445 | AE95: -0.2306366 | AF95: 0.31522369 | AG95: 0.28129578 | AH95: -0.066940308 | AI95: 0.45991516 | AJ95: 1.0597839 | AK95: 0 | AL95: 0 | AM95: 0 | AN95: 0.978 | AO95: 0.61375815 | AP95: 0.64445179 | AQ95: 0.29252266 | AR95: 0.05428756 | AS95: 0.28795403 | AT95: 0.1980116 | AU95: 0.24966131 | AV95: 0.24791574 | AW95: 0.3160814 | AX95: 0.018468962 | AY95: 0.59545812 | AZ95: 0.20381243 | BA95: 0.88476456 | BB95: 104156.54 | BC95: 18949.274 | BD95: 0.86191375 | BE95: 125593.88 | BF95: 21533.27 | BG95: 4.9342105 | BH95: 10.210406 | BI95: 18.518519 | BJ95: 0.041105892 | BK95: -0.0052020513 | BL95: 0.15440818 | BM95: 0.20684317 | BN95: 0.10652527 | BO95: 0.16261315 | BP95: 0.648 | BQ95: 0.336 | BR95: 2.3982598 | BS95: 16 | BT95: 12.115968 | BU95: 0.6 | BV95: 0.112 | BW95: 2.4666932 | BX95: 28 | BY95: 16.355331
A96: Kardiovize_1152 | B96: 13.380084 | C96: 0.418 | D96: 21.287375 | E96: 18.621374 | F96: 30.376276 | G96: 29.848365 | H96: 18.198653 | I96: 0.085885704 | J96: 0.0014132119 | K96: 0.17873248 | L96: 0.10115393 | M96: 0.50745613 | N96: 0.498893 | O96: 0.3734773 | P96: 0.66500822 | Q96: 4.3376447 | R96: 2.0810539 | S96: 2.0781812 | T96: 1.382759 | U96: 0.0028625975 | V96: 0.0015540566 | W96: 0.0023446829 | X96: 0.0039727098 | Y96: 0.048383121 | Z96: 0.019493405 | AA96: 0.023106156 | AB96: 0.075021932 | AC96: 0.39955139 | AD96: 1.6898499 | AE96: -0.25895691 | AF96: 3.6311188 | AG96: 0.18804932 | AH96: 0.50334167 | AI96: 0.48112488 | AJ96: -5.540329 | AK96: 0 | AL96: 0 | AM96: 0 | AN96: 0.659 | AO96: 0.64601625 | AP96: 0.69021545 | AQ96: 0.11717224 | AR96: 0.023131179 | AS96: 0.05009586 | AT96: 0.20799275 | AU96: 0.25887299 | AV96: 0.29472281 | AW96: 0.038724372 | AX96: 0.010166224 | AY96: 0.045153523 | AZ96: 0.10060656 | BA96: 1.0436883 | BB96: 277030.27 | BC96: 48175.341 | BD96: 1.0289884 | BE96: 299182.06 | BF96: 54997.194 | BG96: 5.787037 | BH96: 6.8097902 | BI96: 10.526316 | BJ96: 0.052836053 | BK96: -0.0076483516 | BL96: 0.10932295 | BM96: 0.11259543 | BN96: 0.15459263 | BO96: 0.17887517 | BP96: 0.58 | BQ96: 0.256 | BR96: 2.2074498 | BS96: 12 | BT96: 4.6621076 | BU96: 0.544 | BV96: 0.184 | BW96: 2.0070359 | BX96: 14 | BY96: 8.2829091
A97: Kardiovize_1160 | B97: 20.034544 | C97: 0.505 | D97: 11.83025 | E97: 20.917354 | F97: 21.893254 | G97: 26.093725 | H97: 19.706261 | I97: 1.8872892 | J97: 0.020237178 | K97: 0.042692474 | L97: 2.1262088 | M97: 0.53936241 | N97: 0.50384502 | O97: 0.47946049 | P97: 0.59630633 | Q97: 3.1735099 | R97: 2.8352342 | S97: 3.2628293 | T97: 2.1268792 | U97: 0.0026369391 | V97: 0.00355609 | W97: 0.0016261918 | X97: 0.003074949 | Y97: 0.042503419 | Z97: 0.03863668 | AA97: 0.041057147 | AB97: 0.038731964 | AC97: -0.97479248 | AD97: 0.52915192 | AE97: -0.28418732 | AF97: 1.1789017 | AG97: -0.97366333 | AH97: 1.5978394 | AI97: -0.47192383 | AJ97: 0.75926971 | AK97: 0 | AL97: 0 | AM97: 0 | AN97: 0.254 | AO97: 0.57142262 | AP97: 0.66405908 | AQ97: 0.02599874 | AR97: 0.019135276 | AS97: 0.020532492 | AT97: 0.059307768 | AU97: 0.32062934 | AV97: 0.30915464 | AW97: 0.03100238 | AX97: 0.019097686 | AY97: 0.022420006 | AZ97: 0.06046757 | BA97: 0.97262881 | BB97: 202870.96 | BC97: 35816.579 | BD97: 0.99601827 | BE97: 210852.53 | BF97: 36307.088 | BG97: 7.183908 | BH97: 5.4517042 | BI97: 3.7037037 | BJ97: 0.06972692 | BK97: -0.0021517241 | BL97: 0.13180915 | BM97: 0.18081372 | BN97: 0.071691883 | BO97: 0.11556365 | BP97: 0.632 | BQ97: 0.288 | BR97: 3.6186322 | BS97: 14 | BT97: 11.009058 | BU97: 0.52 | BV97: 0.168 | BW97: 3.0016292 | BX97: 21 | BY97: 15.693726
A98: Kardiovize_1175 | B98: 5.7195343 | C98: 0.456 | D98: 8.113625 | E98: 22.682054 | F98: 26.472334 | G98: 16.62998 | H98: 18.017451 | I98: 0.12462357 | J98: 0.0037236801 | K98: 0.0052355942 | L98: 0.14660843 | M98: 0.83672762 | N98: 0.484392 | O98: 0.51620684 | P98: 1.3990754 | Q98: 2.7989476 | R98: 2.4914292 | S98: 5.3064203 | T98: 2.4451054 | U98: 0.0030608694 | V98: 0.0021145868 | W98: 0.0019176067 | X98: 0.010784794 | Y98: 0.0282816 | Z98: 0.033748233 | AA98: 0.15204363 | AB98: 0.042679822 | AC98: 4.5031433 | AD98: -0.35727692 | AE98: -2.4504547 | AF98: 1.3866196 | AG98: 5.7511597 | AH98: -1.2241974 | AI98: -2.1582947 | AJ98: 0.69633484 | AK98: 0 | AL98: 0 | AM98: 0 | AN98: 1.114 | AO98: 0.51844651 | AP98: 0.65701564 | AQ98: 0.23008704 | AR98: 0.016623588 | AS98: 0.067827321 | AT98: 0.36213433 | AU98: 0.25639272 | AV98: 0.27309162 | AW98: 0.098467243 | AX98: 0.040910963 | AY98: 0.18456064 | AZ98: 0.26604486 | BA98: 0.92933642 | BB98: 119485.54 | BC98: 23830.008 | BD98: 0.82321125 | BE98: 391395.62 | BF98: 58592.111 | BG98: 4.6641791 | BH98: 12.168468 | BI98: 12.5 | BJ98: 0.11506105 | BK98: -0.037591209 | BL98: 0.10549899 | BM98: 0.11655192 | BN98: 0.10914059 | BO98: 0.11909135 | BP98: 0.856 | BQ98: 0.42 | BR98: 2.9660397 | BS98: 14 | BT98: 9.8311213 | BU98: 0.82 | BV98: 0.228 | BW98: 2.569128 | BX98: 6 | BY98: 4.0989996
A99: Kardiovize_1186 | B99: 17.4737 | C99: 0.56875 | D99: 16.70575 | E99: 16.189635 | F99: 25.348976 | G99: 29.473846 | H99: 15.656371 | I99: 0.19734605 | J99: 0.010796452 | K99: 0.001239761 | L99: 0.2264145 | M99: 1.0139062 | N99: 0.6240183 | O99: 0.60094973 | P99: 0.81248386 | Q99: 3.544055 | R99: 2.7760271 | S99: 3.1000976 | T99: 2.1057732 | U99: 0.0039223322 | V99: 0.0020901019 | W99: 0.0014917987 | X99: 0.003954614 | Y99: 0.035254676 | Z99: 0.031165362 | AA99: 0.029159065 | AB99: 0.038180912 | AC99: -0.5894165 | AD99: -0.22229004 | AE99: 0.080581665 | AF99: -0.48078918 | AG99: -1.9784851 | AH99: 0.67274475 | AI99: -0.72354126 | AJ99: -0.93367004 | AK99: 0 | AL99: 0 | AM99: 0 | AN99: 0.84 | AO99: 0.79763267 | AP99: 0.70810254 | AQ99: 0.35439213 | AR99: 0.032389505 | AS99: 0.072169873 | AT99: 0.36134894 | AU99: 0.35175706 | AV99: 0.34072252 | AW99: 0.41323412 | AX99: 0.017175051 | AY99: 0.70517726 | AZ99: 0.40707145 | BA99: 1.1526019 | BB99: 179761.66 | BC99: 35790.431 | BD99: 1.1583715 | BE99: 208889.76 | BF99: 42438.088 | BG99: =MEDIAN!BG$3 -> 5.2301357 | BH99: =MEDIAN!BH$3 -> 6.1937647 | BI99: =MEDIAN!BI$3 -> 3.6700337 | BJ99: =MEDIAN!BJ$3 -> 0.038052591 | BK99: =MEDIAN!BK$3 -> -0.0048842105 | BL99: 0.070241108 | BM99: 0.10111737 | BN99: 0.15563916 | BO99: 0.1709181 | BP99: 0.44 | BQ99: 0.056 | BR99: 1.6729344 | BS99: 26 | BT99: 11.316179 | BU99: 0.552 | BV99: 0.104 | BW99: 1.9676885 | BX99: 24 | BY99: 16.563612
A100: Kardiovize_1202 | B100: 21.020198 | C100: 0.45684211 | D100: 18.618938 | E100: 12.907358 | F100: 21.834015 | G100: 21.199285 | H100: 12.852129 | I100: 0.20781866 | J100: 0.0073982986 | K100: 0.002614205 | L100: 0.26249928 | M100: 0.96625525 | N100: 0.7284124 | O100: 0.74039841 | P100: 0.69302384 | Q100: 4.5359918 | R100: 3.1114867 | S100: 3.2315306 | T100: 2.4068227 | U100: 0.0056182909 | V100: 0.0035551965 | W100: 0.0033683103 | X100: 0.0044590172 | Y100: 0.070154452 | Z100: 0.047462475 | AA100: 0.09535267 | AB100: 0.07181133 | AC100: 2.3847656 | AD100: 0.43624115 | AE100: 0.48130798 | AF100: -1.4779968 | AG100: 2.0176239 | AH100: 1.4764481 | AI100: 0.9682312 | AJ100: -1.7428284 | AK100: 0 | AL100: 0 | AM100: 0 | AN100: 0.377 | AO100: 0.53474374 | AP100: 0.65479655 | AQ100: 0.090749899 | AR100: 0.029447982 | AS100: 0.047530605 | AT100: 0.20596226 | AU100: 0.23029993 | AV100: 0.2796446 | AW100: 0.022598697 | AX100: 0.0092234362 | AY100: 0.14265168 | AZ100: 0.20982661 | BA100: 1.0172203 | BB100: 130072.63 | BC100: 29877.967 | BD100: 0.98356861 | BE100: 174581.96 | BF100: 33819.702 | BG100: 5.179558 | BH100: 16.617284 | BI100: -26.923077 | BJ100: 0.049608063 | BK100: 0.00043514133 | BL100: 0.15866663 | BM100: 0.17989908 | BN100: 0.11540892 | BO100: 0.12683758 | BP100: 0.808 | BQ100: 0.328 | BR100: 2.0194644 | BS100: 10 | BT100: 4.4956211 | BU100: 0.52 | BV100: 0.14 | BW100: 2.2087866 | BX100: 25 | BY100: 14.433869
...

Sheet MEDIAN
B1: RR_TSK2 | C1: IPAmean_TSK2 | D1: MPT_TSK6 | E1: HNR_TSK3 | F1: HNR_TSK4 | G1: HNR_TSK5 | H1: HNR_TSK6 | I1: HRF_TSK3 | J1: HRF_TSK4 | K1: HRF_TSK5 | L1: HRF_TSK6 | M1: Jitter_TSK3 | N1: Jitter_TSK4 | O1: Jitter_TSK5 | P1: Jitter_TSK6 | Q1: Shimmer_TSK3 | R1: Shimmer_TSK4 | S1: Shimmer_TSK5 | T1: Shimmer_TSK6 | U1: PPQ_TSK3 | V1: PPQ_TSK4 | W1: PPQ_TSK5 | X1: PPQ_TSK6 | Y1: APQ_TSK3 | Z1: APQ_TSK4 | AA1: APQ_TSK5 | AB1: APQ_TSK6 | AC1: DF0_TSK3 | AD1: DF0_TSK4 | AE1: DF0_TSK5 | AF1: DF0_TSK6 | AG1: DDF0_TSK3 | AH1: DDF0_TSK4 | AI1: DDF0_TSK5 | AJ1: DDF0_TSK6 | AK1: DUV_TSK3 | AL1: DUV_TSK4 | AM1: DUV_TSK5 | AN1: DUV_TSK6 | AO1: RelF1SD_TSK1 | AP1: RelF1SD_TSK2 | AQ1: RelF1SD_TSK3 | AR1: RelF1SD_TSK4 | AS1: RelF1SD_TSK5 | AT1: RelF1SD_TSK6 | AU1: RelF2SD_TSK1 | AV1: RelF2SD_TSK2 | AW1: RelF2SD_TSK3 | AX1: RelF2SD_TSK4 | AY1: RelF2SD_TSK5 | AZ1: RelF2SD_TSK6 | BA1: VAI_TSK1 | BB1: VSHA_TSK1 | BC1: AAVS_TSK1 | BD1: VAI_TSK2 | BE1: VSHA_TSK2 | BF1: AAVS_TSK2 | BG1: PR_TSK7 | BH1: COV_TSK7 | BI1: PA_TSK7 | BJ1: RI_TSK7 | BK1: RA_TSK7 | BL1: RelF0SD_TSK1 | BM1: RelF0SD_TSK2 | BN1: RelSE0SD_TSK1 | BO1: RelSE0SD_TSK2 | BP1: DurMED_TSK1 | BQ1: DurMAD_TSK1 | BR1: SPIR_TSK1 | BS1: pause_n_TSK1 | BT1: pause_ratio_TSK1 | BU1: DurMED_TSK2 | BV1: DurMAD_TSK2 | BW1: SPIR_TSK2 | BX1: pause_n_TSK2 | BY1: pause_ratio_TSK2
A2: formula | B2: {=MEDIAN(IF(ISNUMBER(Acoustic_parameters3_1!B:B),Acoustic_parameters3_1!B:B))} -> 19.162675 | C2: {=MEDIAN(IF(ISNUMBER(Acoustic_parameters3_1!C:C),Acoustic_parameters3_1!C:C))} -> 0.55846154 | D2: {=MEDIAN(IF(ISNUMBER(Acoustic_parameters3_1!D:D),Acoustic_parameters3_1!D:D))} -> 15.493031 | E2: {=MEDIAN(IF(ISNUMBER(Acoustic_parameters3_1!E:E),Acoustic_parameters3_1!E:E))} -> 20.815698 | F2: {=MEDIAN(IF(ISNUMBER(Acoustic_parameters3_1!F:F),Acoustic_parameters3_1!F:F))} -> 26.096321 | G2: {=MEDIAN(IF(ISNUMBER(Acoustic_parameters3_1!G:G),Acoustic_parameters3_1!G:G))} -> 26.217874 | H2: {=MEDIAN(IF(ISNUMBER(Acoustic_parameters3_1!H:H),Acoustic_parameters3_1!H:H))} -> 19.829235 | I2: {=MEDIAN(IF(ISNUMBER(Acoustic_parameters3_1!I:I),Acoustic_parameters3_1!I:I))} -> 0.65976028 | J2: {=MEDIAN(IF(ISNUMBER(Acoustic_parameters3_1!J:J),Acoustic_parameters3_1!J:J))} -> 0.012911715 | K2: {=MEDIAN(IF(ISNUMBER(Acoustic_parameters3_1!K:K),Acoustic_parameters3_1!K:K))} -> 0.019033999 | L2: {=MEDIAN(IF(ISNUMBER(Acoustic_parameters3_1!L:L),Acoustic_parameters3_1!L:L))} -> 0.805157 | M2: {=MEDIAN(IF(ISNUMBER(Acoustic_parameters3_1!M:M),Acoustic_parameters3_1!M:M))} -> 0.53771055 | N2: {=MEDIAN(IF(ISNUMBER(Acoustic_parameters3_1!N:N),Acoustic_parameters3_1!N:N))} -> 0.45980973 | O2: {=MEDIAN(IF(ISNUMBER(Acoustic_parameters3_1!O:O),Acoustic_parameters3_1!O:O))} -> 0.47728057 | P2: {=MEDIAN(IF(ISNUMBER(Acoustic_parameters3_1!P:P),Acoustic_parameters3_1!P:P))} -> 0.69289987 | Q2: {=MEDIAN(IF(ISNUMBER(Acoustic_parameters3_1!Q:Q),Acoustic_parameters3_1!Q:Q))} -> 2.7692674 | R2: {=MEDIAN(IF(ISNUMBER(Acoustic_parameters3_1!R:R),Acoustic_parameters3_1!R:R))} -> 2.1672251 | S2: {=MEDIAN(IF(ISNUMBER(Acoustic_parameters3_1!S:S),Acoustic_parameters3_1!S:S))} -> 3.0238903 | T2: {=MEDIAN(IF(ISNUMBER(Acoustic_parameters3_1!T:T),Acoustic_parameters3_1!T:T))} -> 1.7359041 | U2: {=MEDIAN(IF(ISNUMBER(Acoustic_parameters3_1!U:U),Acoustic_parameters3_1!U:U))} -> 0.0024202435 | V2: {=MEDIAN(IF(ISNUMBER(Acoustic_parameters3_1!V:V),Acoustic_parameters3_1!V:V))} -> 0.0017585262 | W2: {=MEDIAN(IF(ISNUMBER(Acoustic_parameters3_1!W:W),Acoustic_parameters3_1!W:W))} -> 0.0017543883 | X2: {=MEDIAN(IF(ISNUMBER(Acoustic_parameters3_1!X:X),Acoustic_parameters3_1!X:X))} -> 0.0031614082 | Y2: {=MEDIAN(IF(ISNUMBER(Acoustic_parameters3_1!Y:Y),Acoustic_parameters3_1!Y:Y))} -> 0.029147663 | Z2: {=MEDIAN(IF(ISNUMBER(Acoustic_parameters3_1!Z:Z),Acoustic_parameters3_1!Z:Z))} -> 0.019569346 | AA2: {=MEDIAN(IF(ISNUMBER(Acoustic_parameters3_1!AA:AA),Acoustic_parameters3_1!AA:AA))} -> 0.035706798 | AB2: {=MEDIAN(IF(ISNUMBER(Acoustic_parameters3_1!AB:AB),Acoustic_parameters3_1!AB:AB))} -> 0.034103141 | AC2: {=MEDIAN(IF(ISNUMBER(Acoustic_parameters3_1!AC:AC),Acoustic_parameters3_1!AC:AC))} -> 0.014923096 | AD2: {=MEDIAN(IF(ISNUMBER(Acoustic_parameters3_1!AD:AD),Acoustic_parameters3_1!AD:AD))} -> 0.029075623 | AE2: {=MEDIAN(IF(ISNUMBER(Acoustic_parameters3_1!AE:AE),Acoustic_parameters3_1!AE:AE))} -> -0.058403015 | AF2: {=MEDIAN(IF(ISNUMBER(Acoustic_parameters3_1!AF:AF),Acoustic_parameters3_1!AF:AF))} -> -0.12876129 | AG2: {=MEDIAN(IF(ISNUMBER(Acoustic_parameters3_1!AG:AG),Acoustic_parameters3_1!AG:AG))} -> -0.11982727 | AH2: {=MEDIAN(IF(ISNUMBER(Acoustic_parameters3_1!AH:AH),Acoustic_parameters3_1!AH:AH))} -> -0.014801025 | AI2: {=MEDIAN(IF(ISNUMBER(Acoustic_parameters3_1!AI:AI),Acoustic_parameters3_1!AI:AI))} -> -0.0080337524 | AJ2: {=MEDIAN(IF(ISNUMBER(Acoustic_parameters3_1!AJ:AJ),Acoustic_parameters3_1!AJ:AJ))} -> -0.13396835 | AK2: {=MEDIAN(IF(ISNUMBER(Acoustic_parameters3_1!AK:AK),Acoustic_parameters3_1!AK:AK))} -> 0 | AL2: {=MEDIAN(IF(ISNUMBER(Acoustic_parameters3_1!AL:AL),Acoustic_parameters3_1!AL:AL))} -> 0 | AM2: {=MEDIAN(IF(ISNUMBER(Acoustic_parameters3_1!AM:AM),Acoustic_parameters3_1!AM:AM))} -> 0 | AN2: {=MEDIAN(IF(ISNUMBER(Acoustic_parameters3_1!AN:AN),Acoustic_parameters3_1!AN:AN))} -> 0.2705 | AO2: {=MEDIAN(IF(ISNUMBER(Acoustic_parameters3_1!AO:AO),Acoustic_parameters3_1!AO:AO))} -> 0.62038545 | AP2: {=MEDIAN(IF(ISNUMBER(Acoustic_parameters3_1!AP:AP),Acoustic_parameters3_1!AP:AP))} -> 0.64101915 | AQ2: {=MEDIAN(IF(ISNUMBER(Acoustic_parameters3_1!AQ:AQ),Acoustic_parameters3_1!AQ:AQ))} -> 0.064157237 | AR2: {=MEDIAN(IF(ISNUMBER(Acoustic_parameters3_1!AR:AR),Acoustic_parameters3_1!AR:AR))} -> 0.022645571 | AS2: {=MEDIAN(IF(ISNUMBER(Acoustic_parameters3_1!AS:AS),Acoustic_parameters3_1!AS:AS))} -> 0.047530605 | AT2: {=MEDIAN(IF(ISNUMBER(Acoustic_parameters3_1!AT:AT),Acoustic_parameters3_1!AT:AT))} -> 0.1132164 | AU2: {=MEDIAN(IF(ISNUMBER(Acoustic_parameters3_1!AU:AU),Acoustic_parameters3_1!AU:AU))} -> 0.27781266 | AV2: {=MEDIAN(IF(ISNUMBER(Acoustic_parameters3_1!AV:AV),Acoustic_parameters3_1!AV:AV))} -> 0.2881652 | AW2: {=MEDIAN(IF(ISNUMBER(Acoustic_parameters3_1!AW:AW),Acoustic_parameters3_1!AW:AW))} -> 0.029269211 | AX2: {=MEDIAN(IF(ISNUMBER(Acoustic_parameters3_1!AX:AX),Acoustic_parameters3_1!AX:AX))} -> 0.015675058 | AY2: {=MEDIAN(IF(ISNUMBER(Acoustic_parameters3_1!AY:AY),Acoustic_parameters3_1!AY:AY))} -> 0.083154555 | AZ2: {=MEDIAN(IF(ISNUMBER(Acoustic_parameters3_1!AZ:AZ),Acoustic_parameters3_1!AZ:AZ))} -> 0.07493985 | BA2: {=MEDIAN(IF(ISNUMBER(Acoustic_parameters3_1!BA:BA),Acoustic_parameters3_1!BA:BA))} -> 1.007879 | BB2: {=MEDIAN(IF(ISNUMBER(Acoustic_parameters3_1!BB:BB),Acoustic_parameters3_1!BB:BB))} -> 234729.99 | BC2: {=MEDIAN(IF(ISNUMBER(Acoustic_parameters3_1!BC:BC),Acoustic_parameters3_1!BC:BC))} -> 41425.407 | BD2: {=MEDIAN(IF(ISNUMBER(Acoustic_parameters3_1!BD:BD),Acoustic_parameters3_1!BD:BD))} -> 1.021977 | BE2: {=MEDIAN(IF(ISNUMBER(Acoustic_parameters3_1!BE:BE),Acoustic_parameters3_1!BE:BE))} -> 254334.56 | BF2: {=MEDIAN(IF(ISNUMBER(Acoustic_parameters3_1!BF:BF),Acoustic_parameters3_1!BF:BF))} -> 45395.531 | BG2: {=MEDIAN(IF(ISNUMBER(Acoustic_parameters3_1!BG:BG),Acoustic_parameters3_1!BG:BG))} -> 5.2301357 | BH2: {=MEDIAN(IF(ISNUMBER(Acoustic_parameters3_1!BH:BH),Acoustic_parameters3_1!BH:BH))} -> 6.1937647 | BI2: {=MEDIAN(IF(ISNUMBER(Acoustic_parameters3_1!BI:BI),Acoustic_parameters3_1!BI:BI))} -> 3.6700337 | BJ2: {=MEDIAN(IF(ISNUMBER(Acoustic_parameters3_1!BJ:BJ),Acoustic_parameters3_1!BJ:BJ))} -> 0.038052591 | BK2: {=MEDIAN(IF(ISNUMBER(Acoustic_parameters3_1!BK:BK),Acoustic_parameters3_1!BK:BK))} -> -0.0048842105 | BL2: {=MEDIAN(IF(ISNUMBER(Acoustic_parameters3_1!BL:BL),Acoustic_parameters3_1!BL:BL))} -> 0.15317213 | BM2: {=MEDIAN(IF(ISNUMBER(Acoustic_parameters3_1!BM:BM),Acoustic_parameters3_1!BM:BM))} -> 0.17672216 | BN2: {=MEDIAN(IF(ISNUMBER(Acoustic_parameters3_1!BN:BN),Acoustic_parameters3_1!BN:BN))} -> 0.12036629 | BO2: {=MEDIAN(IF(ISNUMBER(Acoustic_parameters3_1!BO:BO),Acoustic_parameters3_1!BO:BO))} -> 0.16019008 | BP2: {=MEDIAN(IF(ISNUMBER(Acoustic_parameters3_1!BP:BP),Acoustic_parameters3_1!BP:BP))} -> 0.616 | BQ2: {=MEDIAN(IF(ISNUMBER(Acoustic_parameters3_1!BQ:BQ),Acoustic_parameters3_1!BQ:BQ))} -> 0.208 | BR2: {=MEDIAN(IF(ISNUMBER(Acoustic_parameters3_1!BR:BR),Acoustic_parameters3_1!BR:BR))} -> 2.299635 | BS2: {=MEDIAN(IF(ISNUMBER(Acoustic_parameters3_1!BS:BS),Acoustic_parameters3_1!BS:BS))} -> 25 | BT2: {=MEDIAN(IF(ISNUMBER(Acoustic_parameters3_1!BT:BT),Acoustic_parameters3_1!BT:BT))} -> 15.100125 | BU2: {=MEDIAN(IF(ISNUMBER(Acoustic_parameters3_1!BU:BU),Acoustic_parameters3_1!BU:BU))} -> 0.57 | BV2: {=MEDIAN(IF(ISNUMBER(Acoustic_parameters3_1!BV:BV),Acoustic_parameters3_1!BV:BV))} -> 0.15 | BW2: {=MEDIAN(IF(ISNUMBER(Acoustic_parameters3_1!BW:BW),Acoustic_parameters3_1!BW:BW))} -> 2.3242906 | BX2: {=MEDIAN(IF(ISNUMBER(Acoustic_parameters3_1!BX:BX),Acoustic_parameters3_1!BX:BX))} -> 23 | BY2: {=MEDIAN(IF(ISNUMBER(Acoustic_parameters3_1!BY:BY),Acoustic_parameters3_1!BY:BY))} -> 16.704305
A3: cisla | B3: 19.162675 | C3: 0.55846154 | D3: 15.493031 | E3: 20.815698 | F3: 26.096321 | G3: 26.217874 | H3: 19.829235 | I3: 0.65976028 | J3: 0.012911715 | K3: 0.019033999 | L3: 0.805157 | M3: 0.53771055 | N3: 0.45980973 | O3: 0.47728057 | P3: 0.69289987 | Q3: 2.7692674 | R3: 2.1672251 | S3: 3.0238903 | T3: 1.7359041 | U3: 0.0024202435 | V3: 0.0017585262 | W3: 0.0017543883 | X3: 0.0031614082 | Y3: 0.029147663 | Z3: 0.019569346 | AA3: 0.035706798 | AB3: 0.034103141 | AC3: 0.014923096 | AD3: 0.029075623 | AE3: -0.058403015 | AF3: -0.12876129 | AG3: -0.11982727 | AH3: -0.014801025 | AI3: -0.0080337524 | AJ3: -0.13396835 | AK3: 0 | AL3: 0 | AM3: 0 | AN3: 0.2705 | AO3: 0.62038545 | AP3: 0.64101915 | AQ3: 0.064157237 | AR3: 0.022645571 | AS3: 0.047530605 | AT3: 0.1132164 | AU3: 0.27781266 | AV3: 0.2881652 | AW3: 0.029269211 | AX3: 0.015675058 | AY3: 0.083154555 | AZ3: 0.07493985 | BA3: 1.007879 | BB3: 234729.99 | BC3: 41425.407 | BD3: 1.021977 | BE3: 254334.56 | BF3: 45395.531 | BG3: 5.2301357 | BH3: 6.1937647 | BI3: 3.6700337 | BJ3: 0.038052591 | BK3: -0.0048842105 | BL3: 0.15317213 | BM3: 0.17672216 | BN3: 0.12036629 | BO3: 0.16019008 | BP3: 0.616 | BQ3: 0.208 | BR3: 2.299635 | BS3: 25 | BT3: 15.100125 | BU3: 0.57 | BV3: 0.15 | BW3: 2.3242906 | BX3: 23 | BY3: 16.704305
