Workbook

Sheet Sheet1
A1: Project | B1: Path | C1: Filename | D1: #id | E1: #personalID | F1: Subject | G1: #sex | H1: gender | I1: Category | J1: age | K1: MOCA | L1: education type | M1: education length | N1: memory z-score | O1: visuo-spatial z-score | P1: attention z-score | Q1: executive function z-score | R1: GDS
A2: COBEN | B2: /CEITEC/speech | C2: COBEN_ACOUSTIC_BB_AD16.wav | D2: CZCOBEN000 | E2: CZCOBENAD2009 | F2: =A2&"_"&D2 -> COBEN_CZCOBEN000 | G2: M | H2: =IF(G2="M",0,IF(G2="F",1,"")) -> 0 | I2: MCI-AD | J2: 74.16564 | K2: 23 | L2: 4 | M2: 18 | N2: -2.08 | O2: -0.25 | P2: -0.35 | Q2: -0.9 | R2: 0
A3: COBEN | B3: /CEITEC/speech | C3: COBEN_ACOUSTIC_PK_HC02.wav | D3: CZCOBEN002 | E3: CZCOBENK2002 | F3: =A3&"_"&D3 -> COBEN_CZCOBEN002 | G3: M | H3: =IF(G3="M",0,IF(G3="F",1,"")) -> 0 | I3: HC | J3: 60.156057 | K3: 27 | L3: 4 | M3: 17 | N3: 1.21 | O3: 0.15 | P3: -0.58 | Q3: -0.49 | R3: 2
A4: COBEN | B4: /CEITEC/speech | C4: COBEN_ACOUSTIC_VS_HC05.wav | D4: CZCOBEN004 | E4: CZCOBENK1005 | F4: =A4&"_"&D4 -> COBEN_CZCOBEN004 | G4: F | H4: =IF(G4="M",0,IF(G4="F",1,"")) -> 1 | I4: HC | J4: 60.714579 | K4: 27 | L4: 3 | M4: 13 | N4: 1.18 | O4: 0.58 | P4: 0.33 | Q4: 0.23 | R4: 4
A5: COBEN | B5: /CEITEC/speech | C5: COBEN_ACOUSTIC_MN_HC06.wav | D5: CZCOBEN005 | E5: CZCOBENK1006 | F5: =A5&"_"&D5 -> COBEN_CZCOBEN005 | G5: F | H5: =IF(G5="M",0,IF(G5="F",1,"")) -> 1 | I5: HC | J5: 59.863107 | K5: 27 | L5: 3 | M5: 15 | N5: 0.99 | O5: -0.77 | P5: 0.18 | Q5: 1.56 | R5: 4
A6: COBEN | B6: /CEITEC/speech | C6: COBEN_ACOUSTIC_VP_HC09.wav | D6: CZCOBEN007 | E6: CZCOBENK2009 | F6: =A6&"_"&D6 -> COBEN_CZCOBEN007 | G6: M | H6: =IF(G6="M",0,IF(G6="F",1,"")) -> 0 | I6: HC | J6: 66.099932 | K6: 27 | L6: 4 | M6: 17 | N6: 1.75 | O6: 1.08 | P6: 0.1 | Q6: 0.39 | R6: 0
A7: COBEN | B7: /CEITEC/speech | C7: COBEN_ACOUSTIC_MH_HC10.wav | D7: CZCOBEN008 | E7: CZCOBENK1010 | F7: =A7&"_"&D7 -> COBEN_CZCOBEN008 | G7: F | H7: =IF(G7="M",0,IF(G7="F",1,"")) -> 1 | I7: HC | J7: 66.212183 | K7: 27 | L7: 4 | M7: 16 | N7: 1.05 | O7: 0.15 | P7: 0.44 | Q7: 0.33 | R7: 0
A8: COBEN | B8: /CEITEC/speech | C8: COBEN_ACOUSTIC_HZ_HC13.wav | D8: CZCOBEN009 | E8: CZCOBENK1013 | F8: =A8&"_"&D8 -> COBEN_CZCOBEN009 | G8: F | H8: =IF(G8="M",0,IF(G8="F",1,"")) -> 1 | I8: HC | J8: 64.51 | K8: 25 | L8: 4 | M8: 17 | N8: 0.89 | O8: 0.58 | P8: 0.21 | Q8: 1.14 | R8: 0
A9: COBEN | B9: /CEITEC/speech | C9: COBEN_ACOUSTIC_JJ_HC14.wav | D9: CZCOBEN010 | E9: CZCOBENK2014 | F9: =A9&"_"&D9 -> COBEN_CZCOBEN010 | G9: M | H9: =IF(G9="M",0,IF(G9="F",1,"")) -> 0 | I9: HC | J9: 75.616701 | K9: 27 | L9: 4 | M9: 17 | N9: 2.09 | O9: 0.15 | P9: 0.41 | Q9: 0.49 | R9: 2
A10: COBEN | B10: /CEITEC/speech | C10: COBEN_ACOUSTIC_JS_HC18.wav | D10: CZCOBEN011 | E10: CZCOBENK1018 | F10: =A10&"_"&D10 -> COBEN_CZCOBEN011 | G10: F | H10: =IF(G10="M",0,IF(G10="F",1,"")) -> 1 | I10: HC | J10: 63.611225 | K10: 27 | L10: 3 | M10: 13 | N10: -0.16 | O10: 0.15 | P10: 0.43 | Q10: -0.67 | R10: 2
A11: COBEN | B11: /CEITEC/speech | C11: COBEN_ACOUSTIC_RL_HC20.wav | D11: CZCOBEN012 | E11: CZCOBENK1020 | F11: =A11&"_"&D11 -> COBEN_CZCOBEN012 | G11: M | H11: =IF(G11="M",0,IF(G11="F",1,"")) -> 0 | I11: HC | J11: 62.047912 | K11: 27 | L11: 4 | M11: 18 | N11: 1.58 | O11: 0.15 | P11: -0.44 | Q11: -0.26 | R11: 0
A12: COBEN | B12: /CEITEC/speech | C12: COBEN_ACOUSTIC_HJ_HC21.wav | D12: CZCOBEN013 | E12: CZCOBENK1021 | F12: =A12&"_"&D12 -> COBEN_CZCOBEN013 | G12: F | H12: =IF(G12="M",0,IF(G12="F",1,"")) -> 1 | I12: HC | J12: 70.877481 | K12: 23 | L12: 3 | M12: 13 | N12: -0.68 | O12: -0.25 | P12: -0.36 | Q12: -1.59 | R12: 6
A13: COBEN | B13: /CEITEC/speech | C13: COBEN_ACOUSTIC_JB_HC22.wav | D13: CZCOBEN014 | E13: CZCOBENK1022 | F13: =A13&"_"&D13 -> COBEN_CZCOBEN014 | G13: F | H13: =IF(G13="M",0,IF(G13="F",1,"")) -> 1 | I13: HC | J13: 67.422313 | K13: 25 | L13: 4 | M13: 19 | N13: 0.86 | O13: 0.58 | P13: 0.39 | Q13: 0.68 | R13: 10
... A55: COBEN | B55: /CEITEC/speech | C55: COBEN_ACOUSTIC_MJ_HCD2.wav | D55: CZCOBEN065 | E55: CZCOBENK10D2 | F55: =A55&"_"&D55 -> COBEN_CZCOBEN065 | G55: F | H55: =IF(G55="M",0,IF(G55="F",1,"")) -> 1 | I55: HC | J55: 62.516085 | K55: 25 | L55: 4 | M55: 17 | N55: 0.86 | O55: 0.15 | P55: -0.74 | Q55: -0.08 | R55: 6
A56: HIDI LONG | B56: /CEITEC/speech/HIDI_LONG | C56: HIDI_LONG_neMRI_JJ_pred_stim.wav | D56: 100 | E56: AZV2P2001 | F56: =A56&"_"&D56 -> HIDI LONG_100 | G56: F | H56: =IF(G56="M",0,IF(G56="F",1,"")) -> 1 | I56: PD-MCI | J56: 71.487671 | K56: =median!C$3 -> 23 | L56: 4 | M56: 18 | N56: =median!F$3 -> -2.08 | O56: =median!G$3 -> -0.25 | P56: =median!H$3 -> -0.35 | Q56: =median!I$3 -> -0.9 | R56: =median!J$3 -> 0
A57: HIDI LONG | B57: /CEITEC/speech/HIDI_LONG | C57: HIDI_LONG_neMRI_KM_pred_stim.wav | D57: 1000 | E57: AZV2P2003 | F57: =A57&"_"&D57 -> HIDI LONG_1000 | G57: F | H57: =IF(G57="M",0,IF(G57="F",1,"")) -> 1 | I57: PD-MCI | J57: 60.227397 | K57: 20 | L57: 3 | M57: 12 | N57: -0.68 | O57: =median!G$3 -> -0.25 | P57: -0.12 | Q57: -0.53 | R57: 8
A58: HIDI LONG | B58: /CEITEC/speech/HIDI_LONG | C58: HIDI_LONG_neMRI_KK_pred_stim.wav | D58: 1100 | E58: AZV2P1008 | F58: =A58&"_"&D58 -> HIDI LONG_1100 | G58: M | H58: =IF(G58="M",0,IF(G58="F",1,"")) -> 0 | I58: PD-MCI | J58: 73.309589 | K58: 27 | L58: 4 | M58: 18 | N58: 0.68 | O58: =median!G$3 -> -0.25 | P58: -2.19 | Q58: -0.98 | R58: 10
A59: HIDI LONG | B59: /CEITEC/speech/HIDI_LONG | C59: HIDI_LONG_neMRI_PVE_pred_stim.wav | D59: 1200 | E59: AZV2P1009 | F59: =A59&"_"&D59 -> HIDI LONG_1200 | G59: M | H59: =IF(G59="M",0,IF(G59="F",1,"")) -> 0 | I59: PD-MCI | J59: 72.471233 | K59: =median!C$3 -> 23 | L59: =median!D$3 -> 4 | M59: =median!E$3 -> 18 | N59: =median!F$3 -> -2.08 | O59: =median!G$3 -> -0.25 | P59: =median!H$3 -> -0.35 | Q59: =median!I$3 -> -0.9 | R59: =median!J$3 -> 0
A60: HIDI LONG | B60: /CEITEC/speech/HIDI_LONG | C60: HIDI_LONG_neMRI_ZW_pred_stim.wav | D60: 1300 | E60: AZV2P1010 | F60: =A60&"_"&D60 -> HIDI LONG_1300 | G60: M | H60: =IF(G60="M",0,IF(G60="F",1,"")) -> 0 | I60: PD-MCI | J60: 70.509589 | K60: =median!C$3 -> 23 | L60: =median!D$3 -> 4 | M60: =median!E$3 -> 18 | N60: =median!F$3 -> -2.08 | O60: =median!G$3 -> -0.25 | P60: =median!H$3 -> -0.35 | Q60: =median!I$3 -> -0.9 | R60: =median!J$3 -> 0
A61: HIDI LONG | B61: /CEITEC/speech/HIDI_LONG | C61: HIDI_LONG_neMRI_RP_pred_stim.wav | D61: 1500 | E61: AZV2P1012 | F61: =A61&"_"&D61 -> HIDI LONG_1500 | G61: M | H61: =IF(G61="M",0,IF(G61="F",1,"")) -> 0 | I61: PD-MCI | J61: 72.69863 | K61: 25 | L61: 3 | M61: 13 | N61: 0.17 | O61: 0.37 | P61: -1.22 | Q61: -0.98 | R61: 6
A62: HIDI LONG | B62: /CEITEC/speech/HIDI_LONG | C62: HIDI_LONG_neMRI_JKRU_pred_stim.wav | D62: 1600 | E62: AZV2P2004 | F62: =A62&"_"&D62 -> HIDI LONG_1600 | G62: F | H62: =IF(G62="M",0,IF(G62="F",1,"")) -> 1 | I62: PD-MCI | J62: 79.627397 | K62: 23 | L62: 3 | M62: =median!E$3 -> 18 | N62: 0.63 | O62: -0.42 | P62: -0.16 | Q62: -0.13 | R62: 20
A63: HIDI LONG | B63: /CEITEC/speech/HIDI_LONG | C63: HIDI_LONG_neMRI_DM_pred_stim.wav | D63: 1700 | E63: AZV2P1013 | F63: =A63&"_"&D63 -> HIDI LONG_1700 | G63: M | H63: =IF(G63="M",0,IF(G63="F",1,"")) -> 0 | I63: PD-NC | J63: 70.312329 | K63: 29 | L63: 3 | M63: 13 | N63: 2.23 | O63: 1.25 | P63: 0.02 | Q63: 0.94 | R63: 6
A64: HIDI LONG | B64: /CEITEC/speech/HIDI_LONG | C64: HIDI_LONG_neMRI_JMA_pred_stim.wav | D64: 1800 | E64: AZV2P1014 | F64: =A64&"_"&D64 -> HIDI LONG_1800 | G64: M | H64: =IF(G64="M",0,IF(G64="F",1,"")) -> 0 | I64: PD-MCI | J64: 61.005479 | K64: 25 | L64: 4 | M64: 17 | N64: -1.54 | O64: -0.31 | P64: -0.83 | Q64: -1.11 | R64: 6
A65: HIDI LONG | B65: /CEITEC/speech/HIDI_LONG | C65: HIDI_LONG_neMRI_RR_pred_stim.wav | D65: 1900 | E65: AZV2P1015 | F65: =A65&"_"&D65 -> HIDI LONG_1900 | G65: M | H65: =IF(G65="M",0,IF(G65="F",1,"")) -> 0 | I65: PD-MCI | J65: 77.493151 | K65: 27 | L65: 4 | M65: 16 | N65: -1.38 | O65: 0.06 | P65: -1 | Q65: -0.28 | R65: 0
A66: HIDI LONG | B66: /CEITEC/speech/HIDI_LONG | C66: HIDI_LONG_neMRI_ON_pred_stim.wav | D66: 200 | E66: AZV2P1001 | F66: =A66&"_"&D66 -> HIDI LONG_200 | G66: M | H66: =IF(G66="M",0,IF(G66="F",1,"")) -> 0 | I66: PD-MCI | J66: 79.364384 | K66: 22 | L66: 3 | M66: 12 | N66: -0.46 | O66: 0.37 | P66: -1.35 | Q66: -1.46 | R66: 6
A67: HIDI LONG | B67: /CEITEC/speech/HIDI_LONG | C67: HIDI_LONG_neMRI_MK_pred_stim.wav | D67: 2000 | E67: AZV2P2005 | F67: =A67&"_"&D67 -> HIDI LONG_2000 | G67: F | H67: =IF(G67="M",0,IF(G67="F",1,"")) -> 1 | I67: PD-MCI | J67: 76.652055 | K67: 23 | L67: 4 | M67: 18 | N67: -0.01 | O67: 0.78 | P67: -1.28 | Q67: -1.43 | R67: 8
A68: HIDI LONG | B68: /CEITEC/speech/HIDI_LONG | C68: HIDI_LONG_neMRI_ZT_pred_stim.wav | D68: 2100 | E68: AZV2P1016 | F68: =A68&"_"&D68 -> HIDI LONG_2100 | G68: M | H68: =IF(G68="M",0,IF(G68="F",1,"")) -> 0 | I68: PD-MCI | J68: 60.712329 | K68: 27 | L68: 4 | M68: 18 | N68: 0.48 | O68: 0.68 | P68: -1.07 | Q68: 0.31 | R68: 12
A69: HIDI LONG | B69: /CEITEC/speech/HIDI_LONG | C69: HIDI_LONG_neMRI_KKI_pred_stim.wav | D69: 2200 | E69: AZV2P1017 | F69: =A69&"_"&D69 -> HIDI LONG_2200 | G69: M | H69: =IF(G69="M",0,IF(G69="F",1,"")) -> 0 | I69: PD-MCI | J69: 66.810959 | K69: 27 | L69: 3 | M69: 13 | N69: 0.33 | O69: -0.28 | P69: -0.93 | Q69: -0.72 | R69: 6
A70: HIDI LONG | B70: /CEITEC/speech/HIDI_LONG | C70: HIDI_LONG_neMRI_MKY_pred_stim.wav | D70: 2400 | E70: AZV2P1019 | F70: =A70&"_"&D70 -> HIDI LONG_2400 | G70: M | H70: =IF(G70="M",0,IF(G70="F",1,"")) -> 0 | I70: PD-MCI | J70: 72.810959 | K70: 22 | L70: 3 | M70: 13 | N70: 0.94 | O70: -0.32 | P70: -0.8 | Q70: -0.6 | R70: 2
A71: HIDI LONG | B71: /CEITEC/speech/HIDI_LONG | C71: HIDI_LONG_neMRI_KJ_pred_stim.wav | D71: 2500 | E71: AZV2P1020 | F71: =A71&"_"&D71 -> HIDI LONG_2500 | G71: M | H71: =IF(G71="M",0,IF(G71="F",1,"")) -> 0 | I71: PD-MCI | J71: 81.227397 | K71: 22 | L71: 3 | M71: 13 | N71: 0.49 | O71: -0.59 | P71: -1.2 | Q71: 0 | R71: 8
A72: HIDI LONG | B72: /CEITEC/speech/HIDI_LONG | C72: HIDI_LONG_neMRI_MP_pred_stim.wav | D72: 2600 | E72: AZV2P2006 | F72: =A72&"_"&D72 -> HIDI LONG_2600 | G72: F | H72: =IF(G72="M",0,IF(G72="F",1,"")) -> 1 | I72: PD-MCI | J72: 73.10137 | K72: 27 | L72: 4 | M72: 18 | N72: -0.18 | O72: -0.38 | P72: -1.77 | Q72: -1.48 | R72: 10
A73: HIDI LONG | B73: /CEITEC/speech/HIDI_LONG | C73: HIDI_LONG_neMRI_JC_pred_stim.wav | D73: 2700 | E73: AZV2P1021 | F73: =A73&"_"&D73 -> HIDI LONG_2700 | G73: M | H73: =IF(G73="M",0,IF(G73="F",1,"")) -> 0 | I73: PD-MCI | J73: 77.80274 | K73: 22 | L73: 3 | M73: 13 | N73: -1.93 | O73: -0.84 | P73: -2.15 | Q73: -1.56 | R73: 20
A74: HIDI LONG | B74: /CEITEC/speech/HIDI_LONG | C74: HIDI_LONG_neMRI_PH_pred_stim.wav | D74: 2800 | E74: AZV2P1022 | F74: =A74&"_"&D74 -> HIDI LONG_2800 | G74: M | H74: =IF(G74="M",0,IF(G74="F",1,"")) -> 0 | I74: PD-NC | J74: 80.920548 | K74: 23 | L74: 4 | M74: 16 | N74: 1.97 | O74: 1.25 | P74: 0.12 | Q74: 0.98 | R74: 2
A75: HIDI LONG | B75: /CEITEC/speech/HIDI_LONG | C75: HIDI_LONG_neMRI_HH_pred_stim.wav | D75: 2900 | E75: AZV2P2007 | F75: =A75&"_"&D75 -> HIDI LONG_2900 | G75: F | H75: =IF(G75="M",0,IF(G75="F",1,"")) -> 1 | I75: PD-MCI | J75: 74.50137 | K75: 29 | L75: 4 | M75: 17 | N75: 1.9 | O75: 0.89 | P75: -0.59 | Q75: -1.28 | R75: 6
A76: HIDI LONG | B76: /CEITEC/speech/HIDI_LONG | C76: HIDI_LONG_neMRI_JR_pred_stim.wav | D76: 300 | E76: AZV2P1002 | F76: =A76&"_"&D76 -> HIDI LONG_300 | G76: M | H76: =IF(G76="M",0,IF(G76="F",1,"")) -> 0 | I76: PD-MCI | J76: 53.005479 | K76: =median!C$3 -> 23 | L76: 3 | M76: 13 | N76: =median!F$3 -> -2.08 | O76: =median!G$3 -> -0.25 | P76: =median!H$3 -> -0.35 | Q76: =median!I$3 -> -0.9 | R76: =median!J$3 -> 0
A77: HIDI LONG | B77: /CEITEC/speech/HIDI_LONG | C77: HIDI_LONG_neMRI_VV_pred_stim.wav | D77: 3000 | E77: AZV2P1023 | F77: =A77&"_"&D77 -> HIDI LONG_3000 | G77: M | H77: =IF(G77="M",0,IF(G77="F",1,"")) -> 0 | I77: PD-MCI | J77: 68.183562 | K77: =median!C$3 -> 23 | L77: =median!D$3 -> 4 | M77: =median!E$3 -> 18 | N77: =median!F$3 -> -2.08 | O77: =median!G$3 -> -0.25 | P77: =median!H$3 -> -0.35 | Q77: =median!I$3 -> -0.9 | R77: =median!J$3 -> 0
A78: HIDI LONG | B78: /CEITEC/speech/HIDI_LONG | C78: HIDI_LONG_neMRI_LK_pred_stim.wav | D78: 3100 | E78: AZV2P1024 | F78: =A78&"_"&D78 -> HIDI LONG_3100 | G78: M | H78: =IF(G78="M",0,IF(G78="F",1,"")) -> 0 | I78: PD-MCI | J78: 73.238356 | K78: 25 | L78: 4 | M78: 18 | N78: 0.13 | O78: =median!G$3 -> -0.25 | P78: 0.01 | Q78: -0.25 | R78: 2
A79: HIDI LONG | B79: /CEITEC/speech/HIDI_LONG | C79: HIDI_LONG_neMRI_JB_pred_stim.wav | D79: 3200 | E79: AZV2P2008 | F79: =A79&"_"&D79 -> HIDI LONG_3200 | G79: F | H79: =IF(G79="M",0,IF(G79="F",1,"")) -> 1 | I79: PD-MCI | J79: 84.142466 | K79: 22 | L79: =median!D$3 -> 4 | M79: 3 | N79: -0.52 | O79: -0.5 | P79: -0.83 | Q79: -0.39 | R79: 18
A80: HIDI LONG | B80: /CEITEC/speech/HIDI_LONG | C80: HIDI_LONG_neMRI_IP_pred_stim.wav | D80: 3300 | E80: AZV2P2009 | F80: =A80&"_"&D80 -> HIDI LONG_3300 | G80: F | H80: =IF(G80="M",0,IF(G80="F",1,"")) -> 1 | I80: PD-MCI | J80: 78.282192 | K80: 22 | L80: =median!D$3 -> 4 | M80: 4 | N80: -1.12 | O80: 0.37 | P80: -0.08 | Q80: -0.17 | R80: 0
A81: HIDI LONG | B81: /CEITEC/speech/HIDI_LONG | C81: HIDI_LONG_neMRI_PV_pred_stim.wav | D81: 400 | E81: AZV2P1003 | F81: =A81&"_"&D81 -> HIDI LONG_400 | G81: M | H81: =IF(G81="M",0,IF(G81="F",1,"")) -> 0 | I81: PD-MCI | J81: 75.443836 | K81: 23 | L81: 4 | M81: 18 | N81: =median!F$3 -> -2.08 | O81: =median!G$3 -> -0.25 | P81: =median!H$3 -> -0.35 | Q81: =median!I$3 -> -0.9 | R81: =median!J$3 -> 0
A82: HIDI LONG | B82: /CEITEC/speech/HIDI_LONG | C82: HIDI_LONG_neMRI_JZ_pred_stim.wav | D82: 500 | E82: AZV2P2002 | F82: =A82&"_"&D82 -> HIDI LONG_500 | G82: F | H82: =IF(G82="M",0,IF(G82="F",1,"")) -> 1 | I82: PD-MCI | J82: 56.923288 | K82: 22 | L82: 3 | M82: 17 | N82: 0.36 | O82: 0.68 | P82: -0.56 | Q82: -1.34 | R82: 22
A83: HIDI LONG | B83: /CEITEC/speech/HIDI_LONG | C83: HIDI_LONG_neMRI_JK_pred_stim.wav | D83: 600 | E83: AZV2P1004 | F83: =A83&"_"&D83 -> HIDI LONG_600 | G83: M | H83: =IF(G83="M",0,IF(G83="F",1,"")) -> 0 | I83: PD-MCI | J83: 63.509589 | K83: 25 | L83: 4 | M83: 18 | N83: -0.15 | O83: 1.25 | P83: -0.23 | Q83: -0.01 | R83: 10
A84: HIDI LONG | B84: /CEITEC/speech/HIDI_LONG | C84: HIDI_LONG_neMRI_JM_pred_stim.wav | D84: 700 | E84: AZV2P1005 | F84: =A84&"_"&D84 -> HIDI LONG_700 | G84: M | H84: =IF(G84="M",0,IF(G84="F",1,"")) -> 0 | I84: PD-MCI | J84: 66.805479 | K84: =median!C$3 -> 23 | L84: =median!D$3 -> 4 | M84: =median!E$3 -> 18 | N84: =median!F$3 -> -2.08 | O84: =median!G$3 -> -0.25 | P84: =median!H$3 -> -0.35 | Q84: =median!I$3 -> -0.9 | R84: =median!J$3 -> 0
A85: HIDI LONG | B85: /CEITEC/speech/HIDI_LONG | C85: HIDI_LONG_neMRI_JKR_pred_stim.wav | D85: 800 | E85: AZV2P1006 | F85: =A85&"_"&D85 -> HIDI LONG_800 | G85: M | H85: =IF(G85="M",0,IF(G85="F",1,"")) -> 0 | I85: PD-NC | J85: 58.145205 | K85: 23 | L85: 3 | M85: 13 | N85: 1.33 | O85: 1.04 | P85: -0.11 | Q85: 0.12 | R85: 6
A86: HIDI LONG | B86: /CEITEC/speech/HIDI_LONG | C86: HIDI_LONG_neMRI_PM_pred_stim.wav | D86: 900 | E86: AZV2P1007 | F86: =A86&"_"&D86 -> HIDI LONG_900 | G86: M | H86: =IF(G86="M",0,IF(G86="F",1,"")) -> 0 | I86: PD-MCI | J86: 68.608219 | K86: 23 | L86: 4 | M86: 17 | N86: 0.42 | O86: =median!G$3 -> -0.25 | P86: -0.21 | Q86: -0.25 | R86: 18
A87: Kardiovize | B87: /CEITEC/speech/Kardiovize | C87: Kardiovize_1087.wav | D87: 1087 | E87: 1087 | F87: =A87&"_"&D87 -> Kardiovize_1087 | G87: M | H87: =IF(G87="M",0,IF(G87="F",1,"")) -> 0 | I87: MCI-AD | J87: 72.53 | K87: =median!C$3 -> 23 | L87: =median!D$3 -> 4 | M87: =median!E$3 -> 18 | N87: =median!F$3 -> -2.08 | O87: 0.242 | P87: -0.992 | Q87: -0.947 | R87: 1
A88: Kardiovize | B88: /CEITEC/speech/Kardiovize | C88: Kardiovize_1091.wav | D88: 1091 | E88: 1091 | F88: =A88&"_"&D88 -> Kardiovize_1091 | G88: M | H88: =IF(G88="M",0,IF(G88="F",1,"")) -> 0 | I88: HC | J88: 62.52 | K88: 26 | L88: 2 | M88: 12 | N88: 1.386667 | O88: 1.375 | P88: 0.066 | Q88: 0.076667 | R88: 10
A89: Kardiovize | B89: /CEITEC/speech/Kardiovize | C89: Kardiovize_1096.wav | D89: 1096 | E89: 1096 | F89: =A89&"_"&D89 -> Kardiovize_1096 | G89: F | H89: =IF(G89="M",0,IF(G89="F",1,"")) -> 1 | I89: MCI-LB | J89: 74.08 | K89: 27 | L89: 3 | M89: 13 | N89: 0.513333 | O89: 0.29 | P89: 0.142 | Q89: -0.245 | R89: 3
A90: Kardiovize | B90: /CEITEC/speech/Kardiovize | C90: Kardiovize_111.wav | D90: 111 | E90: 111 | F90: =A90&"_"&D90 -> Kardiovize_111 | G90: F | H90: =IF(G90="M",0,IF(G90="F",1,"")) -> 1 | I90: HC | J90: 61.88 | K90: 20 | L90: 3 | M90: 13 | N90: 0.123006 | O90: -0.25335 | P90: 0.333333 | Q90: 0.111111 | R90: 3
A91: Kardiovize | B91: /CEITEC/speech/Kardiovize | C91: Kardiovize_1120.wav | D91: 1120 | E91: 1120 | F91: =A91&"_"&D91 -> Kardiovize_1120 | G91: F | H91: =IF(G91="M",0,IF(G91="F",1,"")) -> 1 | I91: MCI-AD | J91: 72.53 | K91: 23 | L91: 3 | M91: 13 | N91: -0.5386 | O91: -1.34076 | P91: 0.166667 | Q91: -0.22222 | R91: 2
A92: Kardiovize | B92: /CEITEC/speech/Kardiovize | C92: Kardiovize_1121.wav | D92: 1121 | E92: 1121 | F92: =A92&"_"&D92 -> Kardiovize_1121 | G92: M | H92: =IF(G92="M",0,IF(G92="F",1,"")) -> 0 | I92: MCI-AD | J92: 65.36 | K92: 24 | L92: 3 | M92: 13 | N92: 0.635 | O92: 0.705 | P92: 0.474 | Q92: 0.445 | R92: 0
A93: Kardiovize | B93: /CEITEC/speech/Kardiovize | C93: Kardiovize_1127.wav | D93: 1127 | E93: 1127 | F93: =A93&"_"&D93 -> Kardiovize_1127 | G93: M | H93: =IF(G93="M",0,IF(G93="F",1,"")) -> 0 | I93: MCI-AD | J93: 66.66 | K93: 23 | L93: 3 | M93: 17 | N93: -1.39 | O93: 0.54016 | P93: -0.14 | Q93: 0.355 | R93: 2
A94: Kardiovize | B94: /CEITEC/speech/Kardiovize | C94: Kardiovize_1141.wav | D94: 1141 | E94: 1141 | F94: =A94&"_"&D94 -> Kardiovize_1141 | G94: F | H94: =IF(G94="M",0,IF(G94="F",1,"")) -> 1 | I94: HC | J94: 71.68 | K94: 27 | L94: 3 | M94: 15 | N94: 1.177459 | O94: -0.25335 | P94: 0.333333 | Q94: -0.05556 | R94: 1
A95: Kardiovize | B95: /CEITEC/speech/Kardiovize | C95: Kardiovize_1148.wav | D95: 1148 | E95: 1148 | F95: =A95&"_"&D95 -> Kardiovize_1148 | G95: M | H95: =IF(G95="M",0,IF(G95="F",1,"")) -> 0 | I95: MCI-LB | J95: 73.22 | K95: 24 | L95: 3 | M95: 18 | N95: 0.663333 | O95: 0.455 | P95: -0.112 | Q95: -0.64 | R95: 9
A96: Kardiovize | B96: /CEITEC/speech/Kardiovize | C96: Kardiovize_1152.wav | D96: 1152 | E96: 1152 | F96: =A96&"_"&D96 -> Kardiovize_1152 | G96: F | H96: =IF(G96="M",0,IF(G96="F",1,"")) -> 1 | I96: MCI-AD | J96: 69.08 | K96: 25 | L96: 3 | M96: 13 | N96: -0.99877 | O96: -0.77219 | P96: 0.333333 | Q96: -0.61111 | R96: 3
A97: Kardiovize | B97: /CEITEC/speech/Kardiovize | C97: Kardiovize_1160.wav | D97: 1160 | E97: 1160 | F97: =A97&"_"&D97 -> Kardiovize_1160 | G97: M | H97: =IF(G97="M",0,IF(G97="F",1,"")) -> 0 | I97: HC | J97: 66.53 | K97: 25 | L97: 3 | M97: 13 | N97: 0.553333 | O97: 0.875 | P97: 0.128 | Q97: -0.16667 | R97: 0
A98: Kardiovize | B98: /CEITEC/speech/Kardiovize | C98: Kardiovize_1175.wav | D98: 1175 | E98: 1175 | F98: =A98&"_"&D98 -> Kardiovize_1175 | G98: M | H98: =IF(G98="M",0,IF(G98="F",1,"")) -> 0 | I98: HC | J98: 70.74 | K98: 22 | L98: 2 | M98: 12 | N98: 0.294 | O98: 0.075 | P98: -0.442 | Q98: =median!I$3 -> -0.9 | R98: 4
A99: Kardiovize | B99: /CEITEC/speech/Kardiovize | C99: Kardiovize_1186.wav | D99: 1186 | E99: 1186 | F99: =A99&"_"&D99 -> Kardiovize_1186 | G99: M | H99: =IF(G99="M",0,IF(G99="F",1,"")) -> 0 | I99: MCI-LB | J99: 73.44 | K99: 25 | L99: 4 | M99: 18 | N99: -0.46848 | O99: 1.080319 | P99: -0.66667 | Q99: -0.27778 | R99: 3
A100: Kardiovize | B100: /CEITEC/speech/Kardiovize | C100: Kardiovize_1202.wav | D100: 1202 | E100: 1202 | F100: =A100&"_"&D100 -> Kardiovize_1202 | G100: M | H100: =IF(G100="M",0,IF(G100="F",1,"")) -> 0 | I100: HC | J100: 75 | K100: 25 | L100: 3 | M100: 13 | N100: -0.49 | O100: 0.54 | P100: 0.02 | Q100: 0.021667 | R100: 3
A101: Kardiovize | B101: /CEITEC/speech/Kardiovize | C101: Kardiovize_1210.wav | D101: 1210 | E101: 1210 | F101: =A101&"_"&D101 -> Kardiovize_1210 | G101: M | H101: =IF(G101="M",0,IF(G101="F",1,"")) -> 0 | I101: HC | J101: 74.16564 | K101: 26 | L101: 4 | M101: 18 | N101: 0.321658 | O101: 1.080319 | P101: 0.833333 | Q101: 0.611111 | R101: 3
A102: Kardiovize | B102: /CEITEC/speech/Kardiovize | C102: Kardiovize_1222.wav | D102: 1222 | E102: 1222 | F102: =A102&"_"&D102 -> Kardiovize_1222 | G102: F | H102: =IF(G102="M",0,IF(G102="F",1,"")) -> 1 | I102: MCI-LB | J102: 69.96 | K102: 19 | L102: 2 | M102: 12 | N102: -1.47261 | O102: -2.17009 | P102: -1.16667 | Q102: -0.38889 | R102: 6
A103: Kardiovize | B103: /CEITEC/speech/Kardiovize | C103: Kardiovize_1234.wav | D103: 1234 | E103: 1234 | F103: =A103&"_"&D103 -> Kardiovize_1234 | G103: F | H103: =IF(G103="M",0,IF(G103="F",1,"")) -> 1 | I103: HC | J103: 67.08 | K103: 27 | L103: 3 | M103: 13 | N103: 1.166667 | O103: -0.125 | P103: 0.682 | Q103: 0.778333 | R103: 3
A104: Kardiovize | B104: /CEITEC/speech/Kardiovize | C104: Kardiovize_1254.wav | D104: 1254 | E104: 1254 | F104: =A104&"_"&D104 -> Kardiovize_1254 | G104: M | H104: =IF(G104="M",0,IF(G104="F",1,"")) -> 0 | I104: HC | J104: 74.16564 | K104: =median!C$3 -> 23 | L104: =median!D$3 -> 4 | M104: =median!E$3 -> 18 | N104: 0.568333 | O104: -0.46 | P104: -0.16 | Q104: -0.57167 | R104: 1
A105: Kardiovize | B105: /CEITEC/speech/Kardiovize | C105: Kardiovize_1268.wav | D105: 1268 | E105: 1268 | F105: =A105&"_"&D105 -> Kardiovize_1268 | G105: M | H105: =IF(G105="M",0,IF(G105="F",1,"")) -> 0 | I105: HC | J105: 61.64 | K105: =median!C$3 -> 23 | L105: 4 | M105: 18 | N105: 1.025 | O105: 0.705 | P105: 0.214 | Q105: 0.433333 | R105: 6
A106: Kardiovize | B106: /CEITEC/speech/Kardiovize | C106: Kardiovize_127.wav | D106: 127 | E106: 127 | F106: =A106&"_"&D106 -> Kardiovize_127 | G106: F | H106: =IF(G106="M",0,IF(G106="F",1,"")) -> 1 | I106: HC | J106: 71.79 | K106: 27 | L106: 4 | M106: 18 | N106: 1.551667 | O106: -0.045 | P106: 0.354 | Q106: 0.94 | R106: 2
A107: Kardiovize | B107: /CEITEC/speech/Kardiovize | C107: Kardiovize_1289.wav | D107: 1289 | E107: 1289 | F107: =A107&"_"&D107 -> Kardiovize_1289 | G107: F | H107: =IF(G107="M",0,IF(G107="F",1,"")) -> 1 | I107: MCI-LB | J107: 74.16564 | K107: =median!C$3 -> 23 | L107: 3 | M107: 13 | N107: 0.97 | O107: -0.505 | P107: -0.674 | Q107: 0.255 | R107: 3
A108: Kardiovize | B108: /CEITEC/speech/Kardiovize | C108: Kardiovize_1294.wav | D108: 1294 | E108: 1294 | F108: =A108&"_"&D108 -> Kardiovize_1294 | G108: M | H108: =IF(G108="M",0,IF(G108="F",1,"")) -> 0 | I108: HC | J108: 73.92 | K108: 24 | L108: 2 | M108: 12 | N108: -0.60693 | O108: -0.77219 | P108: -0.5 | Q108: -0.38889 | R108: 10
A109: Kardiovize | B109: /CEITEC/speech/Kardiovize | C109: Kardiovize_1300.wav | D109: 1300 | E109: 1300 | F109: =A109&"_"&D109 -> Kardiovize_1300 | G109: M | H109: =IF(G109="M",0,IF(G109="F",1,"")) -> 0 | I109: MCI-AD | J109: 73.3 | K109: 21 | L109: 2 | M109: 12 | N109: -1.26841 | O109: 0.582842 | P109: -0.83333 | Q109: -0.77778 | R109: 1
A110: Kardiovize | B110: /CEITEC/speech/Kardiovize | C110: Kardiovize_1336.wav | D110: 1336 | E110: 1336 | F110: =A110&"_"&D110 -> Kardiovize_1336 | G110: M | H110: =IF(G110="M",0,IF(G110="F",1,"")) -> 0 | I110: MCI-LB | J110: 71.85 | K110: 22 | L110: 3 | M110: 17 | N110: 0.065037 | O110: 0.582842 | P110: -1 | Q110: 0.06 | R110: 2
A111: Kardiovize | B111: /CEITEC/speech/Kardiovize | C111: Kardiovize_1337.wav | D111: 1337 | E111: 1337 | F111: =A111&"_"&D111 -> Kardiovize_1337 | G111: F | H111: =IF(G111="M",0,IF(G111="F",1,"")) -> 1 | I111: HC | J111: 64.74 | K111: 29 | L111: 3 | M111: 13 | N111: 1.468333 | O111: -0.125 | P111: 0.674 | Q111: 0.833333 | R111: 1
A112: Kardiovize | B112: /CEITEC/speech/Kardiovize | C112: Kardiovize_1361.wav | D112: 1361 | E112: 1361 | F112: =A112&"_"&D112 -> Kardiovize_1361 | G112: F | H112: =IF(G112="M",0,IF(G112="F",1,"")) -> 1 | I112: MCI-LB | J112: 64.01 | K112: 26 | L112: 2 | M112: 12 | N112: -0.01907 | O112: -1.75069 | P112: -1.66667 | Q112: -1 | R112: 4
A113: Kardiovize | B113: /CEITEC/speech/Kardiovize | C113: Kardiovize_1390.wav | D113: 1390 | E113: 1390 | F113: =A113&"_"&D113 -> Kardiovize_1390 | G113: F | H113: =IF(G113="M",0,IF(G113="F",1,"")) -> 1 | I113: HC | J113: =median!B$3 -> 74.16564 | K113: =median!C$3 -> 23 | L113: 4 | M113: 18 | N113: 0.628333 | O113: -0.72 | P113: 0.282 | Q113: -0.16167 | R113: 6
A114: Kardiovize | B114: /CEITEC/speech/Kardiovize | C114: Kardiovize_1396.wav | D114: 1396 | E114: 1396 | F114: =A114&"_"&D114 -> Kardiovize_1396 | G114: F | H114: =IF(G114="M",0,IF(G114="F",1,"")) -> 1 | I114: HC | J114: 71.41 | K114: 26 | L114: 3 | M114: 13 | N114: 1.31 | O114: -0.25335 | P114: 0.835 | Q114: 0 | R114: 5
A115: Kardiovize | B115: /CEITEC/speech/Kardiovize | C115: Kardiovize_1404.wav | D115: 1404 | E115: 1404 | F115: =A115&"_"&D115 -> Kardiovize_1404 | G115: M | H115: =IF(G115="M",0,IF(G115="F",1,"")) -> 0 | I115: HC | J115: 61.53 | K115: 24 | L115: 4 | M115: 17 | N115: 0.533333 | O115: 0.54 | P115: 0.306 | Q115: 1.083333 | R115: 1
A116: Kardiovize | B116: /CEITEC/speech/Kardiovize | C116: Kardiovize_142.wav | D116: 142 | E116: 142 | F116: =A116&"_"&D116 -> Kardiovize_142 | G116: F | H116: =IF(G116="M",0,IF(G116="F",1,"")) -> 1 | I116: MCI-AD | J116: 71.91 | K116: 25 | L116: 3 | M116: 14 | N116: -0.79833 | O116: -0.67 | P116: -0.134 | Q116: -0.47167 | R116: 3
A117: Kardiovize | B117: /CEITEC/speech/Kardiovize | C117: Kardiovize_1421.wav | D117: 1421 | E117: 1421 | F117: =A117&"_"&D117 -> Kardiovize_1421 | G117: F | H117: =IF(G117="M",0,IF(G117="F",1,"")) -> 1 | I117: HC | J117: 71.92 | K117: 23 | L117: 3 | M117: 13 | N117: -0.15052 | O117: -0.25335 | P117: -0.5 | Q117: -0.44444 | R117: 3
A118: Kardiovize | B118: /CEITEC/speech/Kardiovize | C118: Kardiovize_1451.wav | D118: 1451 | E118: 1451 | F118: =A118&"_"&D118 -> Kardiovize_1451 | G118: M | H118: =IF(G118="M",0,IF(G118="F",1,"")) -> 0 | I118: MCI-AD | J118: 74.61 | K118: 19 | L118: 3 | M118: 13 | N118: 0.005015 | O118: 0.150969 | P118: -0.33333 | Q118: -0.67 | R118: 3
A119: Kardiovize | B119: /CEITEC/speech/Kardiovize | C119: Kardiovize_1453.wav | D119: 1453 | E119: 1453 | F119: =A119&"_"&D119 -> Kardiovize_1453 | G119: M | H119: =IF(G119="M",0,IF(G119="F",1,"")) -> 0 | I119: HC | J119: 65.22 | K119: 29 | L119: 3 | M119: 13 | N119: 1.695 | O119: 0.54 | P119: 0.332 | Q119: 0.305 | R119: 1
A120: Kardiovize | B120: /CEITEC/speech/Kardiovize | C120: Kardiovize_1475.wav | D120: 1475 | E120: 1475 | F120: =A120&"_"&D120 -> Kardiovize_1475 | G120: M | H120: =IF(G120="M",0,IF(G120="F",1,"")) -> 0 | I120: MCI-AD | J120: 66.35 | K120: 27 | L120: 2 | M120: 12 | N120: 0.165 | O120: -0.26 | P120: -0.606 | Q120: -1.03833 | R120: 2
A121: Kardiovize | B121: /CEITEC/speech/Kardiovize | C121: Kardiovize_1478.wav | D121: 1478 | E121: 1478 | F121: =A121&"_"&D121 -> Kardiovize_1478 | G121: M | H121: =IF(G121="M",0,IF(G121="F",1,"")) -> 0 | I121: MCI-AD | J121: 65.01 | K121: 23 | L121: 3 | M121: 13 | N121: -0.78333 | O121: -0.25335 | P121: 4.335 | Q121: -0.66667 | R121: 5
A122: Kardiovize | B122: /CEITEC/speech/Kardiovize | C122: Kardiovize_1483.wav | D122: 1483 | E122: 1483 | F122: =A122&"_"&D122 -> Kardiovize_1483 | G122: M | H122: =IF(G122="M",0,IF(G122="F",1,"")) -> 0 | I122: HC | J122: 68.22 | K122: =median!C$3 -> 23 | L122: 4 | M122: 17 | N122: 0.981667 | O122: 0.575 | P122: 1.334 | Q122: 1.283333 | R122: 2
A123: Kardiovize | B123: /CEITEC/speech/Kardiovize | C123: Kardiovize_1537.wav | D123: 1537 | E123: 1537 | F123: =A123&"_"&D123 -> Kardiovize_1537 | G123: M | H123: =IF(G123="M",0,IF(G123="F",1,"")) -> 0 | I123: HC | J123: 62.34 | K123: =median!C$3 -> 23 | L123: 3 | M123: 13 | N123: 0.745 | O123: 0.205 | P123: 0.188 | Q123: 0.193333 | R123: 7
A124: Kardiovize | B124: /CEITEC/speech/Kardiovize | C124: Kardiovize_1548.wav | D124: 1548 | E124: 1548 | F124: =A124&"_"&D124 -> Kardiovize_1548 | G124: F | H124: =IF(G124="M",0,IF(G124="F",1,"")) -> 1 | I124: MCI-LB | J124: =median!B$3 -> 74.16564 | K124: =median!C$3 -> 23 | L124: 2 | M124: 12 | N124: 0.856667 | O124: -0.505 | P124: -0.006 | Q124: -0.43333 | R124: 8
A125: Kardiovize | B125: /CEITEC/speech/Kardiovize | C125: Kardiovize_1562.wav | D125: 1562 | E125: 1562 | F125: =A125&"_"&D125 -> Kardiovize_1562 | G125: F | H125: =IF(G125="M",0,IF(G125="F",1,"")) -> 1 | I125: HC | J125: =median!B$3 -> 74.16564 | K125: =median!C$3 -> 23 | L125: 4 | M125: 18 | N125: 0.55 | O125: 0.875 | P125: 0.534 | Q125: 0.171667 | R125: 1
A126: Kardiovize | B126: /CEITEC/speech/Kardiovize | C126: Kardiovize_1602.wav | D126: 1602 | E126: 1602 | F126: =A126&"_"&D126 -> Kardiovize_1602 | G126: F | H126: =IF(G126="M",0,IF(G126="F",1,"")) -> 1 | I126: HC | J126: 70.01 | K126: =median!C$3 -> 23 | L126: 4 | M126: 19 | N126: 1.288333 | O126: 0.24 | P126: 0.368 | Q126: 0.145 | R126: 8
A127: Kardiovize | B127: /CEITEC/speech/Kardiovize | C127: Kardiovize_1609.wav | D127: 1609 | E127: 1609 | F127: =A127&"_"&D127 -> Kardiovize_1609 | G127: M | H127: =IF(G127="M",0,IF(G127="F",1,"")) -> 0 | I127: HC | J127: 74 | K127: 24 | L127: 2 | M127: 12 | N127: 1.171945 | O127: 0.582842 | P127: 1 | Q127: 0.111111 | R127: 1
A128: Kardiovize | B128: /CEITEC/speech/Kardiovize | C128: Kardiovize_1628.wav | D128: 1628 | E128: 1628 | F128: =A128&"_"&D128 -> Kardiovize_1628 | G128: F | H128: =IF(G128="M",0,IF(G128="F",1,"")) -> 1 | I128: HC | J128: =median!B$3 -> 74.16564 | K128: =median!C$3 -> 23 | L128: 4 | M128: 18 | N128: 0.795 | O128: 0.74 | P128: 0.088 | Q128: 0.56 | R128: 5
A129: Kardiovize | B129: /CEITEC/speech/Kardiovize | C129: Kardiovize_1671.wav | D129: 1671 | E129: 1671 | F129: =A129&"_"&D129 -> Kardiovize_1671 | G129: F | H129: =IF(G129="M",0,IF(G129="F",1,"")) -> 1 | I129: HC | J129: 70.32 | K129: =median!C$3 -> 23 | L129: 4 | M129: 18 | N129: 1.515 | O129: -0.26 | P129: 0.774 | Q129: 0.371667 | R129: 0
A130: Kardiovize | B130: /CEITEC/speech/Kardiovize | C130: Kardiovize_1673.wav | D130: 1673 | E130: 1673 | F130: =A130&"_"&D130 -> Kardiovize_1673 | G130: F | H130: =IF(G130="M",0,IF(G130="F",1,"")) -> 1 | I130: MCI-AD | J130: =median!B$3 -> 74.16564 | K130: =median!C$3 -> 23 | L130: 2 | M130: 12 | N130: 0.373333 | O130: -0.875 | P130: 0.326 | Q130: 0.561667 | R130: 0
A131: Kardiovize | B131: /CEITEC/speech/Kardiovize | C131: Kardiovize_168.wav | D131: 168 | E131: 168 | F131: =A131&"_"&D131 -> Kardiovize_168 | G131: M | H131: =IF(G131="M",0,IF(G131="F",1,"")) -> 0 | I131: MCI-AD | J131: 70.01 | K131: 23 | L131: 3 | M131: 14 | N131: -1.20713 | O131: -1.34076 | P131: -0.66667 | Q131: -0.72222 | R131: 1
A132: Kardiovize | B132: /CEITEC/speech/Kardiovize | C132: Kardiovize_1705.wav | D132: 1705 | E132: 1705 | F132: =A132&"_"&D132 -> Kardiovize_1705 | G132: F | H132: =IF(G132="M",0,IF(G132="F",1,"")) -> 1 | I132: HC | J132: 62.54 | K132: 27 | L132: 3 | M132: 13 | N132: 1.896667 | O132: -0.045 | P132: 0.906 | Q132: 1.106667 | R132: 5
A133: Kardiovize | B133: /CEITEC/speech/Kardiovize | C133: Kardiovize_1710.wav | D133: 1710 | E133: 1710 | F133: =A133&"_"&D133 -> Kardiovize_1710 | G133: F | H133: =IF(G133="M",0,IF(G133="F",1,"")) -> 1 | I133: HC | J133: 62.43 | K133: 24 | L133: 2 | M133: 12 | N133: -0.19391 | O133: -0.25335 | P133: 1 | Q133: 0.5 | R133: 5
A134: Kardiovize | B134: /CEITEC/speech/Kardiovize | C134: Kardiovize_1715.wav | D134: 1715 | E134: 1715 | F134: =A134&"_"&D134 -> Kardiovize_1715 | G134: F | H134: =IF(G134="M",0,IF(G134="F",1,"")) -> 1 | I134: HC | J134: =median!B$3 -> 74.16564 | K134: =median!C$3 -> 23 | L134: 3 | M134: 16 | N134: 1.555 | O134: 0.705 | P134: 0.768 | Q134: 0.485 | R134: 4
A135: Kardiovize | B135: /CEITEC/speech/Kardiovize | C135: Kardiovize_1719.wav | D135: 1719 | E135: 1719 | F135: =A135&"_"&D135 -> Kardiovize_1719 | G135: F | H135: =IF(G135="M",0,IF(G135="F",1,"")) -> 1 | I135: HC | J135: =median!B$3 -> 74.16564 | K135: =median!C$3 -> 23 | L135: 4 | M135: 18 | N135: 0.643333 | O135: -0.55 | P135: 0.886 | Q135: 0.521667 | R135: 9
A136: Kardiovize | B136: /CEITEC/speech/Kardiovize | C136: Kardiovize_173.wav | D136: 173 | E136: 173 | F136: =A136&"_"&D136 -> Kardiovize_173 | G136: M | H136: =IF(G136="M",0,IF(G136="F",1,"")) -> 0 | I136: HC | J136: 73.97 | K136: 21 | L136: 2 | M136: 12 | N136: -0.1841 | O136: 0.150969 | P136: 0 | Q136: 0.166667 | R136: 3
A137: Kardiovize | B137: /CEITEC/speech/Kardiovize | C137: Kardiovize_1730.wav | D137: 1730 | E137: 1730 | F137: =A137&"_"&D137 -> Kardiovize_1730 | G137: F | H137: =IF(G137="M",0,IF(G137="F",1,"")) -> 1 | I137: MCI-LB | J137: 62.93 | K137: 25 | L137: 3 | M137: 13 | N137: -1.3033 | O137: -2.17009 | P137: -1.5 | Q137: -0.61111 | R137: 12
A138: Kardiovize | B138: /CEITEC/speech/Kardiovize | C138: Kardiovize_174.wav | D138: 174 | E138: 174 | F138: =A138&"_"&D138 -> Kardiovize_174 | G138: F | H138: =IF(G138="M",0,IF(G138="F",1,"")) -> 1 | I138: HC | J138: =median!B$3 -> 74.16564 | K138: =median!C$3 -> 23 | L138: 3 | M138: 13 | N138: 1.533333 | O138: 0.24 | P138: 0.708 | Q138: 1.221667 | R138: 0
A139: Kardiovize | B139: /CEITEC/speech/Kardiovize | C139: Kardiovize_1743.wav | D139: 1743 | E139: 1743 | F139: =A139&"_"&D139 -> Kardiovize_1743 | G139: F | H139: =IF(G139="M",0,IF(G139="F",1,"")) -> 1 | I139: MCI-AD | J139: 72.64 | K139: 24 | L139: 2 | M139: 12 | N139: -0.72936 | O139: 0.582842 | P139: 0 | Q139: -0.27778 | R139: 11
A140: Kardiovize | B140: /CEITEC/speech/Kardiovize | C140: Kardiovize_1751.wav | D140: 1751 | E140: 1751 | F140: =A140&"_"&D140 -> Kardiovize_1751 | G140: F | H140: =IF(G140="M",0,IF(G140="F",1,"")) -> 1 | I140: MCI-LB | J140: 68.74 | K140: 29 | L140: 4 | M140: 18 | N140: 0.503333 | O140: -0.29 | P140: 0.08 | Q140: -0.21167 | R140: 2
A141: Kardiovize | B141: /CEITEC/speech/Kardiovize | C141: Kardiovize_1794.wav | D141: 1794 | E141: 1794 | F141: =A141&"_"&D141 -> Kardiovize_1794 | G141: F | H141: =IF(G141="M",0,IF(G141="F",1,"")) -> 1 | I141: MCI-AD | J141: 74.5 | K141: =median!C$3 -> 23 | L141: =median!D$3 -> 4 | M141: 12 | N141: 0.21 | O141: -1.19 | P141: -0.434 | Q141: -0.38333 | R141: 3
...

Sheet median
B1: age | C1: MOCA | D1: education type | E1: education length | F1: memory z-score | G1: visuo-spatial z-score | H1: attention z-score | I1: executive function z-score | J1: GDS
A2: formula | B2: =MEDIAN(IF(ISNUMBER(Sheet1!J2),Sheet1!J2)) -> 74.16564 | C2: =MEDIAN(IF(ISNUMBER(Sheet1!K2),Sheet1!K2)) -> 23 | D2: =MEDIAN(IF(ISNUMBER(Sheet1!L2),Sheet1!L2)) -> 4 | E2: =MEDIAN(IF(ISNUMBER(Sheet1!M2),Sheet1!M2)) -> 18 | F2: =MEDIAN(IF(ISNUMBER(Sheet1!N2),Sheet1!N2)) -> -2.08 | G2: =MEDIAN(IF(ISNUMBER(Sheet1!O2),Sheet1!O2)) -> -0.25 | H2: =MEDIAN(IF(ISNUMBER(Sheet1!P2),Sheet1!P2)) -> -0.35 | I2: =MEDIAN(IF(ISNUMBER(Sheet1!Q2),Sheet1!Q2)) -> -0.9 | J2: =MEDIAN(IF(ISNUMBER(Sheet1!R2),Sheet1!R2)) -> 0
B3: 74.16564 | C3: 23 | D3: 4 | E3: 18 | F3: -2.08 | G3: -0.25 | H3: -0.35 | I3: -0.9 | J3: 0

Sheet stats
B2: Class | C2: Count
B3: PD-MCI | C3: =COUNTIF(Sheet1!I2:I415, "PD-MCI") -> 93
B4: HC | C4: =COUNTIF(Sheet1!I2:I415, "HC") -> 175
B5: MCI-LB | C5: =COUNTIF(Sheet1!I2:I415, "MCI-LB") -> 79
B6: MCI-AD | C6: =COUNTIF(Sheet1!I2:I415, "MCI-AD") -> 62
B7: PD-NC | C7: =COUNTIF(Sheet1!I2:I415, "PD-NC") -> 5
B8: Total | C8: =SUM(C3:C7) -> 414
B11: # Unique: | C11: =IFERROR(__xludf.DUMMYFUNCTION("COUNTUNIQUE(Sheet1!I2:I415)"),5) -> 5
