Workbook

Sheet Linguistic_parameters2
A1: Subject | B1: Lex_total_tokens | C1: Lex_unique_types | D1: Lex_TTR | E1: Lex_repetition_ratio | F1: Lex_hapax_ratio | G1: Lex_HDD | H1: Sem_personal_ratio | I1: Sem_vague_ratio | J1: Sem_personal_count | K1: Sem_vague_count | L1: Sem_semantic_category_count | M1: Sem_content_density | N1: Sem_n_content | O1: Sem_n_tokens | P1: Syn_num_sent | Q1: Syn_MLU | R1: Syn_sub_per_sent | S1: Syn_total_sub | T1: Syn_hes | U1: Syn_hes_per_min
A2: COBEN_CZCOBEN000 | B2: 122 | C2: 95 | D2: 0.77868852 | E2: 0.3852459 | F2: 0.78947368 | G2: 0.908778 | H2: 0.016393443 | I2: 0.016393443 | J2: 2 | K2: 2 | L2: 4 | M2: 0.54918033 | N2: 67 | O2: 122 | P2: 8 | Q2: 15.25 | R2: 1.875 | S2: 15 | T2: 0 | U2: 0
A3: COBEN_CZCOBEN002 | B3: 227 | C3: 140 | D3: 0.61674009 | E3: 0.52863436 | F3: 0.76428571 | G3: 0.8448915 | H3: 0.0044052863 | I3: 0.0044052863 | J3: 1 | K3: 1 | L3: 2 | M3: 0.61674009 | N3: 140 | O3: 227 | P3: 10 | Q3: 22.7 | R3: 2.1 | S3: 21 | T3: 0 | U3: 0
A4: COBEN_CZCOBEN004 | B4: 171 | C4: 111 | D4: 0.64912281 | E4: 0.47953216 | F4: 0.8018018 | G4: 0.82932859 | H4: 0.046783626 | I4: 0 | J4: 8 | K4: 0 | L4: 4 | M4: 0.51764706 | N4: 88 | O4: 170 | P4: 13 | Q4: 13.153846 | R4: 1.5384615 | S4: 20 | T4: 0 | U4: 0
A5: COBEN_CZCOBEN005 | B5: 175 | C5: 131 | D5: 0.74857143 | E5: 0.36571429 | F5: 0.84732824 | G5: 0.89957289 | H5: 0.028571429 | I5: 0.011428571 | J5: 5 | K5: 2 | L5: 4 | M5: 0.55747126 | N5: 97 | O5: 174 | P5: 13 | Q5: 13.461538 | R5: 1.9230769 | S5: 25 | T5: 0 | U5: 0
A6: COBEN_CZCOBEN007 | B6: 230 | C6: 136 | D6: 0.59130435 | E6: 0.53913043 | F6: 0.77941176 | G6: 0.8177618 | H6: 0.034782609 | I6: 0.017391304 | J6: 8 | K6: 4 | L6: 4 | M6: 0.46086957 | N6: 106 | O6: 230 | P6: 6 | Q6: 38.333333 | R6: 6 | S6: 36 | T6: 1 | U6: 0.59754967
A7: COBEN_CZCOBEN008 | B7: 197 | C7: 148 | D7: 0.75126904 | E7: 0.38071066 | F7: 0.82432432 | G7: 0.91326999 | H7: 0.015228426 | I7: 0.015228426 | J7: 3 | K7: 3 | L7: 4 | M7: 0.61928934 | N7: 122 | O7: 197 | P7: 10 | Q7: 19.7 | R7: 2.2 | S7: 22 | T7: 0 | U7: 0
A8: COBEN_CZCOBEN009 | B8: 201 | C8: 131 | D8: 0.65174129 | E8: 0.48258706 | F8: 0.79389313 | G8: 0.85867543 | H8: 0.014925373 | I8: 0.024875622 | J8: 3 | K8: 5 | L8: 3 | M8: 0.48258706 | N8: 97 | O8: 201 | P8: 26 | Q8: 7.7307692 | R8: 0.76923077 | S8: 20 | T8: 0 | U8: 0
A9: COBEN_CZCOBEN010 | B9: 180 | C9: 126 | D9: 0.7 | E9: 0.46111111 | F9: 0.76984127 | G9: 0.89355533 | H9: 0.011111111 | I9: 0.044444444 | J9: 2 | K9: 8 | L9: 3 | M9: 0.53038674 | N9: 96 | O9: 181 | P9: 12 | Q9: 15 | R9: 2.25 | S9: 27 | T9: 0 | U9: 0
A10: COBEN_CZCOBEN011 | B10: 273 | C10: 156 | D10: 0.57142857 | E10: 0.56043956 | F10: 0.76923077 | G10: 0.83238279 | H10: 0.014652015 | I10: 0.025641026 | J10: 4 | K10: 7 | L10: 4 | M10: 0.44727273 | N10: 123 | O10: 275 | P10: 10 | Q10: 27.3 | R10: 4.8 | S10: 48 | T10: 0 | U10: 0
A11: COBEN_CZCOBEN012 | B11: 133 | C11: 94 | D11: 0.70676692 | E11: 0.42857143 | F11: 0.80851064 | G11: 0.85547534 | H11: 0 | I11: 0.015037594 | J11: 0 | K11: 2 | L11: 2 | M11: 0.53731343 | N11: 72 | O11: 134 | P11: 8 | Q11: 16.625 | R11: 2 | S11: 16 | T11: 0 | U11: 0
A12: COBEN_CZCOBEN013 | B12: 194 | C12: 131 | D12: 0.67525773 | E12: 0.48969072 | F12: 0.75572519 | G12: 0.88029092 | H12: 0.020618557 | I12: 0.015463918 | J12: 4 | K12: 3 | L12: 4 | M12: 0.52820513 | N12: 103 | O12: 195 | P12: 6 | Q12: 32.333333 | R12: 4.1666667 | S12: 25 | T12: 0 | U12: 0
A13: COBEN_CZCOBEN014 | B13: 165 | C13: 121 | D13: 0.73333333 | E13: 0.38787879 | F13: 0.83471074 | G13: 0.88771638 | H13: 0.012121212 | I13: 0.03030303 | J13: 2 | K13: 5 | L13: 3 | M13: 0.56626506 | N13: 94 | O13: 166 | P13: 8 | Q13: 20.625 | R13: 3 | S13: 24 | T13: 0 | U13: 0
A14: COBEN_CZCOBEN015 | B14: 256 | C14: 171 | D14: 0.66796875 | E14: 0.484375 | F14: 0.77192982 | G14: 0.88783061 | H14: 0.015625 | I14: 0.01953125 | J14: 4 | K14: 5 | L14: 4 | M14: 0.51750973 | N14: 133 | O14: 257 | P14: 8 | Q14: 32 | R14: 4.625 | S14: 37 | T14: 0 | U14: 0
A15: COBEN_CZCOBEN016 | B15: 231 | C15: 142 | D15: 0.61471861 | E15: 0.53246753 | F15: 0.76056338 | G15: 0.85546971 | H15: 0.021645022 | I15: 0.03030303 | J15: 5 | K15: 7 | L15: 5 | M15: 0.5021645 | N15: 116 | O15: 231 | P15: 10 | Q15: 23.1 | R15: 4.5 | S15: 45 | T15: 0 | U15: 0
A16: COBEN_CZCOBEN017 | B16: 183 | C16: 129 | D16: 0.70491803 | E16: 0.43715847 | F16: 0.79844961 | G16: 0.87858008 | H16: 0.021857923 | I16: 0.016393443 | J16: 4 | K16: 3 | L16: 2 | M16: 0.54098361 | N16: 99 | O16: 183 | P16: 10 | Q16: 18.3 | R16: 2 | S16: 20 | T16: 0 | U16: 0
A17: COBEN_CZCOBEN018 | B17: 255 | C17: 153 | D17: 0.6 | E17: 0.58039216 | F17: 0.69934641 | G17: 0.87449672 | H17: 0.043137255 | I17: 0.039215686 | J17: 11 | K17: 10 | L17: 3 | M17: 0.49019608 | N17: 125 | O17: 255 | P17: 9 | Q17: 28.333333 | R17: 4 | S17: 36 | T17: 1 | U17: 0.58150769
A18: COBEN_CZCOBEN019 | B18: 125 | C18: 93 | D18: 0.744 | E18: 0.392 | F18: 0.8172043 | G18: 0.87241525 | H18: 0.024 | I18: 0.008 | J18: 3 | K18: 1 | L18: 3 | M18: 0.52 | N18: 65 | O18: 125 | P18: 11 | Q18: 11.363636 | R18: 1.3636364 | S18: 15 | T18: 0 | U18: 0
A19: COBEN_CZCOBEN021 | B19: 156 | C19: 110 | D19: 0.70512821 | E19: 0.42948718 | F19: 0.80909091 | G19: 0.86524044 | H19: 0.0064102564 | I19: 0 | J19: 1 | K19: 0 | L19: 4 | M19: 0.5375 | N19: 86 | O19: 160 | P19: 7 | Q19: 22.285714 | R19: 2.4285714 | S19: 17 | T19: 0 | U19: 0
A20: COBEN_CZCOBEN022 | B20: 162 | C20: 121 | D20: 0.74691358 | E20: 0.37037037 | F20: 0.84297521 | G20: 0.88789716 | H20: 0.012345679 | I20: 0 | J20: 2 | K20: 0 | L20: 3 | M20: 0.54268293 | N20: 89 | O20: 164 | P20: 14 | Q20: 11.571429 | R20: 1.6428571 | S20: 23 | T20: 0 | U20: 0
A21: COBEN_CZCOBEN023 | B21: 154 | C21: 119 | D21: 0.77272727 | E21: 0.35064935 | F21: 0.84033613 | G21: 0.90846274 | H21: 0.025974026 | I21: 0.0064935065 | J21: 4 | K21: 1 | L21: 3 | M21: 0.56774194 | N21: 88 | O21: 155 | P21: 14 | Q21: 11 | R21: 1.4285714 | S21: 20 | T21: 0 | U21: 0
A22: COBEN_CZCOBEN024 | B22: 154 | C22: 96 | D22: 0.62337662 | E22: 0.55844156 | F22: 0.70833333 | G22: 0.83723932 | H22: 0.025974026 | I22: 0.012987013 | J22: 4 | K22: 2 | L22: 2 | M22: 0.52597403 | N22: 81 | O22: 154 | P22: 11 | Q22: 14 | R22: 1.3636364 | S22: 15 | T22: 0 | U22: 0
A23: COBEN_CZCOBEN025 | B23: 192 | C23: 126 | D23: 0.65625 | E23: 0.484375 | F23: 0.78571429 | G23: 0.85724951 | H23: 0.041666667 | I23: 0.015625 | J23: 8 | K23: 3 | L23: 3 | M23: 0.50777202 | N23: 98 | O23: 193 | P23: 13 | Q23: 14.769231 | R23: 2.6153846 | S23: 34 | T23: 0 | U23: 0
A24: COBEN_CZCOBEN026 | B24: 95 | C24: 72 | D24: 0.75789474 | E24: 0.41052632 | F24: 0.77777778 | G24: 0.86953034 | H24: 0 | I24: 0 | J24: 0 | K24: 0 | L24: 3 | M24: 0.63157895 | N24: 60 | O24: 95 | P24: 14 | Q24: 6.7857143 | R24: 0.78571429 | S24: 11 | T24: 0 | U24: 0
A25: COBEN_CZCOBEN027 | B25: 109 | C25: 89 | D25: 0.81651376 | E25: 0.28440367 | F25: 0.87640449 | G25: 0.90664194 | H25: 0.027522936 | I25: 0 | J25: 3 | K25: 0 | L25: 2 | M25: 0.54054054 | N25: 60 | O25: 111 | P25: 3 | Q25: 36.333333 | R25: 4.6666667 | S25: 14 | T25: 0 | U25: 0
A26: COBEN_CZCOBEN029 | B26: 182 | C26: 132 | D26: 0.72527473 | E26: 0.4010989 | F26: 0.82575758 | G26: 0.89501044 | H26: 0.021978022 | I26: 0.021978022 | J26: 4 | K26: 4 | L26: 2 | M26: 0.54644809 | N26: 100 | O26: 183 | P26: 16 | Q26: 11.375 | R26: 1.6875 | S26: 27 | T26: 0 | U26: 0
A27: COBEN_CZCOBEN030 | B27: 129 | C27: 99 | D27: 0.76744186 | E27: 0.36434109 | F27: 0.82828283 | G27: 0.89796253 | H27: 0.023255814 | I27: 0 | J27: 3 | K27: 0 | L27: 3 | M27: 0.6 | N27: 75 | O27: 125 | P27: 14 | Q27: 9.2142857 | R27: 0.71428571 | S27: 10 | T27: 0 | U27: 0
A28: COBEN_CZCOBEN032 | B28: 166 | C28: 118 | D28: 0.71084337 | E28: 0.43975904 | F28: 0.78813559 | G28: 0.88357331 | H28: 0.012048193 | I28: 0.018072289 | J28: 2 | K28: 3 | L28: 4 | M28: 0.5748503 | N28: 96 | O28: 167 | P28: 9 | Q28: 18.444444 | R28: 2.5555556 | S28: 23 | T28: 0 | U28: 0
A29: COBEN_CZCOBEN033 | B29: 178 | C29: 108 | D29: 0.60674157 | E29: 0.53932584 | F29: 0.75925926 | G29: 0.81118595 | H29: 0.011235955 | I29: 0.011235955 | J29: 2 | K29: 2 | L29: 3 | M29: 0.53932584 | N29: 96 | O29: 178 | P29: 8 | Q29: 22.25 | R29: 2.375 | S29: 19 | T29: 0 | U29: 0
A30: COBEN_CZCOBEN034 | B30: 103 | C30: 83 | D30: 0.80582524 | E30: 0.2815534 | F30: 0.89156627 | G30: 0.87920447 | H30: 0 | I30: 0.0097087379 | J30: 0 | K30: 1 | L30: 3 | M30: 0.6039604 | N30: 61 | O30: 101 | P30: 1 | Q30: 103 | R30: 12 | S30: 12 | T30: 0 | U30: 0
A31: COBEN_CZCOBEN035 | B31: 110 | C31: 80 | D31: 0.72727273 | E31: 0.41818182 | F31: 0.8 | G31: 0.8547971 | H31: 0 | I31: 0.0090909091 | J31: 0 | K31: 1 | L31: 3 | M31: 0.59090909 | N31: 65 | O31: 110 | P31: 4 | Q31: 27.5 | R31: 3 | S31: 12 | T31: 0 | U31: 0
A32: COBEN_CZCOBEN036 | B32: 148 | C32: 100 | D32: 0.67567568 | E32: 0.50675676 | F32: 0.73 | G32: 0.86442245 | H32: 0 | I32: 0.02027027 | J32: 0 | K32: 3 | L32: 3 | M32: 0.50657895 | N32: 77 | O32: 152 | P32: 10 | Q32: 14.8 | R32: 2.9 | S32: 29 | T32: 0 | U32: 0
A33: COBEN_CZCOBEN038 | B33: 87 | C33: 70 | D33: 0.8045977 | E33: 0.31034483 | F33: 0.85714286 | G33: 0.8784793 | H33: 0.011494253 | I33: 0 | J33: 1 | K33: 0 | L33: 1 | M33: 0.62068966 | N33: 54 | O33: 87 | P33: 9 | Q33: 9.6666667 | R33: 1 | S33: 9 | T33: 0 | U33: 0
A34: COBEN_CZCOBEN039 | B34: 114 | C34: 89 | D34: 0.78070175 | E34: 0.33333333 | F34: 0.85393258 | G34: 0.88545059 | H34: 0.035087719 | I34: 0 | J34: 4 | K34: 0 | L34: 1 | M34: 0.51754386 | N34: 59 | O34: 114 | P34: 5 | Q34: 22.8 | R34: 3 | S34: 15 | T34: 0 | U34: 0
A35: COBEN_CZCOBEN040 | B35: =Median!B$3 -> 157.5 | C35: =Median!C$3 -> 110 | D35: =Median!D$3 -> 0.69680851 | E35: =Median!E$3 -> 0.44512195 | F35: =Median!F$3 -> 0.79347826 | G35: =Median!G$3 -> 0.86064224 | H35: =Median!H$3 -> 0.013513514 | I35: =Median!I$3 -> 0.014084507 | ... U35: =Median!U$3 -> 0
A36: COBEN_CZCOBEN042 | B36: 124 | C36: 104 | D36: 0.83870968 | E36: 0.26612903 | F36: 0.875 | G36: 0.92794453 | H36: 0.016129032 | I36: 0.032258065 | J36: 2 | K36: 4 | L36: 3 | M36: 0.56 | N36: 70 | O36: 125 | P36: 13 | Q36: 9.5384615 | R36: 1.1538462 | S36: 15 | T36: 0 | U36: 0
A37: COBEN_CZCOBEN044 | B37: 113 | C37: 83 | D37: 0.73451327 | E37: 0.4159292 | F37: 0.79518072 | G37: 0.86275986 | H37: 0 | I37: 0 | J37: 0 | K37: 0 | L37: 3 | M37: 0.59292035 | N37: 67 | O37: 113 | P37: 12 | Q37: 9.4166667 | R37: 1 | S37: 12 | T37: 0 | U37: 0
A38: COBEN_CZCOBEN046 | B38: 205 | C38: 136 | D38: 0.66341463 | E38: 0.50731707 | F38: 0.74264706 | G38: 0.87316889 | H38: 0.029268293 | I38: 0.019512195 | J38: 6 | K38: 4 | L38: 3 | M38: 0.53658537 | N38: 110 | O38: 205 | P38: 18 | Q38: 11.388889 | R38: 1.6111111 | S38: 29 | T38: 1 | U38: 0.61668757
A39: COBEN_CZCOBEN047 | B39: 173 | C39: 117 | D39: 0.67630058 | E39: 0.45086705 | F39: 0.81196581 | G39: 0.84636687 | H39: 0.040462428 | I39: 0.011560694 | J39: 7 | K39: 2 | L39: 3 | M39: 0.5433526 | N39: 94 | O39: 173 | P39: 14 | Q39: 12.357143 | R39: 1.3571429 | S39: 19 | T39: 0 | U39: 0
A40: COBEN_CZCOBEN048 | B40: 129 | C40: 98 | D40: 0.75968992 | E40: 0.36434109 | F40: 0.83673469 | G40: 0.88479566 | H40: 0.03875969 | I40: 0 | J40: 5 | K40: 0 | L40: 4 | M40: 0.51937984 | N40: 67 | O40: 129 | P40: 7 | Q40: 18.428571 | R40: 2.4285714 | S40: 17 | T40: 0 | U40: 0
A41: COBEN_CZCOBEN049 | B41: 149 | C41: 91 | D41: 0.61073826 | E41: 0.56375839 | F41: 0.71428571 | G41: 0.80727138 | H41: 0 | I41: 0.0067114094 | J41: 0 | K41: 1 | L41: 4 | M41: 0.58389262 | N41: 87 | O41: 149 | P41: 12 | Q41: 12.416667 | R41: 1.4166667 | S41: 17 | T41: 0 | U41: 0
A42: COBEN_CZCOBEN050 | B42: 107 | C42: 70 | D42: 0.65420561 | E42: 0.45794393 | F42: 0.82857143 | G42: 0.77045714 | H42: 0.0093457944 | I42: 0 | J42: 1 | K42: 0 | L42: 4 | M42: 0.48598131 | N42: 52 | O42: 107 | P42: 9 | Q42: 11.888889 | R42: 1.8888889 | S42: 17 | T42: 0 | U42: 0
A43: COBEN_CZCOBEN052 | B43: 167 | C43: 123 | D43: 0.73652695 | E43: 0.4011976 | F43: 0.81300813 | G43: 0.90164618 | H43: 0.005988024 | I43: 0.023952096 | J43: 1 | K43: 4 | L43: 4 | M43: 0.62874251 | N43: 105 | O43: 167 | P43: 12 | Q43: 13.916667 | R43: 2.1666667 | S43: 26 | T43: 0 | U43: 0
A44: COBEN_CZCOBEN053 | B44: 188 | C44: 131 | D44: 0.69680851 | E44: 0.44148936 | F44: 0.80152672 | G44: 0.87575208 | H44: 0 | I44: 0.015957447 | J44: 0 | K44: 3 | L44: 2 | M44: 0.55614973 | N44: 104 | O44: 187 | P44: 13 | Q44: 14.461538 | R44: 1.2307692 | S44: 16 | T44: 0 | U44: 0
A45: COBEN_CZCOBEN054 | B45: 136 | C45: 103 | D45: 0.75735294 | E45: 0.36764706 | F45: 0.83495146 | G45: 0.87916691 | H45: 0.044117647 | I45: 0.014705882 | J45: 6 | K45: 2 | L45: 4 | M45: 0.54014599 | N45: 74 | O45: 137 | P45: 10 | Q45: 13.6 | R45: 1.9 | S45: 19 | T45: 0 | U45: 0
A46: COBEN_CZCOBEN055 | B46: 188 | C46: 128 | D46: 0.68085106 | E46: 0.48404255 | F46: 0.7578125 | G46: 0.88198303 | H46: 0.010638298 | I46: 0.026595745 | J46: 2 | K46: 5 | L46: 4 | M46: 0.47894737 | N46: 91 | O46: 190 | P46: 10 | Q46: 18.8 | R46: 2.5 | S46: 25 | T46: 0 | U46: 0
A47: COBEN_CZCOBEN057 | B47: 163 | C47: 122 | D47: 0.74846626 | E47: 0.39877301 | F47: 0.80327869 | G47: 0.90617166 | H47: 0.018404908 | I47: 0.018404908 | J47: 3 | K47: 3 | L47: 4 | M47: 0.64634146 | N47: 106 | O47: 164 | P47: 19 | Q47: 8.5789474 | R47: 0.68421053 | S47: 13 | T47: 0 | U47: 0
A48: COBEN_CZCOBEN058 | B48: 143 | C48: 108 | D48: 0.75524476 | E48: 0.34265734 | F48: 0.87037037 | G48: 0.87374926 | H48: 0 | I48: 0.006993007 | J48: 0 | K48: 1 | L48: 3 | M48: 0.58741259 | N48: 84 | O48: 143 | P48: 21 | Q48: 6.8095238 | R48: 0.61904762 | S48: 13 | T48: 0 | U48: 0
A49: COBEN_CZCOBEN059 | B49: 147 | C49: 96 | D49: 0.65306122 | E49: 0.4829932 | F49: 0.79166667 | G49: 0.8036094 | H49: 0.020408163 | I49: 0.0068027211 | J49: 3 | K49: 1 | L49: 3 | M49: 0.52348993 | N49: 78 | O49: 149 | P49: 4 | Q49: 36.75 | R49: 5.75 | S49: 23 | T49: 0 | U49: 0
A50: COBEN_CZCOBEN060 | B50: 138 | C50: 100 | D50: 0.72463768 | E50: 0.41304348 | F50: 0.81 | G50: 0.86090545 | H50: 0.014492754 | I50: 0.014492754 | J50: 2 | K50: 2 | L50: 3 | M50: 0.54676259 | N50: 76 | O50: 139 | P50: 13 | Q50: 10.615385 | R50: 1.3076923 | S50: 17 | T50: 0 | U50: 0
A51: COBEN_CZCOBEN061 | B51: 156 | C51: 95 | D51: 0.60897436 | E51: 0.55128205 | F51: 0.73684211 | G51: 0.82231125 | H51: 0 | I51: 0.0064102564 | J51: 0 | K51: 1 | L51: 2 | M51: 0.53846154 | N51: 84 | O51: 156 | P51: 7 | Q51: 22.285714 | R51: 3.4285714 | S51: 24 | T51: 0 | U51: 0
A52: COBEN_CZCOBEN062 | B52: 157 | C52: 113 | D52: 0.71974522 | E52: 0.43312102 | F52: 0.78761062 | G52: 0.88476739 | H52: 0 | I52: 0 | J52: 0 | K52: 0 | L52: 3 | M52: 0.47798742 | N52: 76 | O52: 159 | P52: 9 | Q52: 17.444444 | R52: 2.1111111 | S52: 19 | T52: 0 | U52: 0
A53: COBEN_CZCOBEN063 | B53: 161 | C53: 113 | D53: 0.70186335 | E53: 0.44099379 | F53: 0.79646018 | G53: 0.8729158 | H53: 0.01242236 | I53: 0.037267081 | J53: 2 | K53: 6 | L53: 1 | M53: 0.60248447 | N53: 97 | O53: 161 | P53: 7 | Q53: 23 | R53: 3.7142857 | S53: 26 | T53: 0 | U53: 0
A54: COBEN_CZCOBEN064 | B54: 228 | C54: 148 | D54: 0.64912281 | E54: 0.46491228 | F54: 0.82432432 | G54: 0.84294912 | H54: 0.039473684 | I54: 0.026315789 | J54: 9 | K54: 6 | L54: 3 | M54: 0.53508772 | N54: 122 | O54: 228 | P54: 13 | Q54: 17.538462 | R54: 3.2307692 | S54: 42 | T54: 0 | U54: 0
A55: COBEN_CZCOBEN065 | B55: 153 | C55: 109 | D55: 0.7124183 | E55: 0.44444444 | F55: 0.77981651 | G55: 0.8771441 | H55: 0.032679739 | I55: 0.013071895 | J55: 5 | K55: 2 | L55: 1 | M55: 0.47058824 | N55: 72 | O55: 153 | P55: 11 | Q55: 13.909091 | R55: 2.5454545 | S55: 28 | T55: 0 | U55: 0
A56: HIDI LONG_100 | B56: 224 | C56: 141 | D56: 0.62946429 | E56: 0.52678571 | F56: 0.75177305 | G56: 0.85554756 | H56: 0.017857143 | I56: 0.0044642857 | J56: 4 | K56: 1 | L56: 3 | M56: 0.50892857 | N56: 114 | O56: 224 | P56: 18 | Q56: 12.444444 | R56: 1.5555556 | S56: 28 | T56: 0 | U56: 0
A57: HIDI LONG_1000 | B57: 150 | C57: 69 | D57: 0.46 | E57: 0.70666667 | F57: 0.63768116 | G57: 0.69348297 | H57: 0 | I57: 0.073333333 | J57: 0 | K57: 11 | L57: 4 | M57: 0.62416107 | N57: 93 | O57: 149 | P57: 16 | Q57: 9.375 | R57: 1.75 | S57: 28 | T57: 0 | U57: 0
A58: HIDI LONG_1100 | B58: 155 | C58: 113 | D58: 0.72903226 | E58: 0.43870968 | F58: 0.7699115 | G58: 0.89595904 | H58: 0.0064516129 | I58: 0.012903226 | J58: 1 | K58: 2 | L58: 2 | M58: 0.54140127 | N58: 85 | O58: 157 | P58: 6 | Q58: 25.833333 | R58: 3.6666667 | S58: 22 | T58: 0 | U58: 0
A59: HIDI LONG_1200 | B59: 197 | C59: 116 | D59: 0.58883249 | E59: 0.59898477 | F59: 0.68103448 | G59: 0.84046613 | H59: 0.045685279 | I59: 0.035532995 | J59: 9 | K59: 7 | L59: 4 | M59: 0.45685279 | N59: 90 | O59: 197 | P59: 6 | Q59: 32.833333 | R59: 6 | S59: 36 | T59: 0 | U59: 0
A60: HIDI LONG_1300 | B60: 80 | C60: 62 | D60: 0.775 | E60: 0.3625 | F60: 0.82258065 | G60: 0.85806699 | H60: 0.0125 | I60: 0.0625 | J60: 1 | K60: 5 | L60: 2 | M60: 0.55 | N60: 44 | O60: 80 | P60: 8 | Q60: 10 | R60: 1.75 | S60: 14 | T60: 0 | U60: 0
A61: HIDI LONG_1500 | B61: 175 | C61: 118 | D61: 0.67428571 | E61: 0.48571429 | F61: 0.76271186 | G61: 0.86979188 | H61: 0.028571429 | I61: 0.0057142857 | J61: 5 | K61: 1 | L61: 3 | M61: 0.48022599 | N61: 85 | O61: 177 | P61: 19 | Q61: 9.2105263 | R61: 0.84210526 | S61: 16 | T61: 0 | U61: 0
A62: HIDI LONG_1600 | B62: 153 | C62: 107 | D62: 0.69934641 | E62: 0.4248366 | F62: 0.82242991 | G62: 0.85687071 | H62: 0.0065359477 | I62: 0.045751634 | J62: 1 | K62: 7 | L62: 4 | M62: 0.55629139 | N62: 84 | O62: 151 | P62: 1 | Q62: 153 | R62: 19 | S62: 19 | T62: 0 | U62: 0
A63: HIDI LONG_1700 | B63: 184 | C63: 123 | D63: 0.66847826 | E63: 0.49456522 | F63: 0.75609756 | G63: 0.87039325 | H63: 0.016304348 | I63: 0.02173913 | J63: 3 | K63: 4 | L63: 2 | M63: 0.5326087 | N63: 98 | O63: 184 | P63: 7 | Q63: 26.285714 | R63: 4 | S63: 28 | T63: 0 | U63: 0
A64: HIDI LONG_1800 | B64: 206 | C64: 133 | D64: 0.64563107 | E64: 0.53398058 | F64: 0.72180451 | G64: 0.87151208 | H64: 0 | I64: 0.0097087379 | J64: 0 | K64: 2 | L64: 2 | M64: 0.58536585 | N64: 120 | O64: 205 | P64: 16 | Q64: 12.875 | R64: 1.4375 | S64: 23 | T64: 0 | U64: 0
A65: HIDI LONG_1900 | B65: 169 | C65: 103 | D65: 0.60946746 | E65: 0.56213018 | F65: 0.7184466 | G65: 0.82988337 | H65: 0.041420118 | I65: 0.0059171598 | J65: 7 | K65: 1 | L65: 2 | M65: 0.4619883 | N65: 79 | O65: 171 | P65: 7 | Q65: 24.142857 | R65: 3.4285714 | S65: 24 | T65: 0 | U65: 0
A66: HIDI LONG_200 | B66: 184 | C66: 121 | D66: 0.6576087 | E66: 0.47826087 | F66: 0.79338843 | G66: 0.85227071 | H66: 0.027173913 | I66: 0.010869565 | J66: 5 | K66: 2 | L66: 3 | M66: 0.5326087 | N66: 98 | O66: 184 | P66: 4 | Q66: 46 | R66: 5.5 | S66: 22 | T66: 0 | U66: 0
A67: HIDI LONG_2000 | B67: 142 | C67: 103 | D67: 0.72535211 | E67: 0.42957746 | F67: 0.78640777 | G67: 0.88293143 | H67: 0.014084507 | I67: 0 | J67: 2 | K67: 0 | L67: 1 | M67: 0.54545455 | N67: 78 | O67: 143 | P67: 12 | Q67: 11.833333 | R67: 1.4166667 | S67: 17 | T67: 0 | U67: 0
A68: HIDI LONG_2100 | B68: 216 | C68: 152 | D68: 0.7037037 | E68: 0.42592593 | F68: 0.81578947 | G68: 0.89106282 | H68: 0.0046296296 | I68: 0.013888889 | J68: 1 | K68: 3 | L68: 4 | M68: 0.53488372 | N68: 115 | O68: 215 | P68: 15 | Q68: 14.4 | R68: 1.8 | S68: 27 | T68: 0 | U68: 0
A69: HIDI LONG_2200 | B69: 156 | C69: 117 | D69: 0.75 | E69: 0.3974359 | F69: 0.8034188 | G69: 0.90044385 | H69: 0 | I69: 0.025641026 | J69: 0 | K69: 4 | L69: 3 | M69: 0.68589744 | N69: 107 | O69: 156 | P69: 10 | Q69: 15.6 | R69: 0.9 | S69: 9 | T69: 0 | U69: 0
A70: HIDI LONG_2400 | B70: 239 | C70: 144 | D70: 0.60251046 | E70: 0.55648536 | F70: 0.73611111 | G70: 0.84599757 | H70: 0.0041841004 | I70: 0.012552301 | J70: 1 | K70: 3 | L70: 4 | M70: 0.54811715 | N70: 131 | O70: 239 | P70: 11 | Q70: 21.727273 | R70: 2.7272727 | S70: 30 | T70: 0 | U70: 0
A71: HIDI LONG_2500 | B71: 166 | C71: 104 | D71: 0.62650602 | E71: 0.53012048 | F71: 0.75 | G71: 0.82243914 | H71: 0.030120482 | I71: 0.042168675 | J71: 5 | K71: 7 | L71: 3 | M71: 0.5060241 | N71: 84 | O71: 166 | P71: 10 | Q71: 16.6 | R71: 1.8 | S71: 18 | T71: 0 | U71: 0
A72: HIDI LONG_2600 | B72: 144 | C72: 107 | D72: 0.74305556 | E72: 0.38194444 | F72: 0.8317757 | G72: 0.88722008 | H72: 0.0069444444 | I72: 0.0069444444 | J72: 1 | K72: 1 | L72: 5 | M72: 0.60416667 | N72: 87 | O72: 144 | P72: 10 | Q72: 14.4 | R72: 1.7 | S72: 17 | T72: 0 | U72: 0
A73: HIDI LONG_2700 | B73: 68 | C73: 38 | D73: 0.55882353 | E73: 0.72058824 | F73: 0.5 | G73: 0.6818265 | H73: 0 | I73: 0 | J73: 0 | K73: 0 | L73: 2 | M73: 0.58823529 | N73: 40 | O73: 68 | P73: 9 | Q73: 7.5555556 | R73: 0.22222222 | S73: 2 | T73: 0 | U73: 0
A74: HIDI LONG_2800 | B74: 208 | C74: 135 | D74: 0.64903846 | E74: 0.54326923 | F74: 0.7037037 | G74: 0.8852548 | H74: 0.019230769 | I74: 0.067307692 | J74: 4 | K74: 14 | L74: 2 | M74: 0.51196172 | N74: 107 | O74: 209 | P74: 8 | Q74: 26 | R74: 4.25 | S74: 34 | T74: 0 | U74: 0
A75: HIDI LONG_2900 | B75: 175 | C75: 121 | D75: 0.69142857 | E75: 0.46857143 | F75: 0.76859504 | G75: 0.88011439 | H75: 0.011428571 | I75: 0.028571429 | J75: 2 | K75: 5 | L75: 3 | M75: 0.47428571 | N75: 83 | O75: 175 | P75: 8 | Q75: 21.875 | R75: 3.125 | S75: 25 | T75: 0 | U75: 0
A76: HIDI LONG_300 | B76: 148 | C76: 103 | D76: 0.69594595 | E76: 0.43918919 | F76: 0.80582524 | G76: 0.8600237 | H76: 0 | I76: 0 | J76: 0 | K76: 0 | L76: 3 | M76: 0.58389262 | N76: 87 | O76: 149 | P76: 9 | Q76: 16.444444 | R76: 2.2222222 | S76: 20 | T76: 0 | U76: 0
A77: HIDI LONG_3000 | B77: 203 | C77: 132 | D77: 0.65024631 | E77: 0.50738916 | F77: 0.75757576 | G77: 0.86031579 | H77: 0.02955665 | I77: 0.0049261084 | J77: 6 | K77: 1 | L77: 1 | M77: 0.54368932 | N77: 112 | O77: 206 | P77: 7 | Q77: 29 | R77: 3.8571429 | S77: 27 | T77: 0 | U77: 0
A78: HIDI LONG_3100 | B78: 218 | C78: 139 | D78: 0.63761468 | E78: 0.50458716 | F78: 0.77697842 | G78: 0.84674077 | H78: 0.0091743119 | I78: 0.013761468 | J78: 2 | K78: 3 | L78: 2 | M78: 0.56422018 | N78: 123 | O78: 218 | P78: 28 | Q78: 7.7857143 | R78: 0.64285714 | S78: 18 | T78: 0 | U78: 0
A79: HIDI LONG_3200 | B79: 176 | C79: 100 | D79: 0.56818182 | E79: 0.59090909 | F79: 0.72 | G79: 0.79678353 | H79: 0.034090909 | I79: 0.039772727 | J79: 6 | K79: 7 | L79: 5 | M79: 0.47159091 | N79: 83 | O79: 176 | P79: 8 | Q79: 22 | R79: 4 | S79: 32 | T79: 0 | U79: 0
A80: HIDI LONG_3300 | B80: 226 | C80: 155 | D80: 0.68584071 | E80: 0.4380531 | F80: 0.81935484 | G80: 0.89107909 | H80: 0.017699115 | I80: 0.03539823 | J80: 4 | K80: 8 | L80: 4 | M80: 0.55506608 | N80: 126 | O80: 227 | P80: 14 | Q80: 16.142857 | R80: 2.8571429 | S80: 40 | T80: 0 | U80: 0
A81: HIDI LONG_400 | B81: 196 | C81: 142 | D81: 0.7244898 | E81: 0.39795918 | F81: 0.83098592 | G81: 0.88995199 | H81: 0.030612245 | I81: 0.020408163 | J81: 6 | K81: 4 | L81: 2 | M81: 0.55329949 | N81: 109 | O81: 197 | P81: 13 | Q81: 15.076923 | R81: 1.6923077 | S81: 22 | T81: 0 | U81: 0
A82: HIDI LONG_500 | B82: 270 | C82: 143 | D82: 0.52962963 | E82: 0.5962963 | F82: 0.76223776 | G82: 0.78690956 | H82: 0.022222222 | I82: 0.07037037 | J82: 6 | K82: 19 | L82: 2 | M82: 0.45925926 | N82: 124 | O82: 270 | P82: 12 | Q82: 22.5 | R82: 4.1666667 | S82: 50 | T82: 1 | U82: 0.54567747
A83: HIDI LONG_600 | B83: 113 | C83: 95 | D83: 0.84070796 | E83: 0.25663717 | F83: 0.88421053 | G83: 0.92239196 | H83: 0.026548673 | I83: 0 | J83: 3 | K83: 0 | L83: 2 | M83: 0.6460177 | N83: 73 | O83: 113 | P83: 17 | Q83: 6.6470588 | R83: 0.35294118 | S83: 6 | T83: 0 | U83: 0
A84: HIDI LONG_700 | B84: 130 | C84: 89 | D84: 0.68461538 | E84: 0.47692308 | F84: 0.76404494 | G84: 0.84564704 | H84: 0.023076923 | I84: 0.015384615 | J84: 3 | K84: 2 | L84: 3 | M84: 0.54615385 | N84: 71 | O84: 130 | P84: 4 | Q84: 32.5 | R84: 5.75 | S84: 23 | T84: 0 | U84: 0
A85: HIDI LONG_800 | B85: 156 | C85: 102 | D85: 0.65384615 | E85: 0.46794872 | F85: 0.81372549 | G85: 0.81515704 | H85: 0.012820513 | I85: 0.019230769 | J85: 2 | K85: 3 | L85: 3 | M85: 0.46153846 | N85: 72 | O85: 156 | P85: 10 | Q85: 15.6 | R85: 2.6 | S85: 26 | T85: 0 | U85: 0
A86: HIDI LONG_900 | B86: 230 | C86: 131 | D86: 0.56956522 | E86: 0.57826087 | F86: 0.74045802 | G86: 0.8140069 | H86: 0.02173913 | I86: 0.013043478 | J86: 5 | K86: 3 | L86: 5 | M86: 0.52813853 | N86: 122 | O86: 231 | P86: 2 | Q86: 115 | R86: 16 | S86: 32 | T86: 0 | U86: 0
A87: Kardiovize_1087 | B87: 160 | C87: 107 | D87: 0.66875 | E87: 0.45 | F87: 0.82242991 | G87: 0.8217941 | H87: 0.0125 | I87: 0.00625 | J87: 2 | K87: 1 | L87: 4 | M87: 0.4625 | N87: 74 | O87: 160 | P87: 5 | Q87: 32 | R87: 4.8 | S87: 24 | T87: 1 | U87: 0.66751033
A88: Kardiovize_1091 | B88: 114 | C88: 85 | D88: 0.74561404 | E88: 0.38596491 | F88: 0.82352941 | G88: 0.8630357 | H88: 0.0087719298 | I88: 0.01754386 | J88: 1 | K88: 2 | L88: 3 | M88: 0.52631579 | N88: 60 | O88: 114 | P88: 10 | Q88: 11.4 | R88: 1.1 | S88: 11 | T88: 0 | U88: 0
A89: Kardiovize_1096 | B89: 131 | C89: 97 | D89: 0.74045802 | E89: 0.41984733 | F89: 0.78350515 | G89: 0.88399787 | H89: 0.022900763 | I89: 0.038167939 | J89: 3 | K89: 5 | L89: 4 | M89: 0.54961832 | N89: 72 | O89: 131 | P89: 5 | Q89: 26.2 | R89: 2.8 | S89: 14 | T89: 0 | U89: 0
A90: Kardiovize_111 | B90: 161 | C90: 118 | D90: 0.73291925 | E90: 0.44099379 | F90: 0.76271186 | G90: 0.90323467 | H90: 0.0062111801 | I90: 0.01242236 | J90: 1 | K90: 2 | L90: 4 | M90: 0.60248447 | N90: 97 | O90: 161 | P90: 9 | Q90: 17.888889 | R90: 2.1111111 | S90: 19 | T90: 0 | U90: 0
A91: Kardiovize_1120 | B91: 156 | C91: 113 | D91: 0.72435897 | E91: 0.42948718 | F91: 0.78761062 | G91: 0.89419911 | H91: 0.044871795 | I91: 0 | J91: 7 | K91: 0 | L91: 3 | M91: 0.62179487 | N91: 97 | O91: 156 | P91: 10 | Q91: 15.6 | R91: 1.6 | S91: 16 | T91: 0 | U91: 0
A92: Kardiovize_1121 | B92: 181 | C92: 127 | D92: 0.70165746 | E92: 0.42541436 | F92: 0.81889764 | G92: 0.87682311 | H92: 0 | I92: 0.016574586 | J92: 0 | K92: 3 | L92: 3 | M92: 0.57377049 | N92: 105 | O92: 183 | P92: 9 | Q92: 20.111111 | R92: 2.8888889 | S92: 26 | T92: 0 | U92: 0
A93: Kardiovize_1127 | B93: 208 | C93: 119 | D93: 0.57211538 | E93: 0.58653846 | F93: 0.72268908 | G93: 0.81452939 | H93: 0.014423077 | I93: 0.0625 | J93: 3 | K93: 13 | L93: 3 | M93: 0.54066986 | N93: 113 | O93: 209 | P93: 6 | Q93: 34.666667 | R93: 3.5 | S93: 21 | T93: 0 | U93: 0
A94: Kardiovize_1141 | B94: 187 | C94: 132 | D94: 0.70588235 | E94: 0.43315508 | F94: 0.8030303 | G94: 0.8779599 | H94: 0.010695187 | I94: 0.010695187 | J94: 2 | K94: 2 | L94: 4 | M94: 0.55851064 | N94: 105 | O94: 188 | P94: 8 | Q94: 23.375 | R94: 4.375 | S94: 35 | T94: 0 | U94: 0
A95: Kardiovize_1148 | B95: 133 | C95: 84 | D95: 0.63157895 | E95: 0.54135338 | F95: 0.72619048 | G95: 0.8078688 | H95: 0.015037594 | I95: 0.015037594 | J95: 2 | K95: 2 | L95: 2 | M95: 0.62406015 | N95: 83 | O95: 133 | P95: 5 | Q95: 26.6 | R95: 2.4 | S95: 12 | T95: 0 | U95: 0
A96: Kardiovize_1152 | B96: 180 | C96: 130 | D96: 0.72222222 | E96: 0.42777778 | F96: 0.79230769 | G96: 0.89603018 | H96: 0.016666667 | I96: 0.033333333 | J96: 3 | K96: 6 | L96: 4 | M96: 0.50555556 | N96: 91 | O96: 180 | P96: 5 | Q96: 36 | R96: 5.6 | S96: 28 | T96: 0 | U96: 0
A97: Kardiovize_1160 | B97: 136 | C97: 94 | D97: 0.69117647 | E97: 0.41911765 | F97: 0.84042553 | G97: 0.82931629 | H97: 0.0073529412 | I97: 0.014705882 | J97: 1 | K97: 2 | L97: 2 | M97: 0.61764706 | N97: 84 | O97: 136 | P97: 8 | Q97: 17 | R97: 1.5 | S97: 12 | T97: 0 | U97: 0
A98: Kardiovize_1175 | B98: 149 | C98: 107 | D98: 0.71812081 | E98: 0.43624161 | F98: 0.78504673 | G98: 0.87055312 | H98: 0.013422819 | I98: 0.026845638 | J98: 2 | K98: 4 | L98: 2 | M98: 0.54362416 | N98: 81 | O98: 149 | P98: 4 | Q98: 37.25 | R98: 3.25 | S98: 13 | T98: 0 | U98: 0
A99: Kardiovize_1186 | B99: 163 | C99: 121 | D99: 0.74233129 | E99: 0.3803681 | F99: 0.83471074 | G99: 0.885699 | H99: 0.0061349693 | I99: 0.012269939 | J99: 1 | K99: 2 | L99: 3 | M99: 0.56441718 | N99: 92 | O99: 163 | P99: 8 | Q99: 20.375 | R99: 4.5 | S99: 36 | T99: 0 | U99: 0
A100: Kardiovize_1202 | B100: 90 | C100: 75 | D100: 0.83333333 | E100: 0.27777778 | F100: 0.86666667 | G100: 0.90543778 | H100: 0 | I100: 0.033333333 | J100: 0 | K100: 3 | L100: 3 | M100: 0.5505618 | N100: 49 | O100: 89 | P100: 8 | Q100: 11.25 | R100: 1.375 | S100: 11 | T100: 0 | U100: 0
...

Sheet Median
B1: Lex_total_tokens | C1: Lex_unique_types | D1: Lex_TTR | E1: Lex_repetition_ratio | F1: Lex_hapax_ratio | G1: Lex_HDD | H1: Sem_personal_ratio | I1: Sem_vague_ratio | J1: Sem_personal_count | K1: Sem_vague_count | L1: Sem_semantic_category_count | M1: Sem_content_density | N1: Sem_n_content | O1: Sem_n_tokens | P1: Syn_num_sent | Q1: Syn_MLU | R1: Syn_sub_per_sent | S1: Syn_total_sub | T1: Syn_hes | U1: Syn_hes_per_min
A2: formula | B2: =MEDIAN(Linguistic_parameters2__2[Lex_total_tokens]) -> 157.5 | C2: =MEDIAN(Linguistic_parameters2__2[Lex_unique_types]) -> 110 | D2: =MEDIAN(Linguistic_parameters2__2[Lex_TTR]) -> 0.69680851 | E2: =MEDIAN(Linguistic_parameters2__2[Lex_repetition_ratio]) -> 0.44512195 | F2: =MEDIAN(Linguistic_parameters2__2[Lex_hapax_ratio]) -> 0.79347826 | G2: =MEDIAN(Linguistic_parameters2__2[Lex_HDD]) -> 0.86064224 | H2: =MEDIAN(Linguistic_parameters2__2[Sem_personal_ratio]) -> 0.013513514 | I2: =MEDIAN(Linguistic_parameters2__2[Sem_vague_ratio]) -> 0.014084507 | J2: =MEDIAN(Linguistic_parameters2__2[Sem_personal_count]) -> 2 | K2: =MEDIAN(Linguistic_parameters2__2[Sem_vague_count]) -> 2 | L2: =MEDIAN(Linguistic_parameters2__2[Sem_semantic_category_count]) -> 3 | M2: =MEDIAN(Linguistic_parameters2__2[Sem_content_density]) -> 0.54938272 | N2: =MEDIAN(Linguistic_parameters2__2[Sem_n_content]) -> 88 | O2: =MEDIAN(Linguistic_parameters2__2[Sem_n_tokens]) -> 158.5 | P2: =MEDIAN(Linguistic_parameters2__2[Syn_num_sent]) -> 10 | Q2: =MEDIAN(Linguistic_parameters2__2[Syn_MLU]) -> 15.816667 | R2: =MEDIAN(Linguistic_parameters2__2[Syn_sub_per_sent]) -> 2.1428571 | S2: =MEDIAN(Linguistic_parameters2__2[Syn_total_sub]) -> 20 | T2: =MEDIAN(Linguistic_parameters2__2[Syn_hes]) -> 0 | U2: =MEDIAN(Linguistic_parameters2__2[Syn_hes_per_min]) -> 0
B3: 157.5 | C3: 110 | D3: 0.69680851 | E3: 0.44512195 | F3: 0.79347826 | G3: 0.86064224 | H3: 0.013513514 | I3: 0.014084507 | J3: 2 | K3: 2 | L3: 3 | M3: 0.54938272 | N3: 88 | O3: 158.5 | P3: 10 | Q3: 15.816667 | R3: 2.1428571 | S3: 20 | T3: 0 | U3: 0

Sheet Transcript
A1: Transcript
A2: Proste jsme věli do Brna a v Brně dnes jsem se podrobil vyšetření, doufám, že to dopadne jakž takš, že ještě budu schopen samostatného života. Manželka na mě čeká na chodbě i se synem, který mě jsem doprovodil. Ještě můžu si povídat, takže co budu říkat, že v Brně mám vnůčku, snachu, rácem za ní majezdíme i s manželkou. Króvnitokov v Olomouci mám syna, dvěma malýma dětma. Tam taky rádi jezdíme, zajména za Kacenkou a Ondráškem, který jsou fajn báětční dětičky 2 a 5 let. Rádi si s ním a hrajem. Až tohle zkončí, zajedem zpátky Ksinovy, tam se naobědváme a vyrazíme domů do českých budělovic. Vlastně ne, to jenom k českým budělovicím do Hosíná, což je malá obec nad českými budělovicami.
A3: Napajci stani se tramvajových a trolleybusových trati. Napajci stani se tramvajových a trolleybusových trati slouží k napájení napajci v úseku uvedené trakce. Obvykle jsou napájeni z nadřezené distribuční sítě, 22 kV. Obsahuji trakční transformátor, kdy se na 5,2 200 V transformuje na trakční na 5,25 V střídavých a poté dedou směrňovací skupin 600 V dc. Stejnostměrné napěti se vývádi do jednotlivých vývodových polízí stící mi rychlove pínačí a přivádi se k trolleyom vedení pro tramvajové a trolleybusové trate. U tramvajových trati je trollojové vedení vedené v osé kolejí s tím, že je polarizace v trolleyi plus, zatím co v koleji ve spětném kolejnícovém vedení je polarizace minus. U trolleybusových trati máme oba polina hoře, máme tam jak kladný tak záporný pohl, to znamená, máme tam 600 V plus minus a vzdálenost mezi trolleymi trolleybusových trati je 60 cm, 60 mm, to je standardní vzdálenost, která je dana normou, dodržuje se samozřejmě i na přímých tratích i v oblouku. U tramvajových trati je istou specifikaci dopraveněho podníku města Brnaže polarizace v kolejí je plusová a v trolleyi minusová. Je to vlastně dáno tím, že rozdíl potenciál s měrem odzemě od koleje k trolleyí je minus 600 V. Je to v podstatě dáno historicky někdy z roku 19, kdy se začel dělá výrávě nebo kdy se začelá tvořit elektrifikovaná síť a ovlivnila to především chemické služení půdy.
A4: Ménuju se Vladka Šabacka a narodila jsem se rodičům v Praze. Bydleli jsme v pohraničí, v přírode, v takovém domku. Mám sestru starší, mamiňka mě dala brzo do jeslí, sestra mě tam musela doprovázet a hlídat, než přišla pani učitelka. A tak to bylo náročné asi pro celou rodinu, protože mamiňka chtěla chodit do Praze. A si když mě bylo 5 let, jsme se odstěhovali s rodinou do Brna. A to bylo v roce 1961. Sme se nastěhovali do rodiného domku a já jsem se do toho domku nyní dokonce vrátila po letech. Chodila jsem do školy na Stanikovu, škola mě moc nebavila, protože jsem jí líbila jednou pani učitelka v 1.3. A potom ve 3. jinak ti učitele se moc hezky tak nechovali, takže to byl asi důvod a taky mě učení moc nebavilo, moc se mě ani nedářil. Ale dářil se mě těl od svik. Po základní škole jsem šla studovat na ekonomickou školu, kde jsem po 4 letech zdárně odmaturovala a chvíli jsem pracovala v uřednických zaměstnáních.
A5: Vpáteck odpaledné jezdký má na našich harupů, jezdkým tam vlakém asi hodinu. Když přijedu na náhná chéří, tak musí mít po silnici 3 km ty pěšky. Všetní den zice jezdí jednou deně autobus, ale ten mi většenou ujede. A mě to nevadí, tože je léto, zvědí suníčko, silnica vademe ze poli. Vdáli většení z kotačníjí zajíci. A když dají na harupku, tak začnout tím, že si udělám kaffe. A potom se jdu podívat ven, co mi tam květa, jaké tam jí tady motíly. Včerám se snažím vyhybat, tože když na ně stoupnu, tak to mi votečeno hádostoborí. Tak tam mám třeba dvě budleje, těm se sříká motílíkéř. A po nich skutečně jsou motílci jako děví. Slítej se tam na velký houfech, zvitáno fotiák a hrozně mě baví si je fotit. Ze předů, ze zadů, oni potvrhydyž tam sedí a sosejí, tak mají křidílka u sebe. Takže musím čekat, až si s nima zamávají, takže ta fotka by byla taková nijaká, že křidílka u sebe a to je jejich ošklivá hlavička, to není od co stá.
A6: Tak bude to příběh z Brna, pro vělo to v roce 1969 v Srpnu, bylo v Brně mistrosvý sět a v cyklistice. A nějaký kamarác se jsem chystal, protože otec byl jaký funkcionár, tak mě řekl, že s ním můžu jít. Tak jsme věli do Brna, myslím, že to byla asi 19 týho. A jeden den jsme byli na to mistrosvý sět a druhý den bylo 21 týho, takže oni odjeli s ocem. Mimo Brno já jsem šal do ulic a tady se demonstroval, takže jsem se toho samozřejmě zúčastnil demonstracie a samozřejmě jsem se nechal chytit. Takže mě chytili v ulicích, já jsem měl špinavý ruce, protože jsem stavil barikády, tak mě hned zavřeli s tím, že jsem poniházal kamení a že jsem na někřičel, že jsou gestapáci, takže jsem tady kousek odsud, potom seděl ve vazbě štery měsíce a za toto napadení těch veřejně čenitelů jsem dostal nejdří v pův roku a potom rok zbytek jsem odseděl v ostravě veřmánicích a tady na to Brno mám díky tomu poměrně špatní spomínky, protože to bylo takový, že jsem ty štery měsíce viděl z okna, jenom tady tu nemocnici právě a jinak teda to bylo samozřejmě, stracená doby a protože to bylo těsně potom, co mě bylo 18 a měl jsem představit, že budu něco v životě ještě schopenu dělat a nějak se mi to vtu chvíli, se mi to...
A7: Ménuji se Miroslava Hruškova, bydlý v Brně, nási dliští ve starajem Liskovci. Jsem daná, můj manžel semenuje Libor Hruška, mám jednoho siná, který semenuje Petr Hofman, toho mám z prvního manželství, je mu 39 let, je ženatý a bydlý v Kouřimi. Tady u Brna má dvě děti, takže tím pádem já mám dva vnuky. Jeden semenuje Pavlík, narodil se v roce 2010, a druhý semenuje Tomáš a narodil se 19. letna 2017. Syn udělal hotelovou školu, ale bohužel, ho to špatně živilo, takže v momentě, kdy se oženil, tak změnil zaměstnání a dělá řidiče u dopravního podníku Města Brna. Teď to vypadá, že si polipší, protože máma turitu, tak bude může zaučíje na výpravčího, vyvodovně v medlánkách. Já jsem většinu života pracovala jako učetní, v posedních 20 letech jsem dělala vědouci ekonomického oddělení na fakultě architektury vysokého učení technického v Brně. Pracovala jsem i přes duchod, iště dva roky po duchodě, a pak jsem dál spolupracovala s fakultou na projekty, které měli od Europské unie jako finanční manažér. Teď v světě vlastně si užívám duchodu, mám chalupu, kdy je zahárdničím, ale neustále mě bývali kolegové oslovují, takže momentálně chodím na výpomoc na fakultu informací technologii vysokého učení.
A8: Minulý týden jsem byla na dovolené. Byla jsem s cestovkou, s kamarádkami. Jeli jsme do Francie. Bylo to bezvatný zájezd. Byli jsme v Alsasku a v Oghézách. Byla to taková cesta v kraji Výna. Bylo to úžasné. Hodně jsme toho viděli, nebyli tam noční přejezdy. Spali jsme v nějaké takové obyčejné premiér. Klasno problém bylo, že jsme se večerné měli kde scházet. Takže jsme si to výmkomuseli dávit v kufru autobusu. S řidi Čemano, ale to teda vůbec nevadilo. Bylo to úžasné. Svitil s luníčko. Měli jsme krásný počasí a ty městečka, který my jsme proěli a procházeli. Byli nádherný. Hodně jsem fotila, aby s toho moje děti taky něco měli. Říkali, že mám hodně fotit, ale já nerajda fotím. Jenom, že tento krát jsem se teda překonala, když už to musela být. Tak jsem udělala spoustu fotek, jednomře z polovina z toho stejně nebyla na nic. Naštěstí se měla sebou dobré kamarádky, takže oni mi potom doplnili moc fotek, které jsem potom dala. Na internet je ten poslala. Takže to bylo skvělí a měli jsme dobrou partu. A dobrého průvodce. Už jsem se přihlásila na další zájezd 3-4 rohnec, která je prázdný. Tak si myslím, že to pěkně výjde.
A9: Když jsem študoval, tak tady na Slovensku nebyla žádna ekonomie, takže všichni studovali v Praze. Tout dobou s námi také chodili madži a s nimi to bavili vždy strášné alegrace. Pomatuju se, že jeden z nich menoval se Maurer Zoltán, chodil s děvčenou, která bá zkošit. Zoltán byl takový jako spíš jarmará z hlavou na hoře. Marienka, která byla ta jeho snoubenka nebo jeho psí, tak když ten krásetl tak neříkal osice. Tam byla asi také jako maliček Marienka a oni dělali mimika. Děvče zavidleli na kolei, kde byly na pateráku. A tam pochopitelně to bylo takový, že neutulný, takže pořád si vymejřeli, jak by to kde předělali a představili, aby to tam měli trošku kemitlych. Vždycky se přestavouval nějak z tent nábyt, jak rok posunula, už to bylo něco úplně jiného. Když tam přišel zanimlala naště o Zoltán, tak Marienka říkala, Zoli byl by si také láskavý a pomohol nám tu náprestěhou je tuto palandu. Vždycky se postavil a povidáli, mimika moja, ujasníme si pojmi, čo je toto palanda. No a potom teda i přestavila už to bylo naderné.
A10: Sista jsem mě docela trochu překvapila, myslá jsem si, že to bude pohodlnější, že byla jsem tam strašně na mačkaná, nemohla jsem se ani pohnovat. To teda jsem přiklela, že bude lepší. A teď potom až tady skončím v kampusu, tak poru za hankou. Už jsme se neviděli tolik lat, tak jsem zjeda váž, jak vypadá, co má za novenky. A pak až se vrátim, tak už bych snad měla mít teda zapřeře zbravení auto, a mohli by jsme ještě pro kalvá doskonečně, aby jsme to tam vyzvedli. Už se na nás budou i zlobyt, asi, že to dlouho trvá. Růbám, že Rubík bude moc ještě se mnou, protože, jestli bude špatný počasí, tak bych nereda, že může by jít ledovka, a bych to ještě někde, ale nevím, ne napohřejal, a takže radši by jel se mnou. No, pak udláme asi to výběrovko, teda na ty dveře, protože už v to je tristní, jak je to vypadá v tom baráku, takže to konečně s na tam vybereme. No a jsem ráda, že už jsme s holkami napekl, že to máme připravené, a těším se na rozálku, že s ním podutí na někam, až je předvánoci se podívat, třeba, ale nevím, podeme do divatla nebo na něco, aby jsme si to uželi trošku to vánoční, to vana být nějaký volno bude, a s nád i Martina se připojí, takže bude to fajn, když podeme spolu. Pavel se už uzdravuje, tak už bude lepší taky, a těším se, že podeme si Janou Hradeckou, teda na nějakou tu její procházku, kterou plánují asi dva měsíce, takže se vydáme a uděláme turistiku, takových 10-15 km pojedeme.
A11: V sejtěku absolvujem zaujímavé vyšetreně neuropsychologické tomografie a děláče je to na dva dny. V srdce výsledky budou a zledem k tomu kolik mám léd a předpokladám, že ještě nejakých pár desítek let budu žít, budu mít možnost podívat. V srdce budou se podívat, jak se mlel na tom slediska dušemní schopnosti. V srdce budou se podívat, jaké to bude v 70-80. Kdybych měl takový gen, jak má otec, který oslávil 94 let před minulý týden, tak bych to měl na papíře a dokázal bych se podle toho jako řídit. Otec se neustále stěžuje, že ho bolí nohy, brzího, klouby a tak dále. Tato rozhduvící je to, že máte takzvané čistou hlavu, to znamenál netrpí ten nejakým Parkinsonem, Alzheimerem, demenci a další chorobami. To ostatné je dané věkem, který tělo se větší.
A12: V dnešní vánoce, nebo letošný, to už vlastně jsou londské vánoce, se moc nepovedli, protože nebyl žádný sních, vnočky byli sklamane, stihli udělá dělá dělá dělá sněhuláka. Pak jsme chtěli dna procházku pravidelnou na Silvestra do lesa, kde se schází spousta lidí i tisíce, tam si pěkně blahopřejí to nového rok. U zdraví se je to moc příjemné, ale letos, protože byla obleva, tak přišlo mnoho méně lidí, hodně lidí, když viděli to počas, si zůstali doma, ale přesto ti skálni tam přišli a šlapali jsme v blate, žádný les nebyl krásný bílej, ale já jsem to vydržala, ani jsem nespadla, kluzalo se to strašně. Dokonce vnočky ani nechtěli s nám jít, tak zostali doma a my staři jsme se tam vypravili. No, potom už to bylo jednoduchý, zase o půlnoci nikdo nebyl venku, si cese jsou se nějakým ten malý ochronstřoj udělal, ale na ulici nebylo ani živáčka, všichni byli zalezli. No, nový rok to jsme se rozhodli, že když jsme sami s dědou, že si uděláme pižamu ve nový rok, aby byla nějaká změna, voletne jsme si pustili koncert zvídně, pak jsme si dali pozdější obět a nový rok byl za námi.
... A415: Měli předatele, nakázíme se v brně, jsou čas zrobili jsou na nějakém vysětriní, které je pro jiné odborníky a vykterim se nikdy nevizlám. Někdy jsem nebyl takto vysětrinovaný, to velice zajímává metoda. A jinak přicházíme k lekkarským vysětriním minimalně. Jedno je vzdravotným zaryzení, takže bych řekl, že jsem vzde, že jsem dopravil mým synem, který je dobrý řidičem. Cítil jsem se bezpečně přijíř, že jeho auto je taktež bezpečné, pekne a více mě líbí. Vypelnívá jeden svého důchodu, tím že jsem tady na tomto zářízení, které je pro mě velice zajímavé. Narodil se se 12.6.46 v přerově, přerově krásném.

Sheet wrong_style
A1: Subject.1 | B1: Subject.2 | C1: Subject.3 | D1: Subject.4 | E1: Subject.5 | F1: Subject.6 | G1: Subject.7 | H1: Subject.8 | I1: Subject.9 | J1: Subject.10 | K1: Subject.11 | L1: Subject.12 | M1: Subject.13 | N1: Subject.14 | O1: Subject.15 | P1: Subject.16 | Q1: Subject.17 | R1: Subject.18 | S1: Subject.19 | T1: Subject.20 | U1: Subject.21 | V1: Subject.22 | W1: Lex_total_tokens | X1: Lex_unique_types | Y1: Lex_TTR | Z1: Lex_repetition_ratio | AA1: Lex_hapax_ratio | AB1: Lex_HDD | AC1: Sem_personal_ratio | AD1: Sem_vague_ratio | AE1: Sem_personal_count | AF1: Sem_vague_count | AG1: Sem_semantic_category_count | AH1: Sem_content_density | AI1: Sem_n_content | AJ1: Sem_n_tokens | AK1: Syn_num_sent | AL1: Syn_MLU | AM1: Syn_sub_per_sent | AN1: Syn_total_sub | AO1: Syn_hes | AP1: Syn_hes_per_min | AQ1: Transcript
A2: COBEN_CZCOBEN000 | B2: 122 | C2: 95 | D2: 0.7786885245901639 | E2: 0.38524590163934425 | F2: 0.7894736842105263 | G2: 0.9087779950192721 | H2: 0.01639344262295082 | I2: 0.01639344262295082 | J2: 2 | K2: 2 | L2: 4 | M2: 0.5491803278688525 | N2: 67 | O2: 122 | P2: 8 | Q2: 15.25 | R2: 1.875 | S2: 15 | T2: 0 | U2: 0.0 | V2: Proste jsme věli do Brna a v Brně dnes jsem se podrobil vyšetření, doufám, že to dopadne jakž takš, že ještě budu schopen samostatného života. Manželka na mě čeká na chodbě i se synem, který mě jsem doprovodil. Ještě můžu si povídat, takže co budu říkat, že v Brně mám vnůčku, snachu, rácem za ní majezdíme i s manželkou. Króvnitokov v Olomouci mám syna, dvěma malýma dětma. Tam taky rádi jezdíme, zajména za Kacenkou a Ondráškem, který jsou fajn báětční dětičky 2 a 5 let. Rádi si s ním a hrajem. Až tohle zkončí, zajedem zpátky Ksinovy, tam se naobědváme a vyrazíme domů do českých budělovic. Vlastně ne, to jenom k českým budělovicím do Hosíná, což je malá obec nad českými budělovicami.
A3: COBEN_CZCOBEN002 | B3: 227 | C3: 140 | D3: 0.6167400881057269 | E3: 0.5286343612334802 | F3: 0.7642857142857142 | G3: 0.8448915039645281 | H3: 0.004405286343612335 | I3: 0.004405286343612335 | J3: 1 | K3: 1 | L3: 2 | M3: 0.6167400881057269 | N3: 140 | O3: 227 | P3: 10 | Q3: 22.7 | R3: 2.1 | S3: 21 | T3: 0 | U3: 0.0 | V3: Napajci stani se tramvajových a trolleybusových trati. Napajci stani se tramvajových a trolleybusových trati slouží k napájení napajci v úseku uvedené trakce. Obvykle jsou napájeni z nadřezené distribuční sítě, 22 kV. Obsahuji trakční transformátor, kdy se na 5,2 200 V transformuje na trakční na 5,25 V střídavých a poté dedou směrňovací skupin 600 V dc. Stejnostměrné napěti se vývádi do jednotlivých vývodových polízí stící mi rychlove pínačí a přivádi se k trolleyom vedení pro tramvajové a trolleybusové trate. U tramvajových trati je trollojové vedení vedené v osé kolejí s tím, že je polarizace v trolleyi plus, zatím co v koleji ve spětném kolejnícovém vedení je polarizace minus. U trolleybusových trati máme oba polina hoře, máme tam jak kladný tak záporný pohl, to znamená, máme tam 600 V plus minus a vzdálenost mezi trolleymi trolleybusových trati je 60 cm, 60 mm, to je standardní vzdálenost, která je dana normou, dodržuje se samozřejmě i na přímých tratích i v oblouku. U tramvajových trati je istou specifikaci dopraveněho podníku města Brnaže polarizace v kolejí je plusová a v trolleyi minusová. Je to vlastně dáno tím, že rozdíl potenciál s měrem odzemě od koleje k trolleyí je minus 600 V. Je to v podstatě dáno historicky někdy z roku 19, kdy se začel dělá výrávě nebo kdy se začelá tvořit elektrifikovaná síť a ovlivnila to především chemické služení půdy.
A4: COBEN_CZCOBEN004 | B4: 171 | C4: 111 | D4: 0.6491228070175439 | E4: 0.47953216374269003 | F4: 0.8018018018018018 | G4: 0.8293285937725278 | H4: 0.04678362573099415 | I4: 0.0 | J4: 8 | K4: 0 | L4: 4 | M4: 0.5176470588235295 | N4: 88 | O4: 170 | P4: 13 | Q4: 13.153846153846153 | R4: 1.5384615384615385 | S4: 20 | T4: 0 | U4: 0.0 | V4: Ménuju se Vladka Šabacka a narodila jsem se rodičům v Praze. Bydleli jsme v pohraničí, v přírode, v takovém domku. Mám sestru starší, mamiňka mě dala brzo do jeslí, sestra mě tam musela doprovázet a hlídat, než přišla pani učitelka. A tak to bylo náročné asi pro celou rodinu, protože mamiňka chtěla chodit do Praze. A si když mě bylo 5 let, jsme se odstěhovali s rodinou do Brna. A to bylo v roce 1961. Sme se nastěhovali do rodiného domku a já jsem se do toho domku nyní dokonce vrátila po letech. Chodila jsem do školy na Stanikovu, škola mě moc nebavila, protože jsem jí líbila jednou pani učitelka v 1.3. A potom ve 3. jinak ti učitele se moc hezky tak nechovali, takže to byl asi důvod a taky mě učení moc nebavilo, moc se mě ani nedářil. Ale dářil se mě těl od svik. Po základní škole jsem šla studovat na ekonomickou školu, kde jsem po 4 letech zdárně odmaturovala a chvíli jsem pracovala v uřednických zaměstnáních.
A5: COBEN_CZCOBEN005 | B5: 175 | C5: 131 | D5: 0.7485714285714286 | E5: 0.3657142857142857 | F5: 0.8473282442748091 | G5: 0.8995728870825053 | H5: 0.02857142857142857 | I5: 0.011428571428571429 | J5: 5 | K5: 2 | L5: 4 | M5: 0.5574712643678161 | N5: 97 | O5: 174 | P5: 13 | Q5: 13.461538461538462 | R5: 1.9230769230769231 | S5: 25 | T5: 0 | U5: 0.0 | V5: Vpáteck odpaledné jezdký má na našich harupů, jezdkým tam vlakém asi hodinu. Když přijedu na náhná chéří, tak musí mít po silnici 3 km ty pěšky. Všetní den zice jezdí jednou deně autobus, ale ten mi většenou ujede. A mě to nevadí, tože je léto, zvědí suníčko, silnica vademe ze poli. Vdáli většení z kotačníjí zajíci. A když dají na harupku, tak začnout tím, že si udělám kaffe. A potom se jdu podívat ven, co mi tam květa, jaké tam jí tady motíly. Včerám se snažím vyhybat, tože když na ně stoupnu, tak to mi votečeno hádostoborí. Tak tam mám třeba dvě budleje, těm se sříká motílíkéř. A po nich skutečně jsou motílci jako děví. Slítej se tam na velký houfech, zvitáno fotiák a hrozně mě baví si je fotit. Ze předů, ze zadů, oni potvrhydyž tam sedí a sosejí, tak mají křidílka u sebe. Takže musím čekat, až si s nima zamávají, takže ta fotka by byla taková nijaká, že křidílka u sebe a to je jejich ošklivá hlavička, to není od co stá.
A6: COBEN_CZCOBEN007 | B6: 230 | C6: 136 | D6: 0.591304347826087 | E6: 0.5391304347826087 | F6: 0.7794117647058824 | G6: 0.8177617952029815 | H6: 0.034782608695652174 | I6: 0.017391304347826087 | J6: 8 | K6: 4 | L6: 4 | M6: 0.4608695652173913 | N6: 106 | O6: 230 | P6: 6 | Q6: 38.333333333333336 | R6: 6.0 | S6: 36 | T6: 1 | U6: 0.5975496728726765 | V6: Tak bude to příběh z Brna, pro vělo to v roce 1969 v Srpnu, bylo v Brně mistrosvý sět a v cyklistice. A nějaký kamarác se jsem chystal, protože otec byl jaký funkcionár, tak mě řekl, že s ním můžu jít. Tak jsme věli do Brna, myslím, že to byla asi 19 týho. A jeden den jsme byli na to mistrosvý sět a druhý den bylo 21 týho, takže oni odjeli s ocem. Mimo Brno já jsem šal do ulic a tady se demonstroval, takže jsem se toho samozřejmě zúčastnil demonstracie a samozřejmě jsem se nechal chytit. Takže mě chytili v ulicích, já jsem měl špinavý ruce, protože jsem stavil barikády, tak mě hned zavřeli s tím, že jsem poniházal kamení a že jsem na někřičel, že jsou gestapáci, takže jsem tady kousek odsud, potom seděl ve vazbě štery měsíce a za toto napadení těch veřejně čenitelů jsem dostal nejdří v pův roku a potom rok zbytek jsem odseděl v ostravě veřmánicích a tady na to Brno mám díky tomu poměrně špatní spomínky, protože to bylo takový, že jsem ty štery měsíce viděl z okna, jenom tady tu nemocnici právě a jinak teda to bylo samozřejmě, stracená doby a protože to bylo těsně potom, co mě bylo 18 a měl jsem představit, že budu něco v životě ještě schopenu dělat a nějak se mi to vtu chvíli, se mi to...
A7: COBEN_CZCOBEN008 | B7: 197 | C7: 148 | D7: 0.751269035532995 | E7: 0.38071065989847713 | F7: 0.8243243243243243 | G7: 0.9132699894442647 | H7: 0.015228426395939087 | I7: 0.015228426395939087 | J7: 3 | K7: 3 | L7: 4 | M7: 0.6192893401015228 | N7: 122 | O7: 197 | P7: 10 | Q7: 19.7 | R7: 2.2 | S7: 22 | T7: 0 | U7: 0.0 | V7: Ménuji se Miroslava Hruškova, bydlý v Brně, nási dliští ve starajem Liskovci. Jsem daná, můj manžel semenuje Libor Hruška, mám jednoho siná, který semenuje Petr Hofman, toho mám z prvního manželství, je mu 39 let, je ženatý a bydlý v Kouřimi. Tady u Brna má dvě děti, takže tím pádem já mám dva vnuky. Jeden semenuje Pavlík, narodil se v roce 2010, a druhý semenuje Tomáš a narodil se 19. letna 2017. Syn udělal hotelovou školu, ale bohužel, ho to špatně živilo, takže v momentě, kdy se oženil, tak změnil zaměstnání a dělá řidiče u dopravního podníku Města Brna. Teď to vypadá, že si polipší, protože máma turitu, tak bude může zaučíje na výpravčího, vyvodovně v medlánkách. Já jsem většinu života pracovala jako učetní, v posedních 20 letech jsem dělala vědouci ekonomického oddělení na fakultě architektury vysokého učení technického v Brně. Pracovala jsem i přes duchod, iště dva roky po duchodě, a pak jsem dál spolupracovala s fakultou na projekty, které měli od Europské unie jako finanční manažér. Teď v světě vlastně si užívám duchodu, mám chalupu, kdy je zahárdničím, ale neustále mě bývali kolegové oslovují, takže momentálně chodím na výpomoc na fakultu informací technologii vysokého učení.
A8: COBEN_CZCOBEN009 | B8: 201 | C8: 131 | D8: 0.6517412935323383 | E8: 0.48258706467661694 | F8: 0.7938931297709924 | G8: 0.858675429649345 | H8: 0.014925373134328358 | I8: 0.024875621890547265 | J8: 3 | K8: 5 | L8: 3 | M8: 0.48258706467661694 | N8: 97 | O8: 201 | P8: 26 | Q8: 7.730769230769231 | R8: 0.7692307692307693 | S8: 20 | T8: 0 | U8: 0.0 | V8: Minulý týden jsem byla na dovolené. Byla jsem s cestovkou, s kamarádkami. Jeli jsme do Francie. Bylo to bezvatný zájezd. Byli jsme v Alsasku a v Oghézách. Byla to taková cesta v kraji Výna. Bylo to úžasné. Hodně jsme toho viděli, nebyli tam noční přejezdy. Spali jsme v nějaké takové obyčejné premiér. Klasno problém bylo, že jsme se večerné měli kde scházet. Takže jsme si to výmkomuseli dávit v kufru autobusu. S řidi Čemano, ale to teda vůbec nevadilo. Bylo to úžasné. Svitil s luníčko. Měli jsme krásný počasí a ty městečka, který my jsme proěli a procházeli. Byli nádherný. Hodně jsem fotila, aby s toho moje děti taky něco měli. Říkali, že mám hodně fotit, ale já nerajda fotím. Jenom, že tento krát jsem se teda překonala, když už to musela být. Tak jsem udělala spoustu fotek, jednomře z polovina z toho stejně nebyla na nic. Naštěstí se měla sebou dobré kamarádky, takže oni mi potom doplnili moc fotek, které jsem potom dala. Na internet je ten poslala. Takže to bylo skvělí a měli jsme dobrou partu. A dobrého průvodce. Už jsem se přihlásila na další zájezd 3-4 rohnec, která je prázdný. Tak si myslím, že to pěkně výjde.
A9: COBEN_CZCOBEN010 | B9: 180 | C9: 126 | D9: 0.7 | E9: 0.46111111111111114 | F9: 0.7698412698412699 | G9: 0.8935553268051348 | H9: 0.011111111111111112 | I9: 0.044444444444444446 | J9: 2 | K9: 8 | L9: 3 | M9: 0.5303867403314917 | N9: 96 | O9: 181 | P9: 12 | Q9: 15 | R9: 2.25 | S9: 27 | T9: 0 | U9: 0.0 | V9: Když jsem študoval, tak tady na Slovensku nebyla žádna ekonomie, takže všichni studovali v Praze. Tout dobou s námi také chodili madži a s nimi to bavili vždy strášné alegrace. Pomatuju se, že jeden z nich menoval se Maurer Zoltán, chodil s děvčenou, která bá zkošit. Zoltán byl takový jako spíš jarmará z hlavou na hoře. Marienka, která byla ta jeho snoubenka nebo jeho psí, tak když ten krásetl tak neříkal osice. Tam byla asi také jako maliček Marienka a oni dělali mimika. Děvče zavidleli na kolei, kde byly na pateráku. A tam pochopitelně to bylo takový, že neutulný, takže pořád si vymejřeli, jak by to kde předělali a představili, aby to tam měli trošku kemitlych. Vždycky se přestavouval nějak z tent nábyt, jak rok posunula, už to bylo něco úplně jiného. Když tam přišel zanimlala naště o Zoltán, tak Marienka říkala, Zoli byl by si také láskavý a pomohol nám tu náprestěhou je tuto palandu. Vždycky se postavil a povidáli, mimika moja, ujasníme si pojmi, čo je toto palanda. No a potom teda i přestavila už to bylo naderné.
A10: COBEN_CZCOBEN011 | B10: 273 | C10: 156 | D10: 0.5714285714285714 | E10: 0.5604395604395604 | F10: 0.7692307692307693 | G10: 0.8323827863368642 | H10: 0.014652014652014652 | I10: 0.02564102564102564 | J10: 4 | K10: 7 | L10: 4 | M10: 0.44727272727272727 | N10: 123 | O10: 275 | P10: 10 | Q10: 27.3 | R10: 4.8 | S10: 48 | T10: 0 | U10: 0.0 | V10: Sista jsem mě docela trochu překvapila, myslá jsem si, že to bude pohodlnější, že byla jsem tam strašně na mačkaná, nemohla jsem se ani pohnovat. To teda jsem přiklela, že bude lepší. A teď potom až tady skončím v kampusu, tak poru za hankou. Už jsme se neviděli tolik lat, tak jsem zjeda váž, jak vypadá, co má za novenky. A pak až se vrátim, tak už bych snad měla mít teda zapřeře zbravení auto, a mohli by jsme ještě pro kalvá doskonečně, aby jsme to tam vyzvedli. Už se na nás budou i zlobyt, asi, že to dlouho trvá. Růbám, že Rubík bude moc ještě se mnou, protože, jestli bude špatný počasí, tak bych nereda, že může by jít ledovka, a bych to ještě někde, ale nevím, ne napohřejal, a takže radši by jel se mnou. No, pak udláme asi to výběrovko, teda na ty dveře, protože už v to je tristní, jak je to vypadá v tom baráku, takže to konečně s na tam vybereme. No a jsem ráda, že už jsme s holkami napekl, že to máme připravené, a těším se na rozálku, že s ním podutí na někam, až je předvánoci se podívat, třeba, ale nevím, podeme do divatla nebo na něco, aby jsme si to uželi trošku to vánoční, to vana být nějaký volno bude, a s nád i Martina se připojí, takže bude to fajn, když podeme spolu. Pavel se už uzdravuje, tak už bude lepší taky, a těším se, že podeme si Janou Hradeckou, teda na nějakou tu její procházku, kterou plánují asi dva měsíce, takže se vydáme a uděláme turistiku, takových 10-15 km pojedeme.
A11: COBEN_CZCOBEN012 | B11: 133 | C11: 94 | D11: 0.706766917293233 | E11: 0.42857142857142855 | F11: 0.8085106382978723 | G11: 0.8554753437777981 | H11: 0.0 | I11: 0.015037593984962405 | J11: 0 | K11: 2 | L11: 2 | M11: 0.5373134328358209 | N11: 72 | O11: 134 | P11: 8 | Q11: 16.625 | R11: 2.0 | S11: 16 | T11: 0 | U11: 0.0 | V11: V sejtěku absolvujem zaujímavé vyšetreně neuropsychologické tomografie a děláče je to na dva dny. V srdce výsledky budou a zledem k tomu kolik mám léd a předpokladám, že ještě nejakých pár desítek let budu žít, budu mít možnost podívat. V srdce budou se podívat, jak se mlel na tom slediska dušemní schopnosti. V srdce budou se podívat, jaké to bude v 70-80. Kdybych měl takový gen, jak má otec, který oslávil 94 let před minulý týden, tak bych to měl na papíře a dokázal bych se podle toho jako řídit. Otec se neustále stěžuje, že ho bolí nohy, brzího, klouby a tak dále. Tato rozhduvící je to, že máte takzvané čistou hlavu, to znamenál netrpí ten nejakým Parkinsonem, Alzheimerem, demenci a další chorobami. To ostatné je dané věkem, který tělo se větší.
A12: COBEN_CZCOBEN013 | B12: 194 | C12: 131 | D12: 0.6752577319587629 | E12: 0.4896907216494845 | F12: 0.7557251908396947 | G12: 0.8802909164911273 | H12: 0.020618556701030927 | I12: 0.015463917525773196 | J12: 4 | K12: 3 | L12: 4 | M12: 0.5282051282051282 | N12: 103 | O12: 195 | P12: 6 | Q12: 32.333333333333336 | R12: 4.166666666666667 | S12: 25 | T12: 0 | U12: 0.0 | V12: V dnešní vánoce, nebo letošný, to už vlastně jsou londské vánoce, se moc nepovedli, protože nebyl žádný sních, vnočky byli sklamane, stihli udělá dělá dělá dělá sněhuláka. Pak jsme chtěli dna procházku pravidelnou na Silvestra do lesa, kde se schází spousta lidí i tisíce, tam si pěkně blahopřejí to nového rok. U zdraví se je to moc příjemné, ale letos, protože byla obleva, tak přišlo mnoho méně lidí, hodně lidí, když viděli to počas, si zůstali doma, ale přesto ti skálni tam přišli a šlapali jsme v blate, žádný les nebyl krásný bílej, ale já jsem to vydržala, ani jsem nespadla, kluzalo se to strašně. Dokonce vnočky ani nechtěli s nám jít, tak zostali doma a my staři jsme se tam vypravili. No, potom už to bylo jednoduchý, zase o půlnoci nikdo nebyl venku, si cese jsou se nějakým ten malý ochronstřoj udělal, ale na ulici nebylo ani živáčka, všichni byli zalezli. No, nový rok to jsme se rozhodli, že když jsme sami s dědou, že si uděláme pižamu ve nový rok, aby byla nějaká změna, voletne jsme si pustili koncert zvídně, pak jsme si dali pozdější obět a nový rok byl za námi.
A13: COBEN_CZCOBEN014 | B13: 165 | C13: 121 | D13: 0.7333333333333333 | E13: 0.3878787878787879 | F13: 0.8347107438016529 | G13: 0.887716381945141 | H13: 0.012121212121212121 | I13: 0.030303030303030304 | J13: 2 | K13: 5 | L13: 3 | M13: 0.5662650602409639 | N13: 94 | O13: 166 | P13: 8 | Q13: 20.625 | R13: 3.0 | S13: 24 | T13: 0 | U13: 0.0 | V13: Tak dobrý den, já se menuju Jana Bartíkova a mou největší radości jsou 4 vnoučata. Nejmenší vnouče bude mít zítra narozeniny, sejde se celá rodina a těším se, že si spolu. Popovídáme, budeme mít dord a už mám přichistané dárky pro Elišku. Když je to vlastně chvilkou předvánoucemi, tak je to taková generálka na vánouce, protože něco podobného se bude odehrávat 24. prosince, kdy bude všťad drý den. Abych zase řekla něco jiného a nejenom pohrát o Elišce, tak dnes jsem se probudila, kdy poďvele jsem se z okna viděla, jsem, že padá sníh, je něco málou nad nulou, tak už jsem měla obavy, že bude náledi, že se mě asi nepůjde dobře, ale protože jsem vycházela z domu ož po 10. hodině, tak do té doby už se počasí uklitnilo, v uvodovkách změnilo a teď dokonce světislu ničko. Vždycky mám ve zvyků chodit na schusky drív, protože nesnáším nedochvilnost, když někdo přijde pozdě, ať z jakýchkoliv důvodu ale většinou by měl přijít v čas.
... A34: COBEN_CZCOBEN039 | B34: 114 | C34: 89 | D34: 0.7807017543859649 | E34: 0.3333333333333333 | F34: 0.8539325842696629 | G34: 0.8854505862780699 | H34: 0.03508771929824561 | I34: 0.0 | J34: 4 | K34: 0 | L34: 1 | M34: 0.5175438596491229 | N34: 59 | O34: 114 | P34: 5 | Q34: 22.8 | R34: 3.0 | S34: 15 | T34: 0 | U34: 0.0 | V34: Ráno se mě nechtělo stávat, v běly jsme později, proto pak jsme se zřežili v záce. Naštěstí se podařilo to zvládnout na stanovený čas, takže všechno na konec dobře dopadl. Inak dá se říct, že je pěkný den v celku, takže pokud se nám bude dážit a skončíme brzí, tak si ho ještě budeme moc užívat, řekněme a spon celé odpoledne nebo na večer. Inak co bych dál k tomu mohl říct, nevím v podstatě, už mění zvelice ne napadá, ale doufám, že to všechno do vřed opadne, budíš, že se co nejde dížíš s tadym dostanem príč. To byl žert, jinak nic takového závažného, co by mě mě mělo hodit se tu neděje.
A35: COBEN_CZCOBEN040 | W35: NF | X35: NF | Y35: NF | Z35: NF | AA35: NF | AB35: NF | AC35: NF | AD35: NF | AE35: NF | AF35: NF | AG35: NF | AH35: NF | AI35: NF | AJ35: NF | AK35: NF | AL35: NF | AM35: NF | AN35: NF | AO35: NF | AP35: NF | AQ35: NF
A36: COBEN_CZCOBEN042 | B36: 124 | C36: 104 | D36: 0.8387096774193549 | E36: 0.2661290322580645 | F36: 0.875 | G36: 0.9279445335524367 | H36: 0.016129032258064516 | I36: 0.03225806451612903 | J36: 2 | K36: 4 | L36: 3 | M36: 0.56 | N36: 70 | O36: 125 | P36: 13 | Q36: 9.538461538461538 | R36: 1.1538461538461537 | S36: 15 | T36: 0 | U36: 0.0 | V36: V dneskě snídaní jsem neměl chleba ze sírem a čaj. V kobědu si dám zřejmě lýzoto sopurkou a nějakou poévku. Kvečeři potom asi nějaké oce nebo nějaký zelý salát. Zítra za mnou přijde výčka a přijde se mě pochlubit, jak dopadla na přijimačkách. Strašně by chybřála, aby se dostala na tu školou, kterou si vybrala. Druhá výčka ta zase bude dělat teď. Závělíš neskoušky na vysoké škole, tak tež i vůlu přát všechno lejlepší. Obleklu se při tom, jak slavnost měli, až pudl na její promoce. A vůdu ní dávat nějaký věci dar. Požtě pořád. Do mamám kotíčku, není se Berina. Je taková dlouho srsta, hodna, až na to, že všechno poškraby mám zničený nábytek. No ale mám ji prostě rád, tak bych neublížila.
A37: COBEN_CZCOBEN044 | B37: 113 | C37: 83 | D37: 0.7345132743362832 | E37: 0.415929203539823 | F37: 0.7951807228915663 | G37: 0.8627598588363428 | H37: 0.0 | I37: 0.0 | J37: 0 | K37: 0 | L37: 3 | M37: 0.5929203539823009 | N37: 67 | O37: 113 | P37: 12 | Q37: 9.416666666666666 | R37: 1.0 | S37: 12 | T37: 0 | U37: 0.0 | V37: v městečku Velké Bílovice, až do svých 19 let. Studovala jsem na gimnáziu a potom jsem se přihlásila na ekonomické hnádstavbu hodoníně. Podkava jsem vždycky moc správné spolužáky a spolužačky. Do dneska se scházíme, máme roční srazi a je to moc hezké. Všichni vždycky přijdou. Po ekonomické jsem ještě začala studovat vysokou ekonomickou v Praze. Byly tam vyníkající spolužáky, tak si s nimi se scházíme taky. Do dneska mám hodně bráce dát dohromady všetské srazi. K mým koníčkům patří příroda. Takže s kamarády a kamarádkami máme takovou skupinu, která chodí po všechny kopcích, horách. Takže jsme na vysočině prošli už moc a moc různých prohlídek zámku a všeho možného. A co se tíče?
A38: COBEN_CZCOBEN046 | B38: 205 | C38: 136 | D38: 0.6634146341463415 | E38: 0.5073170731707317 | F38: 0.7426470588235294 | G38: 0.8731688886167988 | H38: 0.02926829268292683 | I38: 0.01951219512195122 | J38: 6 | K38: 4 | L38: 3 | M38: 0.5365853658536586 | N38: 110 | O38: 205 | P38: 18 | Q38: 11.38888888888889 | R38: 1.6111111111111112 | S38: 29 | T38: 1 | U38: 0.6166875655230538 | V38: No tak dobrý den, já jsem už 45 roku zaměstnana a stávám každý den ránovo půlpate, chodím na 6 hodinu. Každý den mě vzbudí štyří ptáčci, mám doma štyry anulky. Jejich historii vám teďka asi trochu povykládám. Cerká ještě když byla trochu mlačší, chtěla furt nějaké zvýrátko, protože se mi nechtěla pořídit psa, tak jsme se dohodli, že pořídíme anulky. Chcela modrou anulku samce. Tak se taky stalo. Taťka její, taťka ji pořídil modrou anulku samce. Pod nějaké době zjistila, že se jí zdá, že ten jeden ptáček si je tam smutné, že by chtěla ještě jednoho. Tak si uzmystila, že by to chtělo samičku. Tak jsme pořídili žlutou samičku. No, cerká furt čekala, že teda je to samec a samička, že jednou dojde k tomu, že budou mít mladěátka. No, jak je bylo pro nás všecky překvapení, když modrý samec nám snesli štyri vejce. Ach, ejhle, zistili jsme, že máme dvě samice. Taťka mi zničil cerých hov. Tak potom jí jeden den volal, že nějaký souset mu volal, že tam u nich přiletil nějaký papoušek, že to bude asi anulka a má to modre ozoby, že to bude asi samec. Tak vzala bedinku a šla pro něho. A skutečně byl to samec. Do měsíce...
A39: COBEN_CZCOBEN047 | B39: 173 | C39: 117 | D39: 0.6763005780346821 | E39: 0.4508670520231214 | F39: 0.811965811965812 | G39: 0.8463668666521202 | H39: 0.04046242774566474 | I39: 0.011560693641618497 | J39: 7 | K39: 2 | L39: 3 | M39: 0.5433526011560693 | N39: 94 | O39: 173 | P39: 14 | Q39: 12.357142857142858 | R39: 1.3571428571428572 | S39: 19 | T39: 0 | U39: 0.0 | V39: Rád bych řekla něco o svých koničcích. V současné době se věnují Józe. K čemuž jsem se rozhodla, protože mám problémy z páteří. Dále jsem se zapsala na univerzitu 3. věku, protože mě velmi zajímá historie. A v minulosti mým největším koničkem bylo moje povolání. Pracuvala jsem jako očitelka na základní škole. Protože jsem učila na vesnici, tak jsem učila celou radu předmětu. Myslím si, že jsem měla velmi dobré vztahy ze svými žáky, protože mě navrhli do ankety o zlatého ámose, což mě samozřejmě velmi potěšilo. Vyučovala jsem hlavně biologii, těloci, vykchemii, potom i dějepis a končila jsem na prvním stupni, kde jsem zistila, že práce s těmi nejmenšími mě vyhovvala naprosto dokonale. Takže do důchodu jsem odcházela velmi těžce. Odcházela se mi skutečně velmi těžce, protože moje povoláni byl mým koníčkem a velmi se mě milvala. Samozřejmě, že mezíme koníčky patří i moje rodina, s kterou se pravidelně scházíme, máme velmi dobré. Vztahy jen mě vždycky mrzelo, že žádný z mých synů se nedál na učitelskou dráhu, že se vidali jiným.
A40: COBEN_CZCOBEN048 | B40: 129 | C40: 98 | D40: 0.7596899224806202 | E40: 0.3643410852713178 | F40: 0.8367346938775511 | G40: 0.8847956582204229 | H40: 0.03875968992248062 | I40: 0.0 | J40: 5 | K40: 0 | L40: 4 | M40: 0.5193798449612403 | N40: 67 | O40: 129 | P40: 7 | Q40: 18.428571428571427 | R40: 2.4285714285714284 | S40: 17 | T40: 0 | U40: 0.0 | V40: Dneska v noci jsem se moc nevyspala, protože mě čekala cesta dobrna do výzkumného ústavu na vyšetření. Před každou cestou jsem nervozní, tak tomu spaní jsem mu nedala. Cestu jsme zvládli dobře, protože nám počasí přálo, ani nepřešelo, dálnice byla suchá, dojeli jsme se na čas. Zajeli jsme až před budovu, kde mě manžel zanechal, a budovu už jsem šla navštívit sama. Na recepci jsem se ohlásila, pani recepční o mě věděla, řekla, že věrozumí pani magistru, která si pro mě v 9 hodin přijde. Tak se taky stalo a pak začal kolotoč vyšetřování, který je skoro půl třetí odpoledné a budeme za chvíličku končit. Jsem ráda, že už to mám za sebou, i když to nebylo nepříjemné, ale už se těším domů, takže v úterí jsem jedu znovu.
A41: COBEN_CZCOBEN049 | B41: 149 | C41: 91 | D41: 0.610738255033557 | E41: 0.5637583892617449 | F41: 0.7142857142857143 | G41: 0.8072713812572723 | H41: 0.0 | I41: 0.006711409395973154 | J41: 0 | K41: 1 | L41: 4 | M41: 0.5838926174496645 | N41: 87 | O41: 149 | P41: 12 | Q41: 12.416666666666666 | R41: 1.4166666666666667 | S41: 17 | T41: 0 | U41: 0.0 | V41: Dobrý den, menuj se Eva Kourová a mám 3 děti, dvě cery a jednoho syna. O cina mám dvě děti, dvě dnou čata, chlapce a děvče. Od cer mám, od cery mám jedné, mám dvě děvčatá a od druhé cery mám dva kluky. Ten nejstårší už má 20, ostatní mají 10, 3 a 4 roky. Menuj se Dorotka, Rozárka, Honza, Štěpán a Kryštov. Kluci chodí do 4. třídy, starší holčička chodí do 2. třídy a ta nejmlačí chodí do školky. Mají záliby takové, že chodí tancovat, jeden bnuk chodí lesd na skálu, na takuto lezeckou. Ten nejmlačí chodí na vysokou školu, rád šarmuje, chodí do šarmíšského kroušku. Také se mušila nějaké oblečení, tak myslím si, že jsem to líbí a také chodí do kroušku, kde chodí do skautu a dělá tam vedoucího. Jezí na tábory a kluci než si jezdí s ním, takže myslím si, že jsem to líbí.
A42: COBEN_CZCOBEN050 | B42: 107 | C42: 70 | D42: 0.6542056074766355 | E42: 0.45794392523364486 | F42: 0.8285714285714286 | G42: 0.770457135615402 | H42: 0.009345794392523364 | I42: 0.0 | J42: 1 | K42: 0 | L42: 4 | M42: 0.48598130841121495 | N42: 52 | O42: 107 | P42: 9 | Q42: 11.88888888888889 | R42: 1.8888888888888888 | S42: 17 | T42: 0 | U42: 0.0 | V42: Jsem správoval jedné dveře a pak jsem odešel za sýnem do obchodu. Tam jsem zal auto. Naložil jsem palety do auto a odvezli dom. Doma jsem to vytřídil, odvezl nahoru a poskládal na kopu. Ty, co jsou na spalení a ty ostatní jsem naložil, poskládal na sebe a opětově naložil na auto dodávku, které budou dneska odvážet k prodeji. Na dovolenou pojdeme asi příští měsic do Horovácka a doufám, že se trošku odpočineme a zapomeneme na všechny starostícou so kolem nás. Pak se vrátíme a život pokračuje, bude pokračovat pomalodál. Opakuje se to a je to na nic. A jinak to, den co denu, dejde, a pak.
A43: COBEN_CZCOBEN052 | B43: 167 | C43: 123 | D43: 0.7365269461077845 | E43: 0.40119760479041916 | F43: 0.8130081300813008 | G43: 0.9016461798179752 | H43: 0.005988023952095809 | I43: 0.023952095808383235 | J43: 1 | K43: 4 | L43: 4 | M43: 0.6287425149700598 | N43: 105 | O43: 167 | P43: 12 | Q43: 13.916666666666666 | R43: 2.1666666666666665 | S43: 26 | T43: 0 | U43: 0.0 | V43: Tak mým dlouholetím koničkem je chvání psu. Máme doma psa kněrača malého černostří vžitého. Měli jsme jich i víc, ale v této době už potom jako přistády a pomalo odcházli, tak nám teďka zbyl už potom tedy jeden poslední. Svoutop si velice hraví. Manželka chodila na tvíčení, na aglity, na závody, kde jsme jezdili pod celé cestské republice po závodech a získávali nebo nezískávali nějaké místa na umístění nabedně. To znamená do třetího místa. Dovezli jsme si spoustu diplomů a medaili. Soužití se s těmi dobří je velice milé, jsou hrozně hraví, jsou vděční za každou radozd. Samozřejmě, člověk, když stárne, tak je už o mozené tím, že nemůže tak často chodit vjen jako drív. I tak se psi jsme pořád jako velice dobrí přátelé. Dá se říct, že soužití se psi přináší, jak tomu psou i tím chovatelům spoustu hradosti. V naše děti mají taky psi, znamená vzalistí z útru kupca, které je podstatně většiněště náš, ale je už vychovaný chodil noc věčák a velice poslušné.
A44: COBEN_CZCOBEN053 | B44: 188 | C44: 131 | D44: 0.6968085106382979 | E44: 0.44148936170212766 | F44: 0.8015267175572519 | G44: 0.8757520776428601 | H44: 0.0 | I44: 0.015957446808510637 | J44: 0 | K44: 3 | L44: 2 | M44: 0.5561497326203209 | N44: 104 | O44: 187 | P44: 13 | Q44: 14.461538461538462 | R44: 1.2307692307692308 | S44: 16 | T44: 0 | U44: 0.0 | V44: Znávěl jsem všem z těch dnes to pohovořit o formale a úspějších našeho národního týmu. V roce 34. jiveli ve finále Mistrovský svět a v Itálii, bo už a prohráli po volice neserieľ s ním způsobu v soucování. Po druhé se jim to podařilo v roce 62. v Čile, kdy postoupili do finále. Tam prohráli z Brasilii 3.1. Bylo to nešťastné úzkání, protože v Bershladecí znali ty místní poměry, věděl jak svítí slunce a kdy bude svítit do očí našeho brantáři, což se tady naplnilo a takhle pustilo 3 do haly. Potom další takové slavné výročí v našich formalistů, bylo v roce 76. Kdy se probojivali do finále Mistrovské Evropy, Vyduoslávy, to intérát vytrát zali remizovat s Německém a rozhodlící, potom byli penálty. Na penálti naši zvítězali 1-0, tam padla slavna penálta, když si vysřelvalo do prostředbrány a měl s ty brantář, kto nečekal, hnul se na jednu stranu. O té robí už na té vlate slavné úspěchy nástavy, s natěžtě v Portugalskou, to byl náš tým optimální formě. Tam hrali takový hráči, a totohle, baroš, podobně, a nedvět a takové hvězdí už jeď si neváme.
A45: COBEN_CZCOBEN054 | B45: 136 | C45: 103 | D45: 0.7573529411764706 | E45: 0.36764705882352944 | F45: 0.8349514563106796 | G45: 0.8791669148104492 | H45: 0.04411764705882353 | I45: 0.014705882352941176 | J45: 6 | K45: 2 | L45: 4 | M45: 0.5401459854014599 | N45: 74 | O45: 137 | P45: 10 | Q45: 13.6 | R45: 1.9 | S45: 19 | T45: 0 | U45: 0.0 | V45: Minulou neděli nás pozvali přátle do valče na prohlídku zámku. Zámek je pěkný, byl zcela zdevastován, ale velkou píli mají celé pana Vali a jeho manželky. Byl zámek opraven a přistaveno k němu, ještě další křídlo. To je hotel a velnes. Byl hezky den, přijeli jsme a o tej manželka mě dovezla až do areálu vádečského zámku. Všetíli jsme se z námí, kteří nás zali na procházku parkem, abychom si celý a real mohli prohlédnou. A pak jsme posedili v družném hovoru. Po obědě z nám i a manželka šli na prohlídku zámku. Já jsem tohle dmítle, protože to pro mě bylo přilišná ročné. A tak jsem seděl v takové klité věrandě a tam pozoroval, jak lidé hosté kolem do kolá chodí a věnují se v plavání v teplé vodě, ve vyřivce a nebo jen chvůzi.
A46: COBEN_CZCOBEN055 | B46: 188 | C46: 128 | D46: 0.6808510638297872 | E46: 0.48404255319148937 | F46: 0.7578125 | G46: 0.8819830340542403 | H46: 0.010638297872340425 | I46: 0.026595744680851064 | J46: 2 | K46: 5 | L46: 4 | M46: 0.4789473684210526 | N46: 91 | O46: 190 | P46: 10 | Q46: 18.8 | R46: 2.5 | S46: 25 | T46: 0 | U46: 0.0 | V46: Takže dnes kanáno jsem všet z hodin vezala manžela do práce, protože jsem potřeba auto a jela jsem k synový hlída do mnučky, protože měl nějaké potřeba něco vyhrídit. Asi v jeden áz hodin jsem přijela domu a zjistila jsem, že máme mravence, takže jsem musela jít na 14-13 na vyšitření, takže jsem si říkala, že třeba v druhé ryj si koupím ty domečky pro tím ravencem. Což jsem udělala, vyšlo mě to tak jako rád, abych přišla tady na čas, hvěličku jsem čekala, nejvíc pro mě přišla paník se, ktorou bych měla teď spou pracovat. Ovidíme, jak to bude všechno dá po kračovat, se dozvím, co a jak, doufám, že to nebudem žádnou pro planove. Ještě bych můj hrít něco, takže čekám, co bude dál. Dnes je to poslední vyšetření, měl bych to by dási dvě hodiny. Potom, kdyby budu vědění nějaké vysledky a budu k planí profesorce, až na to, kdy mám dálší návštěvoutoznam, na včervnu, která by mimožná řeká něco dál. Ještě něco. Už mětě nic nenapadá, takže svedím tady v nějaké misnosti, kde jsou zálene skřínky. Je tady mikrofon, na které se náhravat.
A47: COBEN_CZCOBEN057 | B47: 163 | C47: 122 | D47: 0.7484662576687117 | E47: 0.3987730061349693 | F47: 0.8032786885245902 | G47: 0.906171661388369 | H47: 0.018404907975460124 | I47: 0.018404907975460124 | J47: 3 | K47: 3 | L47: 4 | M47: 0.6463414634146342 | N47: 106 | O47: 164 | P47: 19 | Q47: 8.578947368421053 | R47: 0.6842105263157895 | S47: 13 | T47: 0 | U47: 0.0 | V47: Ménuj se Eva Palátová, máman řela Jaroslava a dvě děti. Alež má dvě vnučky. Martu máme do mama invalidní důchod. Děti často hlídám. Adelka chodí do první třídí. Elinka má čtěři roky a teď byla dlouhodobě nemocná, takže se mý pořád měla u nás doma. Často hrajeme různé hry. Má nejradějí pohádky, takže jí čtu. Adelka zase je víc založena sportovně, takže by nejradějí běhala, skákala, cvičila. Do cvičení chodím i s manželem pro starší generaci. Zučastnili jsme se i v Praze na sletu. Inak chodíme každý čtvrtek. Máme takový pěkný kolektív, kde si posedíme, pobavíme se. Když má někdo narození, něco dobrého přinese. Zasmějeme se. Manžel si teď našel brigádu na čtěři hodiny, takže chodí dělá správce na DPSC u nás tam ve středicích. Inak máme dvorek za hradu, takže už se těšíme teď na jaro, až přijde pěkné počasí, aby jsme mohli vyrazit do zahrátky. Pěstujeme veškerou zeleninu pro sebe, ovocné stromky tam máme. To malé množství nás to prostě baví.
A48: COBEN_CZCOBEN058 | B48: 143 | C48: 108 | D48: 0.7552447552447552 | E48: 0.34265734265734266 | F48: 0.8703703703703703 | G48: 0.8737492600705055 | H48: 0.0 | I48: 0.006993006993006993 | J48: 0 | K48: 1 | L48: 3 | M48: 0.5874125874125874 | N48: 84 | O48: 143 | P48: 21 | Q48: 6.809523809523809 | R48: 0.6190476190476191 | S48: 13 | T48: 0 | U48: 0.0 | V48: Tak jsem po včerejšku přišla znovu na procičování. Tentokrat je to procičování řečí. Musím mluvit minutu a půl. Potom budu zastavena věnku prší. Je tam chladnou fouká vítr. Ale snad se to zase správí to počasí. Na ježdějní moraví je trochu teplej a větná zlinsku. Tam hlásili až 5 stupnů, že by je eventuálně mohlo být. Tady je chladně i velně neprší. Skoro vůbec na Pohrlicku. Tam se to můžíkla nějaká stepale. Nevím přeště, jak se to mluje. S eným kamerátky si stěžují, že jim tam na zahrodách strášně málo prší. Pořadají tam také hodí, koncerty. A mají druhstvo žen, které hraje petank, holky jsou natřené. A strášně moc to mluvěnují. Třeba se někam dostanou na nějakou soutěž. Pokud to nebude zase zručeno, jak teď kvůli té nemocí. Snat se to nějak zastaví někde. Nebude jde. Lidě se toho boje, některý až panikaří.
A49: COBEN_CZCOBEN059 | W49: 147 | X49: 96 | Y49: 0.6530612244897959 | Z49: 0.48299319727891155 | AA49: 0.7916666666666666 | AB49: 0.8036094015795524 | AC49: 0.02040816326530612 | AD49: 0.006802721088435374 | AE49: 3 | AF49: 1 | AG49: 3 | AH49: 0.5234899328859061 | AI49: 78 | AJ49: 149 | AK49: 4 | AL49: 36.75 | AM49: 5.75 | AN49: 23 | AO49: 0 | AP49: 0.0 | AQ49: Ano už teď jako dnes ráno jsem stál a podíval jsem se z okna a říkal jsem si tam je hanusně a představte si to že běheb dnes se krásně rozvítilo sluníčko a je příjemně. Samozřejmě jsem okam jsem zase dneska zapoměl že pojedu outen předstv nepríjemnou silnici u zimního stadionu a že tam budou fronty a že mě to zdrží nejméně o 20 minut déle než jsem chtěl. Tak jsem přijel jsem do bohu nic nachistal jsem si napřed navigaci samozřejmě bez čísla bezšeho a věl jsem autem zapoměl jsem že tam jsou světla a věl jsem s autem do uzavřené silnice. Na jednou stál proti mě autobus a začálně tlačit na spátky tak jsem vydcoval a uvědomil jsem si že musím najít ty světla tak abych mohl toho ulici projedal protože mě navigace říkala abych pokračoval ešte 200 metrů a potom teprve zabočil do prava.
A50: COBEN_CZCOBEN060 | B50: 138 | C50: 100 | D50: 0.7246376811594203 | E50: 0.41304347826086957 | F50: 0.81 | G50: 0.8609054495674135 | H50: 0.014492753623188406 | I50: 0.014492753623188406 | J50: 2 | K50: 2 | L50: 3 | M50: 0.5467625899280576 | N50: 76 | O50: 139 | P50: 13 | Q50: 10.615384615384615 | R50: 1.3076923076923077 | S50: 17 | T50: 0 | U50: 0.0 | V50: Už to je doblívě den ménu se Luba Cerožíčkova. A jsem tady pro projď celice i teku, který by měl sporo nad Nemoc, Parkinsona, v Evropě a v Americe. To se vymešlím, já to nevím, to jenom se dohaduju. Tak jsem zvědavala, jak jen spůsobem, já nebo co, co můžu, jak tomu přinezt. Moje zaměstnání teď je bunkru na Husové ulici, kde dělám počitám hodiny zaměstnanců pod kady promzdy. Je to zajímavý bunkru. Doporočuju to naštivit, protože to je historická pamatka. To se stavila za dob Hitlera. Mělo to soužit pro papalaše dneske, jako ukryt před bombováním před utoky. 22 let jsem pracovala na dneskem výstavěště jako ekonom. Mám dvě děti, dřív nuky. Teď jsem proběl karantény, bohužel jsem je nemohl naštivit, a ještě stále totola, protože jsem by se vzoršel. Nechci, nechci, je riskovat, aby ho nevosněli.
A51: COBEN_CZCOBEN061 | B51: 156 | C51: 95 | D51: 0.6089743589743589 | E51: 0.5512820512820513 | F51: 0.7368421052631579 | G51: 0.8223112496522563 | H51: 0.0 | I51: 0.00641025641025641 | J51: 0 | K51: 1 | L51: 2 | M51: 0.5384615384615384 | N51: 84 | O51: 156 | P51: 7 | Q51: 22.285714285714285 | R51: 3.4285714285714284 | S51: 24 | T51: 0 | U51: 0.0 | V51: Tak vpátek jsem moc těším na Oslavu, kdy se bude me loučit s mojí koleginí, kteřou jsem pracovala sedm let. A protože odchází do důchodu, byly jsme i vybírat dárek, takže jsme šli do City Parku výhlavě, kde jsme jí s koleginí koupili krásné zlaté naučnice a doufám, že se jí budou moc líbit. Oslava se bude konat určitě v práci, objednaly se chlebíčky, zákusky, takže se už moc těším. Na víkensi plánuju, že budu dělat na zahradě, určitě budu plety a hody a trhá ty chody. Určitě něco dobrého uvahrím, pozuji děti na obět, takže přijede i sestra, určitě s dětma, druhá sestra a rodiče, takže si uděláme krásný víkent a užijeme si ho s krásným počasím. A v pondělí už v práci budu mít novou kolegini, takže se na ní taky moc těším. Doufám, že si budeme rozumět, že budeme v pohodě v práci, že jí určitě dobře zaučím a budeme spolů dobře vycházet.
A52: COBEN_CZCOBEN062 | B52: 157 | C52: 113 | D52: 0.7197452229299363 | E52: 0.43312101910828027 | F52: 0.7876106194690266 | G52: 0.8847673903638602 | H52: 0.0 | I52: 0.0 | J52: 0 | K52: 0 | L52: 3 | M52: 0.4779874213836478 | N52: 76 | O52: 159 | P52: 9 | Q52: 17.444444444444443 | R52: 2.111111111111111 | S52: 19 | T52: 0 | U52: 0.0 | V52: V roce 2012, 4. března, se můj syn, ve věku 28 let, zabil, když putoval z děmbíru na chopok, tak na samém začátku v krupovém sedle se zřítil, tak nešťastně, že dole byl mrdvý. Od toho roku jezdím 3x až 4x, počínaj je jarem až do hlubokého podzimu, podívat se na místa, na kterých jeho kamarádi umístili křížek nebo tabulku. Takovýchto míst v nízkých tatarách máme 5. Tuto sobotu právě proto o tom mluvím, jsme se vydali na ta místa celá rodina, to znamená moje cera, její manžel a dvě vnučky. Málo kdy se stane, že stihneme obejt všechno 5 pětních míst, ale s vnučkami, kterým je 10 a 11 let, všechno 5 míst obejt. Možná je to proto, že když jdu sama musím jedit autobusem a mám na tuto celou trasu terminovaný čas. Čas je daný příjezdem autobusu na trangošku a odjezdem autobusu z trangošky. Příjezd je o půl 9 a odjezd je o půl 4.
A53: COBEN_CZCOBEN063 | B53: 161 | C53: 113 | D53: 0.7018633540372671 | E53: 0.4409937888198758 | F53: 0.7964601769911505 | G53: 0.8729157988898156 | H53: 0.012422360248447204 | I53: 0.037267080745341616 | J53: 2 | K53: 6 | L53: 1 | M53: 0.6024844720496895 | N53: 97 | O53: 161 | P53: 7 | Q53: 23 | R53: 3.7142857142857144 | S53: 26 | T53: 0 | U53: 0.0 | V53: Vždyť se vělázně kousek o tam bydlém věseníku, mi tam nádherná příroda a zdoje vody nesmírně a vzduch nádherný pro něký sliku a vlastně se tam spojili dvě teptonické desky, a který tím nárazem vytváří do ho vzuší vitaminy, takže když jste na lejčení, tak nesmítte brádu vitaminde, jelikož a b, protože byste to pře, no, už to nevím. Mám ještě blubit dál, jo? Děkuji za pozornost a dneslapte se, že jako k tam. Můžu? Ještě minutu, no tak to nezvládnu. Mám ceru, která je zaměstnana v Praze, která bydlí v Praze, je zaměstnana v zahraničním obchodě, zná několik řečí, velice dobře, pro má na starosti německým luvící státy, a to v této práci jako nachází smysl života. Mám je ráda, je hezka, ale má smůlu na chlapy, jako obyčejně, protože se chlapy bojí hezkých a vzděladných žen, dovedes ji dokonce přišerubovat nábytek, vývrtať do stěny díru. Vždyť je to šikovné děvče, má mi moc ráda. A ještě mám nějaké možnosti.
A54: COBEN_CZCOBEN064 | B54: 228 | C54: 148 | D54: 0.6491228070175439 | E54: 0.4649122807017544 | F54: 0.8243243243243243 | G54: 0.8429491221056085 | H54: 0.039473684210526314 | I54: 0.02631578947368421 | J54: 9 | K54: 6 | L54: 3 | M54: 0.5350877192982456 | N54: 122 | O54: 228 | P54: 13 | Q54: 17.53846153846154 | R54: 3.230769230769231 | S54: 42 | T54: 0 | U54: 0.0 | V54: Dneska ráno jsem se moc nevyspala. Hrýdám pejska, mý kamaráce a je to takový malej lumpy, který mě budí už ráno v opu pátí. Výži, že nesmí do postele a přesto mi tam v leze čení chá a plíží se, když můžem řeknu, že musí dolu. No a pak jsme se, pak jsem teda stala a vydali jsme se ve naprocházku, protože první je na řadě on, pak teprve já. Takže chodíme ráno do výběhu, který máme kousek pod domem, potkáváme tam různí pejsky a protože to je pejse, který má dlouhý nožky. Rád běhá, tak ho vždycky pustím na volno a on mě potvórka někdy uteče. Neská mě taky uteka, tak jsem ho potom musela doběhnout, dát mohho vodítko a jít s ním pěšky, zpátky. Pak jsme přišli domů, nejdřív se napapal pejsek, dostal ledvinky a srdíčka, pak jsem se najedla já. No a já jsem to šla chvílku do spad, protože mě scházel čas a pejsek si hrál s hračkama a niafál, pak zalehl a spokojně spal. No a pak jsem se připravovala na odpolední program, na vyšedření, které mě zajímá, které nevím co od toho mám očekávat. Takže jsem nad tím přemýšlela, chystela jsem se, zeldvala jsem cestu kdy pojedu. No a vyjela jsem, myslím si, že zbytečně brzo, asi o hodinu drív. Takže jsem přijela na místo a teď stary sedím a spovídám se.
A55: COBEN_CZCOBEN065 | B55: 153 | C55: 109 | D55: 0.7124183006535948 | E55: 0.4444444444444444 | F55: 0.7798165137614679 | G55: 0.8771441033060408 | H55: 0.032679738562091505 | I55: 0.013071895424836602 | J55: 5 | K55: 2 | L55: 1 | M55: 0.47058823529411764 | N55: 72 | O55: 153 | P55: 11 | Q55: 13.909090909090908 | R55: 2.5454545454545454 | S55: 28 | T55: 0 | U55: 0.0 | V55: V neděli budeme oslavovat 6. narozeněny naší vnočky. Tak to se hrozně moc těší, protože se všichni sejdeme. Hlavně holčička bude šťastná, že se všichni sejdeme a že nás zase všechny uvidí. Samozřejmě se taky těší na spoustu dárku, které dostané, ale ty dárky jsou problém, protože člověk ani neví co už má a co nemá. Takže se do toho těžko strefuje. Já se mě koupila hru dlouhý, široky a bystro zraký. Tak doufám, že to bude mít úspěch i uní, ale taky u rodičů a další dospělých, které si s ním budou hrát. Doufám, že nebude přijelíš velké vedro, protože dorty by se roztékalí a z toho by byli všechny kucharky velmi nervozní. Já sama žádnou dortu nedělám, protože takové věci neumím, ale ráda je jim, což je na mě vidět. A jinak doufám, že pojedeme z holčičkou na macochu, protože jsem jísnil, že jestli ještě nejela lanovkou, takže to musí dohnat.
A56: HIDI LONG_100 | B56: 224 | C56: 141 | D56: 0.6294642857142857 | E56: 0.5267857142857143 | F56: 0.75177304964539 | G56: 0.8555475627370629 | H56: 0.017857142857142856 | I56: 0.004464285714285714 | J56: 4 | K56: 1 | L56: 3 | M56: 0.5089285714285714 | N56: 114 | O56: 224 | P56: 18 | Q56: 12.444444444444445 | R56: 1.5555555555555556 | S56: 28 | T56: 0 | U56: 0.0 | V56: Tak s sedím pod mikrofonem, je tady sem mnou v místnosti pan Brabenec a zadal mi instrukci, jak vám hovořit, minimálně minuto. Tak dobrá. Je 4. září, 2017. Počasí se změnilo, měli jsme nádherné léto. Téměr tropické, ale před dvěmanou o 3 dny se ochledilo a už ješka redě. My máme s manželem před sebou nádherný čas. A to jen zítra a ve středu, protože jedeme do Prahy z vnoučátkami je hlídat. To je činos, kterou děláme velmi ráni, ale bohužel, tím, že máme jedny děti v Praze a jedny děti v Americe, tak se nám to nedáří příliš často. Ale tak o to víc si toho považujeme a radujeme se, když se s nimi můžeme vidět. Celke máme těch vnoučátek, 5 musím se pochlubit. 2 v Americe a 3 máme v Praze. Ale to už bude asi konečná. Stěně bychom asi toho víc nezvládli. Byly jsme taky nadovolené, předtím, než se udělalo to špatné počas, ještě jsme si zažili počasí pěkné, byly jsme v Luháčovicích, tam byli jsme po několikáte, dopřáli jsme si nějaké procedury a dopřáli jsme si taky toho, že jsme chodili. Po okoli tak tam to bylo velmi pěkné. Původně byly pozvaní do Ameriky za dětma, ale na to jsme se nějak necítili, tak jsme zůstali tady. Takže kromě Luháčovic jsme ještě zvládli letoznojmo a hodují vždycky na krátké pobity.
A57: HIDI LONG_1000 | B57: 150 | C57: 69 | D57: 0.46 | E57: 0.7066666666666667 | F57: 0.6376811594202898 | G57: 0.693482967937579 | H57: 0.0 | I57: 0.07333333333333333 | J57: 0 | K57: 11 | L57: 4 | M57: 0.6241610738255033 | N57: 93 | O57: 149 | P57: 16 | Q57: 9.375 | R57: 1.75 | S57: 28 | T57: 0 | U57: 0.0 | V57: Takže až přindo, tak si to dám do troby a nechám to pěct. Při ty dělám šneky, to je zrozvalím često, dám tam salám, sír a zamotám to a dám to. Až si dopeče svíčkové, tak tu dám to svíčkové. Co ještě mám dělat, co ještě mám v něco vykládat. No tak nemím, no to už nemím co by mu brál vykládat. Ještě něco. No tak, tak že zítra pojdem na chatu, budem tam uklízet, už se tam těším. A co ještě, no, budu tam na zahráce se bově se něco roste neskýho. Možná tam budou sněženky, možná tam budou krokusy. A tak to nevím, co ještě tam, co ještě mám výkládat. Ještě mám vykládat, ještě něco. Tak co, takže si, no tak hodně uklízení tam bude. Už se, nevezeme tam, co tam vezeme. Židle, židle tam vezeme. Jo, aště budu vlastně dělat podinkáče. No tak co, už, už, už.
A58: HIDI LONG_1100 | B58: 155 | C58: 113 | D58: 0.7290322580645161 | E58: 0.43870967741935485 | F58: 0.7699115044247787 | G58: 0.8959590423813397 | H58: 0.0064516129032258064 | I58: 0.012903225806451613 | J58: 1 | K58: 2 | L58: 2 | M58: 0.5414012738853503 | N58: 85 | O58: 157 | P58: 6 | Q58: 25.833333333333332 | R58: 3.6666666666666665 | S58: 22 | T58: 0 | U58: 0.0 | V58: Zatříná jaro, s luníčkou už se načiná probouzec rozlinky a zahrátkách ryspěchají, protože myslí si, že na všechno pozdě nebude pozdě, ale je potřeba jako si do těch poli vyrazit a dokud neprští takhle, co jsou dělat postříka s tromní jarným postříkem. Máme také vynohra, takže ve vynohradě jsme vystřiávali šlavouny, které se těď pozbírají a vzpálnice to nebo se to podretí, dretí čema. Začneme jako pracovaná zahradě, protože by je podřeba vysázec sazenice, máme tam nějaký skleníček, takže taky by jen o toho sázec, nějaké ty rozlinky to se o to se zajímá moje žena. Já dělalme také ty manunení práce, připadně technické práce, takže zajistějeme vodu, aby se měli na zalévání, takže chytáme vodu v deštěvou. Když jsme k tomu učili, takhle dvě kubíkové krichle plastové, které na plnými vodou, aby se odrazila, tak zvanějá. Bude to vždy sloužit zalévání zahrady a máme tam také studnu, tamá všem vody méně, jak je těď.
A59: HIDI LONG_1200 | B59: 197 | C59: 116 | D59: 0.5888324873096447 | E59: 0.5989847715736041 | F59: 0.6810344827586207 | G59: 0.8404661336102986 | H59: 0.04568527918781726 | I59: 0.03553299492385787 | J59: 9 | K59: 7 | L59: 4 | M59: 0.45685279187817257 | N59: 90 | O59: 197 | P59: 6 | Q59: 32.833333333333336 | R59: 6.0 | S59: 36 | T59: 0 | U59: 0.0 | V59: tak mě na parkinzone nejvíc vadí to, že současně nebo nemůžu cestovat, protože cestováně můj koníček, který vlastně mě to znemožuje, ten můj stav to znemožuje, protože padám, padám často a padám každý den a zhoršuje se to. Já už nemám žádnou možnost, nemám žádnou ideu nebo nemám žádný svět, ale v tunelu, který by mě z toho pomohlo a který by mě bytálo. Já už jsem by zkoušel všechno možný metodi, který se prezentou na parkinzone včetně pobytu v peru ušamanaf Amazonii, včetně implantece kvěnu i kvůně k včíni a nic toho nefunguje. Já jsem vždycky mě drhilo těch 15 let, co to mám, to ono moci jení, tak vlastně tyhle 10 let bylo dobrý, to vůbec nikdo skoro nepoznal, že parkinzone mám, když jsem to neřekal, pak se to nějak zvrtlo. Já jsem myslím, že se to teda zvrtlo v ušamanaf tom peru, protože tam ně, tam se poslední byla taková divna, a myslím si, že tam řekl problém, ale zase rodina tvrdí, že ne, že jsem se tam očučová těch, jako kliníši, tak nevím, jak to. No a takže ještě Hromada, Hromada, takže cestování bylo a je můj koniček, ale to teď je nějaký.
A60: HIDI LONG_1300 | B60: 80 | C60: 62 | D60: 0.775 | E60: 0.3625 | F60: 0.8225806451612904 | G60: 0.8580669857568582 | H60: 0.0125 | I60: 0.0625 | J60: 1 | K60: 5 | L60: 2 | M60: 0.55 | N60: 44 | O60: 80 | P60: 8 | Q60: 10 | R60: 1.75 | S60: 14 | T60: 0 | U60: 0.0 | V60: Leta jsem rával jako čvěnka pelí na kláve si a nyní už si hravo jenom doma. Je to nebo vejšky, jak jsem zpívával, takže je to horší. Ale pokud jako hrajo třeba některý den, tak druhý den je to právě nejlepší. Prvědla si výsob vlastně na kví svá, který se musí trenovat. Takže jako se mě mluví, zpívá mluvěm lulíb. No potom velice rád pracuj na počítači. Kde si dělám také různe skladby a tak dá. C'e je nejpíšu.
A61: HIDI LONG_1500 | B61: 175 | C61: 118 | D61: 0.6742857142857143 | E61: 0.4857142857142857 | F61: 0.7627118644067796 | G61: 0.8697918799297607 | H61: 0.02857142857142857 | I61: 0.005714285714285714 | J61: 5 | K61: 1 | L61: 3 | M61: 0.480225988700565 | N61: 85 | O61: 177 | P61: 19 | Q61: 9.210526315789474 | R61: 0.8421052631578947 | S61: 16 | T61: 0 | U61: 0.0 | V61: Čerýši dnes jsem zakončil pivo až. Zastaně jsem se podlohou hroje na jedno pivo. Dneska ráno jsem stával půl šesté, vysprchoval jsem se na chyznání. Ujel jsem káfe. Káve jsem je buktičky. Přijel sera, která mi odvězal jsem do bojnic. Na ten výzku. To je mi si ještě něco bych byl v tom udat. Chodím do zaměstnání, na fakultu pedagogickou. Dělám navrátnicy. Je to zájemné, že zaměstnání vzpoustaří kolen sebe a čas utíka. Mám tady posledný době problém s tím, že vyhrazní některé slova mi nezumílo. Musím sakradovat bacha a opartrně aby mi bylo rozumět. Ale k proto bych byl rád, aby se s tím tato dně so podníknout, která se to zlepšílo. To není ještě minutáře. Pará si chodíme na ranný smen, která trvá od rána od 6 do 1 hodiny. A pak chodíme na odpolný smen, která trvá od 1 hodiny, jak se rika do 0,5-0,9. Na fakultě sezóná, mení v nám okna, mení v dneře, v návitek. U sečeká jen na studenty a přído příšitý den a zájí studium.
... A149: Kardiovize_1872 | B149: 157 | C149: 118 | D149: 0.7515923566878981 | E149: 0.39490445859872614 | F149: 0.8050847457627118 | G149: 0.9018027724900697 | H149: 0.006369426751592357 | I149: 0.012738853503184714 | J149: 1 | K149: 2 | L149: 4 | M149: 0.5987261146496815 | N149: 94 | O149: 157 | P149: 10 | Q149: 15.7 | R149: 2.1 | S149: 21 | T149: 0 | U149: 0.0 | V149: Mám dvě vnoučatá vnučku, která je vybníkající ve stepování. Vnuk bude letos maturovat, učí se s vyznamenáním celý štěři roky na střední škole a chtěl být na vysokou školu. Vnučka teď pojde na mistrovství republiky ve stepu. Loní se moc dobře neumístila, protože začínala, tak doufám, že to letos bude už lepší. A co dál? Vnuk by chtěl být učitelem nebo nějakým expertem a je tělkem. Zin je hokejový trener, dělá hokej od svých pěti let, takže už ho dělá seduma tříce let. Cera vysokou vysokou, cera je magistra a syn bakalář. Před třema rokama jsem ovdověla, takže teď v současné době bydlím sama, ale jako děti se pořád o mě dobře starají a doma jsou málo, kdy přez letosu na chatě, kde mám spoustu známých, a doma se opravdu zdržuju jen minimálně. Jsou spíš taková hodně hyperaktivní. Nerajda se nudím, takže budící čtu nebo šíhu v letě zahradničím a nebo chodím někde na vycházky do divadla.
A150: Kardiovize_1873 | W150: NF | X150: NF | Y150: NF | Z150: NF | AA150: NF | AB150: NF | AC150: NF | AD150: NF | AE150: NF | AF150: NF | AG150: NF | AH150: NF | AI150: NF | AJ150: NF | AK150: NF | AL150: NF | AM150: NF | AN150: NF | AO150: NF | AP150: NF | AQ150: NF
A151: Kardiovize_1874 | B151: 192 | C151: 136 | D151: 0.7083333333333334 | E151: 0.421875 | F151: 0.8161764705882353 | G151: 0.8901750863442934 | H151: 0.03125 | I151: 0.015625 | J151: 6 | K151: 3 | L151: 5 | M151: 0.5235602094240838 | N151: 100 | O151: 191 | P151: 9 | Q151: 21.333333333333332 | R151: 3.111111111111111 | S151: 28 | T151: 0 | U151: 0.0 | V151: Který jsme se vrátili s Anglie, kde pracuje až je náš syn s manželkou a s 3 letím vnoučkem. Bylo to úžasné, krásně jsme si to užili. Chvízdili jsme po výletech, syn mezi tím pracoval, protože za mě je zaměstnani jako kuchar, vicemeně picař, za autem má takový tažný vůz, kde tu pici dělá, jezdí z jedné akce na druhou. Je tam velice oblíbený, mají ho tam všichni moc rádi, ale by jsme je s manželem viděli nejlépe u nás doma v Česku, protože už tam ží 18 let, nevím, jestli se budou chtět dvěrátit. I když malej Honříček, 3 letej vnouček, po nás hodně plakal, pořád se teď vydáme na Vacapu pořád plače babí děti, kde jsou, takže naše děti nebo syn. Včer volá a říká, vy se nám teda dali, my tady přemýšlíme, že to tady všechno prodáme a přijedeme za vámi do Česka. To by se nám moc líbilo, protože malej tam nemá ani jednu webičku, ani jednoho dědečka, ani žádný bratrance se střenice. A celkem se divím, co je tam tak drží, protože pořád tam fouka, pořád tam prší a přitom snachama tak strašně rád. Ale to sluníčko.
A152: Kardiovize_188 | B152: 215 | C152: 131 | D152: 0.6093023255813953 | E152: 0.5255813953488372 | F152: 0.7786259541984732 | G152: 0.8174210811537176 | H152: 0.009302325581395349 | I152: 0.013953488372093023 | J152: 2 | K152: 3 | L152: 3 | M152: 0.5138888888888888 | N152: 111 | O152: 216 | P152: 13 | Q152: 16.53846153846154 | R152: 3.1538461538461537 | S152: 41 | T152: 0 | U152: 0.0 | V152: Tak třeba s o tom spánku, že v podstatě spím tak všechno jak. A teď jezdívám s kamarádkou na jí zahradu, na chatičku. A ona má vezvyku si dat po obědě kafičku a pak si lehnout na chvilku. No tak tam někdy, ty si tež tak natánu na valendu, tak usnu na chvíličku, a bylo třeba z náhodinku, aby to tam je taková pohoda, klíde k ticho, tak to pně tak úspí člověka. No a teď, jak byli ty boužky ze soboty na neděli, tak zrovna zám je to Marovského Krumlova. Tak byla strašná spousta blesků, to bylo většině jak někde na červeném koberci na festivalu. A pak jsme se dočetli, že je to, že to byl rekor nějakých přes 80 tisíc blesků v ten večer. Napršelo pořádně, pozávě líbali jsme večer předtím, takže jsme skonstatové, že jsme ani nemuseli. A nevím, co by ještě říkala. Zatím to ještě není o minutá půlka, jak dlou jsme. Takže jsme v podstatě začali jezdit na tu záhradu, protože je to v její rodině. A jak jich zemřeli rodiče postupně, tak naše maminky zemřeli plůroku po sobě, tak na to zůstala sama. A zase mě to baví na zahradě pracovat, tak říkám, tak to je super, že ona má pomocníka a já si tam zase můžu taky vidovádět.
A153: Kardiovize_1889 | B153: 193 | C153: 130 | D153: 0.6735751295336787 | E153: 0.48704663212435234 | F153: 0.7615384615384615 | G153: 0.8824529534164876 | H153: 0.015544041450777202 | I153: 0.025906735751295335 | J153: 3 | K153: 5 | L153: 4 | M153: 0.48484848484848486 | N153: 96 | O153: 198 | P153: 8 | Q153: 24.125 | R153: 3.0 | S153: 24 | T153: 0 | U153: 0.0 | V153: Nejvíce těžím na léto, protože jsem si řekla, že každý červen z kraje pojedu někam na dovolenou. Začíná to už na jahře, když si teda vybínám z katalogu, co by jsem je zrovna nejvíc líbilo, abych si udělal radost. Snažím se hned nějaké nové informace, novou destinaci, abych taky z toho něco měla a tam si vybrat i nějaký výled, abych se mohla podívat někam ideálne, jenom ležet u morze, což teda šíleně miluju, ale přesto je to málo. Většinou se snažím, abych to bylo zbrná, abych se moc nemusá cestou, někde zastavovat a tak, i když často to bývá i z Prahy, protože tamto mají většino větší nabídku tých výletů a tak. Takže letos jsem co zvolila tak, že jsem si už v květnu objednal nějaký last minute do tunisku, u to tuniska s odletem z Brna. Už každoročně jezdívám ze svoji sestrou a se svoji kamarádkou, kterou jezdí s náma, protože je sama a nemá žádného komplice. My se sestrou máme svůj vlastní pokoj, ona vždycky vedle nás někde má svoje vlastní, ale tak nějak to trávíme společně. Takže jsme z Brna odleteli na večer, přijeli jsme do monastiru na letiště.
A154: Kardiovize_1903 | B154: 150 | C154: 117 | D154: 0.78 | E154: 0.3466666666666667 | F154: 0.8376068376068376 | G154: 0.9096768748152961 | H154: 0.006666666666666667 | I154: 0.006666666666666667 | J154: 1 | K154: 1 | L154: 2 | M154: 0.6026490066225165 | N154: 91 | O154: 151 | P154: 17 | Q154: 8.823529411764707 | R154: 0.7647058823529411 | S154: 13 | T154: 0 | U154: 0.0 | V154: Každou středu jezdím učit svoji hlučku Marboru do Boskovice hrát na saxofón. Ješikovna, už jsme přehráli durové i molové stupnice. Hráli jsme na vánoce koledy. Také hrajeme jazzové, etydy, akordy. A snažím se, aby hrála také z paměti. Marboru to baví, někdy se učí sama. Vymýšlí, kterou písničku bych ji měl napsa do not, což velice rád dělám. A posilám to bude to tedy mejlem, lebo jí to daročím osobně. Teď, ale tento týne jsme hodinu na saxofón neměli. Protože jsou jarní prázdniny, tak je si užívá volna. To by bylo asi všechno o dom, jak učím vnůčku Barboru, která má 14 let hru na saxofón. Ještě mám pokračovat dál, tak to zkusíme. Moskovice jsou dost daleko, takže jezdím pravidelně autem. Teď zimě je to horší. Včera napadl sníh, tak jsem rád, že tento týden nemusím do Moskovice. Přiští tyden pojedu, mám na chystané noty. Napřím se mi do not.
A155: Kardiovize_1936 | B155: 210 | C155: 126 | D155: 0.6 | E155: 0.580952380952381 | F155: 0.6984126984126984 | G155: 0.8478546329225829 | H155: 0.02857142857142857 | I155: 0.004761904761904762 | J155: 6 | K155: 1 | L155: 4 | M155: 0.5639810426540285 | N155: 119 | O155: 211 | P155: 18 | Q155: 11.666666666666666 | R155: 1.7222222222222223 | S155: 31 | T155: 0 | U155: 0.0 | V155: Takže můžu jo. Takže mám dvě děti, syna a cero. Syn žije tady v Brně a cera žije v Anglii mimo Republiku a chybí mi. Mám třív noudčata, v nuka mám tady v Česku, to je syn meho syna. A v Anglii mám dvě vnůčky, Emičku a Dášu. To se menev je po mě. Mě udělali velkou radost, když mě zdělila cera žije tě hodná. Potom, když porodilá, tak mě řekla, že si se může vnůčka menovat po mě, tak jsem ná velkou radost. Život v Anglii není tak lehký, jak si tady přestavujeme v Česku. Hodně tvrdě tam pracují, aby se uživili i dvě vnůčky. Jedna už dělá střetní školu, a jedna chodí do základní školu. Ale s druhá, tam mladší, co dělá základní školu, tak to je právě v Puberte. Její Puberta je teda velmi náročná pro rodiče. Řekla bych, že je to až problémové dítě. Vnuk tady v Česku je můj velký miláček, protože je velmi nadaný. Dobře se učí ve školé, chodí na gymnáziu už a to na osmiletí, do třetí, třídy. A má velké nadální na jazyky, a čkoliv jsme si myslili, že to bude matematik a nejmeně nějaký Astrovědec. Tak nakonec končil u jazyku, protože má fenomenální paměť a jde mu to moc dobře.
A156: Kardiovize_1937 | B156: 157 | C156: 120 | D156: 0.7643312101910829 | E156: 0.3630573248407643 | F156: 0.8333333333333334 | G156: 0.9034084455958817 | H156: 0.0 | I156: 0.006369426751592357 | J156: 0 | K156: 1 | L156: 4 | M156: 0.6560509554140127 | N156: 103 | O156: 157 | P156: 8 | Q156: 19.625 | R156: 2.125 | S156: 17 | T156: 0 | U156: 0.0 | V156: Ráda chodím do lesa, mám ráda, les je hličnatý, ale může být i listnatý nebo smíšený. Ráda zbýrám houby, jsem dosť dobrý houpař, trávím v lese velice moc času. I v zimě i v létě je jedno, v kterou roční dobudu toho lesa dů. Nejradějí chodím s rodinou, někdy dvů i sama, nebo z kamarádkama. Chodím radši dopoledné, než odpoledné, věhličnaté v lese věčnou se lépe hledají ty hřibky dopoledné. V listnatém za soupotě má listama skované ty hřibky, tak se musí vytahovat a hledat a odhrnovat listy. Beru se bou do lesa i kamarádky, jedna kamarádka si vypořidila štěňátko, tak máme teď zábavu, protože to štěně tam furt pobíhá, něco hledá, odhrabuje, vidíme tam furu zvířátek, ať už poslucháme ptáčky, hledáme, kde jsou, hledáme tam pře běhnou, přes cestům, může i ještěrka na halupě jsme měnit i mloki, což je krásná čistá příroda, jinak oni se neviskytují takhle. Moc ještci tam bývají, vidíme veverky, kuní, srnky.
A157: Kardiovize_1943 | B157: 179 | C157: 126 | D157: 0.7039106145251397 | E157: 0.45251396648044695 | F157: 0.7777777777777778 | G157: 0.8747185823743006 | H157: 0.0223463687150838 | I157: 0.0223463687150838 | J157: 4 | K157: 4 | L157: 3 | M157: 0.5251396648044693 | N157: 94 | O157: 179 | P157: 15 | Q157: 11.933333333333334 | R157: 0.9333333333333333 | S157: 14 | T157: 0 | U157: 0.0 | V157: narodila jsem se jako první dítě svých rodičů. Tatínek byl rozvedený, měl z prvního manželství Sina Karla, který byl vlastně v té době se říkalo můj nemánželoský bratr. Nebo můj, ano nemánželoský bratr. Proživali jsme spolů hezké mládí. Po sedmi letech, kdy jsem měla já s sedm let, se mým rodíčům narodil syn Roman. Byl o sedm let mlačí, než jsem já. S ním jsem už v takovém lásky plném životě nežíla. Poňovat jsem se o něho musela hodně starát. Máma v té době dělala auto školu, takže jsem ho musela přebalovat, musel jsem s ním hodin na procházky. Takže to se mě jako sedmi letteho lce moc nelíbilo. Své úplně rané mládí jsem prožíla u babičkým v napadlích, kde jsem měla se střenici a dva bratrance. Byli jsme velmi dobré oparta, jezdila jsem tam velmi ráda. A když rodíče příšdělí k babičce pro mě, tak jsem byla vždy neštěstná a nikdy jsem nechtěla vlastně do domu. Mocem je tální bylo, by hodně jsme strávili čas na ředce Moravě. Chodíli jsme se koupat v oprázninách v zímě, jsme brusilyli.
A158: Kardiovize_1957 | B158: 191 | C158: 118 | D158: 0.6178010471204188 | E158: 0.5706806282722513 | F158: 0.6949152542372882 | G158: 0.8532173675550273 | H158: 0.02617801047120419 | I158: 0.010471204188481676 | J158: 5 | K158: 2 | L158: 1 | M158: 0.5235602094240838 | N158: 100 | O158: 191 | P158: 9 | Q158: 21.22222222222222 | R158: 2.6666666666666665 | S158: 24 | T158: 0 | U158: 0.0 | V158: Takže leto máme za sebou. Hodně jsem chodila do práce, dovolenou jsem v červenci a v srdnu ještě neměla, takže už si těším teďkom na září. Kdy od nežka do 16. září mám dovolenou, jedeme s cerou do Polska se podívat na nějaký velmez hotel, užíci bazénu, užíci výhryvky. A jinak jsem byla hodně pracovně vytížená, takže jsem jezdila, když to šlo na koupariště, plavat, odpočívat, relaksovat během těch volných dnů, který jsem měla v červenci a v srdnu. Počasí nám snad bude ještě přát, když už ty dny jsou kratší, rána jsou chladnější, ale to nám nevadí. My si užijeme nějaké vyšlapy, třeba v krkonoších, pak si užijeme bazénu, výhryvky a zrelaksujeme se na příští další období podzimní. A jinak pracovně jsem dost takola vytížená, takže jsem ráda, když si můžu odpočinout. Koníčku se moc nevěnuju, protože ráda jsem teda chodila s hůlka Manorvolking, s nějakou instruktorkou na nějaké vyšlapy, ale ty se měla nějaké problémy, se chylbou šlachoh, takže mi to trošku omezovalo a bolelo mě to, takže jsem ani s těch zdravotních důvodů, teď se to mů moc nemohla věnovat, takže spíš takový vycházky menší nebo nějaké relaxnou.
A159: Kardiovize_1981 | B159: 123 | C159: 96 | D159: 0.7804878048780488 | E159: 0.36585365853658536 | F159: 0.8125 | G159: 0.9073296301314183 | H159: 0.0 | I159: 0.008130081300813009 | J159: 0 | K159: 1 | L159: 3 | M159: 0.7016129032258065 | N159: 87 | O159: 124 | P159: 3 | Q159: 41 | R159: 4.0 | S159: 12 | T159: 0 | U159: 0.0 | V159: Myslím si, že sport je pro lidi velice důležitá aktivita, podporuje všeobecný rozvoj, rozvoj fyzický, rozvoj i psychický, zvlášt pro mladou generaci, která je současné době velice závisla na využívání sociálních sítí, kde je k dochází k izolaci bladých lidí, bezkontaktními komunikací, která určitě neprospíva k jejich duševnímu rozvoji. Myslím, domnívám se, že právě sport, tady toto odstraniuje, především kolektivní sport, kde komunikace mezi jednatlivými, mladými lidmi respektivě účastníky sportovní aktivití, kde velice důležitá a jen zbytná. Proto se snažím aktivně působy, které v této oblasti, to znamená v oblasti sportu, a zajišťovat vedení tady tech sportovních aktivit tak, aby prostě docházelo k tomu, co jsem uvedl, znamená psychické komunikativní schopnosti mladých lidí, vytvaření určité z odpovědnosti v úči skupině, v účitýmu zaměřitů.
A160: Kardiovize_2027 | B160: 109 | C160: 76 | D160: 0.6972477064220184 | E160: 0.47706422018348627 | F160: 0.75 | G160: 0.8433480625592747 | H160: 0.01834862385321101 | I160: 0.009174311926605505 | J160: 2 | K160: 1 | L160: 2 | M160: 0.5585585585585585 | N160: 62 | O160: 111 | P160: 11 | Q160: 9.909090909090908 | R160: 1.0909090909090908 | S160: 12 | T160: 0 | U160: 0.0 | V160: Nahrud jsem se rozhodl, že nachat pro vnuky výkopu bazén. Podažil se udělat výkopat díra. Koupil jsem bazén a ze soustředem jsme se dalí do toho, že to zmontujeme. Zmontovali jsme zistili, že nám prodali špatný bazén. Zprávný bazén byl vyložený, byla o pol metru menší. Museli jsme to vzít a můželi se to závodit. V toto chvíli čekáme na reklamaci, aby nám dodali vyměněny toforí. V toto chvíli tam dostává pořád velká díra. Mám strach, aby pez do tohle nezpát nebo někdo. Zabezpečili jsme to závodit, ale už jsme z toho nervozní. Máme tam postavenou konstrukci a máme stávaby nepríšel výtr a konstrukci nezničil to, co máme připravený.
A161: Kardiovize_2096 | B161: 130 | C161: 89 | D161: 0.6846153846153846 | E161: 0.4461538461538462 | F161: 0.8089887640449438 | G161: 0.8232804701983618 | H161: 0.0 | I161: 0.0 | J161: 0 | K161: 0 | L161: 2 | M161: 0.6153846153846154 | N161: 80 | O161: 130 | P161: 12 | Q161: 10.833333333333334 | R161: 0.6666666666666666 | S161: 8 | T161: 0 | U161: 0.0 | V161: Nareděl jsem se v konici a do svých 15 let jsem žil v osadě jednov. Předšel jsem do školy, takže jsem dojížel 4 roku do Bruntálu a po této době jsem už začal žít v Brně. V Brně jsem od roku 1980. Napřed jsem bydlel v pokolejích ubytovnách a následně jsem dostal byt a bydlím v bystrci. Pracují celý život o strojirenství, napřed v Kraloupolskej strojerně, nyní v soukromé firmě. Soukromé firmě jsem technik přespovrchvé upravy. Děláme upravy chemickou cestou a mechanickou cestou. Mechanickou cestou znamená otriskávání povrchu s následním nanášením nátyru. Nátyry mohou být rozpouštědlové nebo práškové. Rozpouštědlové nátyry sdělí na syntetické a alkidové. Z základních v současné době základní nátyry se provádní převážně dvou složkové, epoksydové na ně. Se na náší druhá přípaně třetí vrstva, což jsou nátyry.
A162: Kardiovize_2109 | B162: 153 | C162: 98 | D162: 0.6405228758169934 | E162: 0.49673202614379086 | F162: 0.7857142857142857 | G162: 0.8234615814564323 | H162: 0.0457516339869281 | I162: 0.058823529411764705 | J162: 7 | K162: 9 | L162: 5 | M162: 0.477124183006536 | N162: 73 | O162: 153 | P162: 18 | Q162: 8.5 | R162: 1.2222222222222223 | S162: 22 | T162: 0 | U162: 0.0 | V162: No, je to pro mě těžké, nevím o čem mám luvit. Hrádo jsem stala s tím ředou na nějaké vyšetření, neznámé mě. No, tak jsem se nasní dala, protože celkem hráda dobřejím. No a šla jsem na autobus. A teď tady sedím a mám o něčem luvit. No, nevím o čem. V sobotu jdu nachalupu za přítelen, tak se už těším. Chodí tam za nám jít čadnej kocourek, moc milej. Já jsou taková máma koček. Když jsem byla jako děcko, tak to jsem měla pořád nějaké kočky. A jednou jsem tam měla teda kočku, která se mnou spávala v posteli. Jezdila jsem tam za týden, když jsem chodila do práce. A ta kočka už na mě čekala. No, takže sobota nedělej to se jen krmila. A pak zase tam vegetovala sama. A tak to bylo. No a co jinak bych řekla. To je tak hrozně těžký, když se mě na nic nikdo neptá.
... A311: Lang-LBD_pilot_P24 | B311: 172 | C311: 116 | D311: 0.6744186046511628 | E311: 0.46511627906976744 | F311: 0.7931034482758621 | G311: 0.8597243561494785 | H311: 0.029069767441860465 | I311: 0.023255813953488372 | J311: 5 | K311: 4 | L311: 5 | M311: 0.5144508670520231 | N311: 89 | O311: 173 | P311: 15 | Q311: 11.466666666666667 | R311: 1.6 | S311: 24 | T311: 1 | U311: 0.5988718751052705 | V311: Tak jsem se zase dneska přebudil jakož vždycky. Všechno mě bolí, šíleně, kolena. Čera jsem vůbec nespál, protože ta bolesť je hrozná. To jsem v obědnané na podzim, že mě to uríznout tu nohu a něco tam dají kus železa. Já to se nepodáří stát. Tandardně se koukám z okna, odtočný železí koukám se z okna, jak lidi chodí na autobus. No je tam zima, poráme je tam zima, tě těžíš žela zima není. Takže co, tak vy dokupevny. Tam si vatu do zubu, protože mám vstět měl kousek zubu asi před půl rokem. A kvůli takové blbostí, protože jsem udělal chybu, zaváhal jsem a nemám standardního zubaře, jenom odborníka, které dělá implantáty. Tak jsem musel jinou ordinaci hledat, tak jsem naše, olesně. Už jsem tam byl 4x na dentání očistě. A potom teda mě ten zub náhradí a vypláznout to asi 4500, jak mám v plány, jak mě to naplánovali. Takže jdu do lů a protože 7 hodin, tak si bude prášky na chvoro, kvůli které tady jsem. A mezi tím...
A312: Lang-LBD_pilot_P25 | W312: NF | X312: NF | Y312: NF | Z312: NF | AA312: NF | AB312: NF | AC312: NF | AD312: NF | AE312: NF | AF312: NF | AG312: NF | AH312: NF | AI312: NF | AJ312: NF | AK312: NF | AL312: NF | AM312: NF | AN312: NF | AO312: NF | AP312: NF | AQ312: NF
A313: Lang-LBD_pilot_P26 | B313: 149 | C313: 110 | D313: 0.738255033557047 | E313: 0.3825503355704698 | F313: 0.8363636363636363 | G313: 0.8788904642411114 | H313: 0.0 | I313: 0.006711409395973154 | J313: 0 | K313: 1 | L313: 2 | M313: 0.5771812080536913 | N313: 86 | O313: 149 | P313: 12 | Q313: 12.416666666666666 | R313: 1.9166666666666667 | S313: 23 | T313: 0 | U313: 0.0 | V313: Jako dlouholetý technik firmy, která se zabývá automatickým splachováním budu hovořit o pisoárech. Mnoho lidi určitě přemišli nad tím, jak ten pisoár pozná, že má splachnout po použití. Něch systémů, které sní mají, to po použití je několik. Nejstarší systém je optický. To znamená, že elektronika vysíla infracervený paprsek, který se odrazi od předmětu, který od člověka. Vrátí se zpátky do příjimací elektroniky, tato vyhodnotí a poté, co ten odraz skončí, to znamená, že člověk odejde, tak splachne. Tento systémá výhody i nevýhody. Výhody jsou, že je relativně spolehlivý. Nevýhoda je v tom, že pokud má někdo hodně tmavý oblek, tak fyzikální zákony platí Bohužel i propisoáry, tak se paprsek špatně odráží a nemusí dojít ke splachnoutí. Říkáme, že to funguje na ředitele, protože ten chodí v černém obleku, tak všem ostatním to splachuje a panu řediteli to nesplachuje. Takže to je jeden systém. Další systém je systém teplotní.
A314: Lang-LBD_pilot_P27 | B314: 190 | C314: 123 | D314: 0.6473684210526316 | E314: 0.5 | F314: 0.7723577235772358 | G314: 0.8320659169766307 | H314: 0.021052631578947368 | I314: 0.0 | J314: 4 | K314: 0 | L314: 4 | M314: 0.5392670157068062 | N314: 103 | O314: 191 | P314: 3 | Q314: 63.333333333333336 | R314: 5.333333333333333 | S314: 16 | T314: 0 | U314: 0.0 | V314: Dnes ráno jsem se probudil o pulpate, vstal jsem, zapnul jsem radiátor, vyčistil si zuby, oblékel se, šel do kukyně, sněl jsem si prášek, začal jsem si vafit snídaní. Mezi tím se probudil pez, tak jsem ho odnesl na zahrátku, aby se vycůral, vrátil jsem se, nasnidal jsem se, potom jsem si uvafil kaffe, oblékel se, podíval na hodiny, měl jsem ještě část, tak jsem se podíval do novín a za 10 min, v 8 jsem vyšel z domů, 08 měl autobus směr menlovo náměstí, přesledel jsem na 25 kuk, tam je zavizla do bouhuníc, šel jsem pěšky do sejtiku, kde mi uvítala přijemná slečná, neopaním ladá, zavědla mě do místností, kde jsme probírali prvně nějaké dotazníky, potom jsem dělal různé úkolí, protože už je skoro poledné, předpokládám, že budeme končit, pojedu domů, ne, urbědvám se, tam mě bude čekat dnučka, všechno všechno zelený 4. chystám, že s ním půjdu na zelené pivo, protože jsme se dlouho neviděli, jistě si dobře povýkládáme, co je nového uní a co je nového u nás, půjdeme se kvělku projít a potom se ještě chystám odpoledné do kostela na večer, protože je zelený 4.
A315: Lang-LBD_pilot_P3 | B315: 229 | C315: 131 | D315: 0.5720524017467249 | E315: 0.5851528384279476 | F315: 0.7251908396946565 | G315: 0.8202386030645262 | H315: 0.013100436681222707 | I315: 0.056768558951965066 | J315: 3 | K315: 13 | L315: 5 | M315: 0.49145299145299143 | N315: 115 | O315: 234 | P315: 7 | Q315: 32.714285714285715 | R315: 5.428571428571429 | S315: 38 | T315: 0 | U315: 0.0 | V315: Tady je leto, takže jsem pořád na záhradě, když to trošku dělá. Bo už jsou teď velké horka, takže musíme jenom větký ráno brzí, třeba odpěti do 9 a potom už do domu, zase si dělán doma věci. Ale mám tam kitky, mám tam ryby, smaliny, ostružiny, mám tam angrešt, ale hlavně tam mám kitky, které hrozně mám ráda. Takže chodím každý dělán tam zalívat, aby to měla tam pěkný, aby to pěkný tam vypadalo, a hlavně nehlavně, aby to bylo jako by celou dobů, jako by krásně to, protože kdyby se to nezalilo, tak to uvadne a nejé to úplně na nic. Takže krásně tohle leto si je krásně leto, samozřejmě pro děti nejvíc, protože je teplo, takže si to účitě užívají. Ale bohužel teda prostarší lidi, jako si já, tak už je to docela náročný, protože ty teplasou strašně veliký, a je to docela, jako by se už špatně dýchá, prostě se toho, takže se člověk musí přispusobit asi tak nějak, než prostě naríkat, nebo prostě dělat věci, které prostě nejdou sami od sebe. Takže já si jen nakoupím jednou za týde nebo za 14 dní a to je všechno, takže doma si všechno udělám sama, můžu jezdit autem pořád, takže je to bezvadný, takže si můžu potřebu dojet sama, ne musím nikogo o to oprosit o to, aby s mě to vezlněkám, takže to je bez.
A316: Lang-LBD_pilot_P5 | B316: 221 | C316: 134 | D316: 0.6063348416289592 | E316: 0.5384615384615384 | F316: 0.7611940298507462 | G316: 0.8350276680277117 | H316: 0.02262443438914027 | I316: 0.03619909502262444 | J316: 5 | K316: 8 | L316: 3 | M316: 0.5203619909502263 | N316: 115 | O316: 221 | P316: 8 | Q316: 27.625 | R316: 4.0 | S316: 32 | T316: 0 | U316: 0.0 | V316: Koncem července mě vzal můj syn, kamil, který bydli v bylovci u Ostraví na dovolenou do nabistřičku. Jelí jsme tam celá rodina, byla to taková velká halupa, bylo nás tam 15, jako od kamarádky, no od přitelkyni, to ani kamarád, přitelkne. Co s njou bydli a s dvoma klukama, tak jsme tam jeli všichni celá rodinka. Bylo to tam velice pěkný, přijeli tam její rodíče, a já jsem tam byla jako a její bratr, jako s tím zesiném a vod tatinka jejího tam byla Cera z Prahy, z manželema s tím, s klukem, a pak další cetáři jako švica, která bydli v postolo prtěch, tak tam byla z manželema taky zesiném, bylo to tam velice moc pěkný. Byly jsme tam tak asi 5 metrů, ani nejde 2 metry od toho, od té bystřičky, od té řeky. Hoďili jsme se každý den ráno koupat a večer zase, takže to bylo tak vypěkný. Vdol vezli jsme si tam plno alkoholu a jídla, protože tam se nevarí a řekli mě děvčat, že já jsou stará pani, takže budou mývat nádopě, že budou věci tak jsme si ho vzdělili prácu. Mezi tím byl tam dole ten pimponkovým, tohle tak tam klucy hráli s dětma, bylo to tam velice pěkný, byli jsme tam týdé na pakní klucy, a vezdle do holomou cahila se dobr na domů.
A317: Lang-LBD_pilot_P6 | B317: 135 | C317: 84 | D317: 0.6222222222222222 | E317: 0.5481481481481482 | F317: 0.7261904761904762 | G317: 0.8036009804720058 | H317: 0.02962962962962963 | I317: 0.014814814814814815 | J317: 4 | K317: 2 | L317: 3 | M317: 0.4740740740740741 | N317: 64 | O317: 135 | P317: 13 | Q317: 10.384615384615385 | R317: 1.2307692307692308 | S317: 16 | T317: 0 | U317: 0.0 | V317: Dnes jsem přijel z Vyškova, kde mě dovezle moje sela, která tam bydlí a s manželem. Jsem se vrátil, dnes v 8 hodin a připroval jsem se na tento pohoval. Přitom jsme si pouštěli na televízi zplávy, kde jsme se dívali s manželkou a s sedou. Potom jsme šli na koupit a vrátili se zpět k nám domů. Bydlím na zářebské zžavinách a jsem spokojení. Myslím, že se tam dohrze bydlí. Je všechno blízko, v chodinu všechno je tak jako rád. Vše vše nevěvujete. A proto jsem rád, že jsem se dostal do toho to sídliště, kde bydlím už s kdá se jdu skoro 40 let. Od během jsem tady zaměstnán i jsem chodil do školi. Všechno se bylo tak zájště. No skrátka se mě tady líbí. Je to hezké, líbí se mě tady moc.
A318: Lang-LBD_pilot_P7 | B318: 136 | C318: 104 | D318: 0.7647058823529411 | E318: 0.375 | F318: 0.8173076923076923 | G318: 0.8969238262374167 | H318: 0.007352941176470588 | I318: 0.0 | J318: 1 | K318: 0 | L318: 4 | M318: 0.5588235294117647 | N318: 76 | O318: 136 | P318: 5 | Q318: 27.2 | R318: 2.6 | S318: 13 | T318: 0 | U318: 0.0 | V318: Dobrý den, ráno jsem vstala, nachystala jsem snídani, nasnídali jsme se, mandžil se šel koupat do bazénu, bylo hezky, tak si pěkně zaplaval a já jsem jela, jsem cesta byla dobra, sice byla trochu kolona a nějakej kamioně, ksi stoup do dvou průhu, takže se nedalo ani v jednom ani v druhým průhu, ho předjet. Je jinak se tady dobře zaparkovalo a teď za chvíli pojedu domů, budu obědvat, oběd mám doma nachystaní od včerejška, protože jsem počítala s tím, že bych ho dneska už neuvářila. Odpovedné, nevím, jestli se půjdem projít, včera jsme byli u kostela Vranov, byla tam pouť marijánska, bylo to tam krásné, v lese jsme se také byli projít, ale nicme nenášli. Lidé nosili z blanenská košíky, hup. Když jsme přijeli domů včera, tak už byl dost pozdě, nachystali jsme si večerši.
A319: Lang-LBD_pilot_P8 | B319: 38 | C319: 30 | D319: 0.7894736842105263 | E319: 0.3684210526315789 | F319: 0.8 | G319: 0.7894736842105263 | H319: 0.0 | I319: 0.0 | J319: 0 | K319: 0 | L319: 0 | M319: 0.42105263157894735 | N319: 16 | O319: 38 | P319: 3 | Q319: 12.666666666666666 | R319: 1.3333333333333333 | S319: 4 | T319: 0 | U319: 0.0 | V319: Vlává cestu je bila se není tím, že jsem byla na Maradheji, tepok se jsem byla na Výmzelandě a na Kuby a na Sri Dance. Mám pánou čas, si nesí hraju hodně. Mám dvě holky, 1-14 roku.
A320: Lang-LBD_pilot_P9 | B320: 60 | C320: 46 | D320: 0.7666666666666667 | E320: 0.38333333333333336 | F320: 0.8043478260869565 | G320: 0.8177371394588162 | H320: 0.0 | I320: 0.016666666666666666 | J320: 0 | K320: 1 | L320: 1 | M320: 0.5666666666666667 | N320: 34 | O320: 60 | P320: 6 | Q320: 10 | R320: 0.5 | S320: 3 | T320: 0 | U320: 0.0 | V320: Vychodila jsem základní školu v dolních kounicích a pokračovala na studiu na střední škole v Ivánčitsích. Po absolvování střední školy v čtyřletého gimnázia jsem se přihlásila ke studiu na medecínu. To jsem absolvovala od roku 1972. Do roku 1976 se narodil kluk 78. V roce 1976 jsem něnarodil syn, který vystudoval tež vysokou školu technického rázu. Nyní pracuje jako ajťák.
A321: PD_HOME_long_PDHOME10 | B321: 156 | C321: 119 | D321: 0.7628205128205128 | E321: 0.36538461538461536 | F321: 0.8319327731092437 | G321: 0.9068831967816597 | H321: 0.00641025641025641 | I321: 0.019230769230769232 | J321: 1 | K321: 3 | L321: 4 | M321: 0.5859872611464968 | N321: 92 | O321: 157 | P321: 8 | Q321: 19.5 | R321: 2.875 | S321: 23 | T321: 0 | U321: 0.0 | V321: Učené neska bylo nahovořit. Obsekto neska máme, mám štěně, už je to roka půl, pejsek a je to taká měční potvora. Co může, tak je hrozně ulísaná, mazliva, poslušnější jak velka, ale co může, tak to zebere, utrne na potřebu pro něj menší výběch. Tak jsem si zjenal menší zahradu z ruba 4,5-4-4-rečních oplocenou u lace, kde je chcud věnčit, protože vlastně vím, že tam odcud mě nutečil a že ten prostor jim bude stačit. Jnáč, momentálně jsem skončil v zaměstnání, dal jsem vypověd s zdravotních důvodů a budu si pomalé hledat jináčí práci, která neběh náročná na nefyzickou práci, ale vlastně námahu. A hlavně kde byl při kolektiv, kde není stupidní menežer, který vlastně nezná výrobu a snaží se korigovat zaměstnance, aby zišlali k tempo, tempo, tempo. I načinu chtěl jsem očiněži hovrít. V autě to je klasika rodina, teď komentálně si ty nezabívám a bych se starám sam o sebe.
A322: PD_HOME_long_PDHOME13 | B322: 176 | C322: 109 | D322: 0.6193181818181818 | E322: 0.5 | F322: 0.8073394495412844 | G322: 0.8056409732150133 | H322: 0.005681818181818182 | I322: 0.017045454545454544 | J322: 1 | K322: 3 | L322: 2 | M322: 0.6079545454545454 | N322: 107 | O322: 176 | P322: 10 | Q322: 17.6 | R322: 2.0 | S322: 20 | T322: 0 | U322: 0.0 | V322: Tak jsem z race králové, mám doma psa, je to kavalier Kim Charles. Je z ním je spolvo na halupu, které mám v ordičských hrách. Mám tam ještě malou halupku, takže práce v okolo hodně, ale už na to nejstačím. Takže se kám trakturčem, mám tam hles, hodím na houpy, si cijenom zachatů z berlema, takže vopčas padnu do lesa, ale je to všechno. Co se, dobrý. A vynag jsem tam chodím v okolo, je malý nejchce se mu tam nikde chodit, takže běh většině zalíze domů do Pelechu. Mám tam mámu, o kterou se snažím starat, tak jak mě to ještě zdraví dovolí. To je taky na tom docela špatně, má zarený zákal, má plicní nedostatečnost, takže tam je většině sama, takže to mám blbý podsít, no ale do hrace k tam nechce jít. Takže se snažím tam jezít co nejvíc, jak to jdeme. No, jinak tam co se týká počasí, tak tam máme většinou zimu, no jsou to hory 1000 m nad mořem, takže vzimně tam je strašně sněhu, letě tam je zase vedro.
A323: PD_HOME_long_PDHOME15 | B323: 168 | C323: 114 | D323: 0.6785714285714286 | E323: 0.47619047619047616 | F323: 0.7719298245614035 | G323: 0.8769232332171318 | H323: 0.03571428571428571 | I323: 0.03571428571428571 | J323: 6 | K323: 6 | L323: 4 | M323: 0.5714285714285714 | N323: 96 | O323: 168 | P323: 10 | Q323: 16.8 | R323: 2.9 | S323: 29 | T323: 0 | U323: 0.0 | V323: Tak říkala, že jsem začala v Kosice na východě slovenska, pak jsem šel studovat do Vánskéj bystryce, pak do Výškova na Maravě a pak jsem vkočil v Tachově. Takže jsem téměž sprošel celým Československém jako podobu myslel aktivní služby. Zkončil jsem ruku 2009, ale dva roky předtím jsem se ořenil z mojvý rázkou, velkou a teď žijeme spolu v Koutovici. Byly jsme tedy veletě nadolene v Damalorce. Počasli bylo takový řekl, bych nevysil nám to. První čín bylo hezký, krásně, ale poslední čín bylo dokonce se nám zažíl slavší orkán. Našel nauče onemocnil, takže se musel hlidat nauče do pokoji, takže poslední čín bylo leháro na pokoji u televize. Ale hlidat byl hezký, líbil se nám tam, to bych ještě mohlo tak zjít, ale tohle tedy mě tedy neslává problémy. Když musím brát leky, a někdy mám tu krizový stav, tak mě je těžko mluví, nebo chodí, tak na to musím brát ohled, a všechno přispůsobovat tomu. A co mě najvíce na tých nemocíštvě je, že nemůžu plávat.
A324: PD_HOME_long_PDHOME22 | B324: 115 | C324: 82 | D324: 0.7130434782608696 | E324: 0.40869565217391307 | F324: 0.8292682926829268 | G324: 0.8394405891064531 | H324: 0.017391304347826087 | I324: 0.0 | J324: 2 | K324: 0 | L324: 3 | M324: 0.5775862068965517 | N324: 67 | O324: 116 | P324: 10 | Q324: 11.5 | R324: 0.9 | S324: 9 | T324: 0 | U324: 0.0 | V324: V roce 1969 jsem dostal polace rozkáz na zakladní vojenckou službu do Kroměříže. Pět hodin zráno měl vlak a v 9 hodin jsem to razel na Kroměříšské nádraží. Ten nás čekal vojencky Anton, který nás rozvezel do jednotivých vojenckých kasaren. Dostal jsem se k tankojom praporu do opravarského střediska. Nejpě jsme v podostodnícké škole plůd roku a pak jsem se dostal do opravarských dílen. Ježdějí jsme opraváli tanky T54. Přížeme celkem dvakrat na veletě. Jedno jsme byli v vysokých tatořách a po druhé jsme byli v Praze. V roky vojiny běhli jak voda a vrátil jsem se opět to pracovního režímu. Pod oletech přišel opět polací rozkaz na vojencké třičení do přáslavic a pak doplzně.
... A415: preDLB_pre-LBD-99#1 | B415: 101 | C415: 76 | D415: 0.7524752475247525 | E415: 0.37623762376237624 | F415: 0.8289473684210527 | G415: 0.8569372803049279 | H415: 0.019801980198019802 | I415: 0.0 | J415: 2 | K415: 0 | L415: 3 | M415: 0.494949494949495 | N415: 49 | O415: 99 | P415: 9 | Q415: 11.222222222222221 | R415: 1.1111111111111112 | S415: 10 | T415: 0 | U415: 0.0 | V415: Měli předatele, nakázíme se v brně, jsou čas zrobili jsou na nějakém vysětriní, které je pro jiné odborníky a vykterim se nikdy nevizlám. Někdy jsem nebyl takto vysětrinovaný, to velice zajímává metoda. A jinak přicházíme k lekkarským vysětriním minimalně. Jedno je vzdravotným zaryzení, takže bych řekl, že jsem vzde, že jsem dopravil mým synem, který je dobrý řidičem. Cítil jsem se bezpečně přijíř, že jeho auto je taktež bezpečné, pekne a více mě líbí. Vypelnívá jeden svého důchodu, tím že jsem tady na tomto zářízení, které je pro mě velice zajímavé. Narodil se se 12.6.46 v přerově, přerově krásném.
